Incident Date,year,month,state,Total Number of Dead and Missing,Cause of Death,average_temp,Migration Route,geometry
2014-01-06,2014.0,1,ARIZONA,1,Mixed or unknown,44.0,US-Mexico border crossing,POINT (-110.366453 31.650259)
2014-01-12,2014.0,1,ARIZONA,1,Mixed or unknown,44.0,US-Mexico border crossing,POINT (-111.73756 31.59713)
2014-01-14,2014.0,1,,1,Mixed or unknown,,US-Mexico border crossing,POINT (-113.01125 31.94026)
2014-01-16,2014.0,1,ARIZONA,1,Violence,44.0,US-Mexico border crossing,POINT (-109.315632 31.506777)
2014-01-17,2014.0,1,ARIZONA,1,Mixed or unknown,44.0,US-Mexico border crossing,POINT (-113.18402 32.45435)
2014-01-22,2014.0,1,ARIZONA,1,Mixed or unknown,44.0,US-Mexico border crossing,POINT (-113.182833 32.478317)
2014-01-24,2014.0,1,ARIZONA,1,Mixed or unknown,44.0,US-Mexico border crossing,POINT (-111.01101 31.81154)
2014-01-24,2014.0,1,ARIZONA,1,Mixed or unknown,44.0,US-Mexico border crossing,POINT (-112.174583 32.174017)
2014-01-25,2014.0,1,ARIZONA,1,Mixed or unknown,44.0,US-Mexico border crossing,POINT (-113.02935 32.40291)
2014-01-28,2014.0,1,ARIZONA,1,Mixed or unknown,44.0,US-Mexico border crossing,POINT (-112.919 32.159)
2014-01-29,2014.0,1,ARIZONA,1,Mixed or unknown,44.0,US-Mexico border crossing,POINT (-111.654933 32.481483)
2014-01-29,2014.0,1,ARIZONA,1,Mixed or unknown,44.0,US-Mexico border crossing,POINT (-111.654933 32.481683)
2014-02-11,2014.0,2,ARIZONA,1,Mixed or unknown,48.2,US-Mexico border crossing,POINT (-111.854867 31.8054)
2014-02-16,2014.0,2,ARIZONA,1,Mixed or unknown,48.2,US-Mexico border crossing,POINT (-111.385833 31.992833)
2014-02-16,2014.0,2,ARIZONA,1,Mixed or unknown,48.2,US-Mexico border crossing,POINT (-112.20211 32.17305)
2014-02-17,2014.0,2,ARIZONA,1,Mixed or unknown,48.2,US-Mexico border crossing,POINT (-112.1726 32.00768)
2014-02-18,2014.0,2,CALIFORNIA,1,Violence,50.0,US-Mexico border crossing,POINT (-116.850999 32.587899)
2014-02-20,2014.0,2,ARIZONA,1,Mixed or unknown,48.2,US-Mexico border crossing,POINT (-111.96383 31.82214)
2014-02-21,2014.0,2,ARIZONA,1,Mixed or unknown,48.2,US-Mexico border crossing,POINT (-112.58407 32.08795)
2014-02-25,2014.0,2,ARIZONA,1,Mixed or unknown,48.2,US-Mexico border crossing,POINT (-112.44956 32.0885)
2014-03-04,2014.0,3,ARIZONA,1,"Harsh environmental conditions / lack of adequate shelter, food, water",52.0,US-Mexico border crossing,POINT (-110.51916 31.759)
2014-03-13,2014.0,3,TEXAS,1,Mixed or unknown,51.6,US-Mexico border crossing,POINT (-97.748199 26.811203)
2014-03-15,2014.0,3,ARIZONA,1,"Harsh environmental conditions / lack of adequate shelter, food, water",52.0,US-Mexico border crossing,POINT (-112.114583 31.789033)
2014-03-15,2014.0,3,ARIZONA,1,Mixed or unknown,52.0,US-Mexico border crossing,POINT (-112.326 32.1386)
2014-03-23,2014.0,3,ARIZONA,1,Mixed or unknown,52.0,US-Mexico border crossing,POINT (-111.183 31.558)
2014-03-26,2014.0,3,ARIZONA,1,Mixed or unknown,52.0,US-Mexico border crossing,POINT (-112.06415 31.94755)
2014-03-26,2014.0,3,ARIZONA,1,Mixed or unknown,52.0,US-Mexico border crossing,POINT (-111.62433 31.85666)
2014-03-30,2014.0,3,ARIZONA,1,Mixed or unknown,52.0,US-Mexico border crossing,POINT (-111.862733 31.688867)
2014-03-30,2014.0,3,ARIZONA,1,Mixed or unknown,52.0,US-Mexico border crossing,POINT (-111.7528 32.3085)
2014-03-30,2014.0,3,ARIZONA,1,Accidental death,52.0,US-Mexico border crossing,POINT (-110.93813 31.33271)
2014-04-02,2014.0,4,ARIZONA,1,Mixed or unknown,56.5,US-Mexico border crossing,POINT (-110.989383 31.354017)
2014-04-10,2014.0,4,ARIZONA,1,Mixed or unknown,56.5,US-Mexico border crossing,POINT (-112.42503 32.03171)
2014-04-10,2014.0,4,ARIZONA,1,Mixed or unknown,56.5,US-Mexico border crossing,POINT (-111.9419 31.836217)
2014-04-14,2014.0,4,ARIZONA,1,Mixed or unknown,56.5,US-Mexico border crossing,POINT (-111.330983 32.12865)
2014-04-14,2014.0,4,ARIZONA,1,Mixed or unknown,56.5,US-Mexico border crossing,POINT (-112.5039 32.178733)
2014-04-14,2014.0,4,ARIZONA,1,Mixed or unknown,56.5,US-Mexico border crossing,POINT (-112.246033 32.09045)
2014-04-18,2014.0,4,ARIZONA,1,Mixed or unknown,56.5,US-Mexico border crossing,POINT (-113.0037 32.1886)
2014-04-23,2014.0,4,ARIZONA,1,Mixed or unknown,56.5,US-Mexico border crossing,POINT (-112.9961 32.1833)
2014-04-27,2014.0,4,ARIZONA,1,Violence,56.5,US-Mexico border crossing,POINT (-110.862595 31.99887)
2014-04-27,2014.0,4,ARIZONA,1,"Harsh environmental conditions / lack of adequate shelter, food, water",56.5,US-Mexico border crossing,POINT (-110.793333 31.467633)
2014-04-30,2014.0,4,ARIZONA,1,Mixed or unknown,56.5,US-Mexico border crossing,POINT (-111.43782 31.59867)
2014-05-01,2014.0,5,ARIZONA,1,Mixed or unknown,63.0,US-Mexico border crossing,POINT (-111.79283 31.58023)
2014-05-06,2014.0,5,ARIZONA,1,Mixed or unknown,63.0,US-Mexico border crossing,POINT (-112.868 32.12555)
2014-05-08,2014.0,5,ARIZONA,1,Mixed or unknown,63.0,US-Mexico border crossing,POINT (-111.97016 31.75233)
2014-05-10,2014.0,5,ARIZONA,1,Violence,63.0,US-Mexico border crossing,POINT (-110.360473 31.692369)
2014-05-13,2014.0,5,ARIZONA,1,Mixed or unknown,63.0,US-Mexico border crossing,POINT (-112.34965 31.95283)
2014-05-21,2014.0,5,ARIZONA,1,Mixed or unknown,63.0,US-Mexico border crossing,POINT (-111.68357 31.61445)
2014-05-22,2014.0,5,ARIZONA,1,Mixed or unknown,63.0,US-Mexico border crossing,POINT (-111.6213 32.46313)
2014-05-27,2014.0,5,ARIZONA,1,Mixed or unknown,63.0,US-Mexico border crossing,POINT (-113.1525 32.0667)
2014-05-28,2014.0,5,ARIZONA,1,Mixed or unknown,63.0,US-Mexico border crossing,POINT (-109.4814 31.34675)
2014-05-30,2014.0,5,ARIZONA,1,Mixed or unknown,63.0,US-Mexico border crossing,POINT (-111.636383 32.437783)
2014-05-30,2014.0,5,ARIZONA,1,Mixed or unknown,63.0,US-Mexico border crossing,POINT (-111.636383 32.437983)
2014-06-01,2014.0,6,ARIZONA,1,Mixed or unknown,72.2,US-Mexico border crossing,POINT (-111.3423 31.62445)
2014-06-03,2014.0,6,ARIZONA,1,"Harsh environmental conditions / lack of adequate shelter, food, water",72.2,US-Mexico border crossing,POINT (-110.96816 31.334397)
2014-06-06,2014.0,6,ARIZONA,1,Mixed or unknown,72.2,US-Mexico border crossing,POINT (-111.670617 32.564183)
2014-06-09,2014.0,6,ARIZONA,1,"Harsh environmental conditions / lack of adequate shelter, food, water",72.2,US-Mexico border crossing,POINT (-112.0059 31.906667)
2014-06-09,2014.0,6,ARIZONA,1,Mixed or unknown,72.2,US-Mexico border crossing,POINT (-112.959966 32.23316)
2014-06-10,2014.0,6,ARIZONA,1,"Harsh environmental conditions / lack of adequate shelter, food, water",72.2,US-Mexico border crossing,POINT (-112.9 32.05)
2014-06-10,2014.0,6,ARIZONA,1,Mixed or unknown,72.2,US-Mexico border crossing,POINT (-112.59816 32.48843)
2014-06-12,2014.0,6,ARIZONA,1,"Harsh environmental conditions / lack of adequate shelter, food, water",72.2,US-Mexico border crossing,POINT (-111.396767 31.778767)
2014-06-12,2014.0,6,ARIZONA,1,Mixed or unknown,72.2,US-Mexico border crossing,POINT (-113.75 32.833333)
2014-06-12,2014.0,6,ARIZONA,1,Mixed or unknown,72.2,US-Mexico border crossing,POINT (-111.875669 31.914994)
2014-06-12,2014.0,6,ARIZONA,1,Mixed or unknown,72.2,US-Mexico border crossing,POINT (-111.86507 31.84452)
2014-06-13,2014.0,6,ARIZONA,1,Mixed or unknown,72.2,US-Mexico border crossing,POINT (-112.58124 32.14323)
2014-06-14,2014.0,6,ARIZONA,1,"Harsh environmental conditions / lack of adequate shelter, food, water",72.2,US-Mexico border crossing,POINT (-111.86321 31.78543)
2014-06-14,2014.0,6,ARIZONA,1,Mixed or unknown,72.2,US-Mexico border crossing,POINT (-111.40091 31.49908)
2014-06-16,2014.0,6,TEXAS,1,Mixed or unknown,76.3,US-Mexico border crossing,POINT (-98.161338 27.153103)
2014-06-18,2014.0,6,ARIZONA,1,"Harsh environmental conditions / lack of adequate shelter, food, water",72.2,US-Mexico border crossing,POINT (-111.71384 32.16403)
2014-06-19,2014.0,6,ARIZONA,1,Mixed or unknown,72.2,US-Mexico border crossing,POINT (-111.20567 32.17175)
2014-06-19,2014.0,6,ARIZONA,1,Mixed or unknown,72.2,US-Mexico border crossing,POINT (-111.64305 32.4275)
2014-06-25,2014.0,6,ARIZONA,1,Mixed or unknown,72.2,US-Mexico border crossing,POINT (-112.21016 32.49936)
2014-06-28,2014.0,6,ARIZONA,1,Mixed or unknown,72.2,US-Mexico border crossing,POINT (-111.00497 31.39289)
2014-07-01,2014.0,7,ARIZONA,1,Mixed or unknown,79.6,US-Mexico border crossing,POINT (-111.84799 31.6739)
2014-07-02,2014.0,7,ARIZONA,1,"Harsh environmental conditions / lack of adequate shelter, food, water",79.6,US-Mexico border crossing,POINT (-111.78697 31.629327)
2014-07-02,2014.0,7,ARIZONA,1,Mixed or unknown,79.6,US-Mexico border crossing,POINT (-112.12716 32.375917)
2014-07-05,2014.0,7,ARIZONA,1,Mixed or unknown,79.6,US-Mexico border crossing,POINT (-112.737717 32.081967)
2014-07-07,2014.0,7,ARIZONA,1,Mixed or unknown,79.6,US-Mexico border crossing,POINT (-111.863817 32.316)
2014-07-10,2014.0,7,TEXAS,1,Mixed or unknown,81.1,US-Mexico border crossing,POINT (-97.709747 26.926356)
2014-07-12,2014.0,7,TEXAS,1,Mixed or unknown,81.1,US-Mexico border crossing,POINT (-98.186279 26.998573)
2014-07-13,2014.0,7,ARIZONA,1,Mixed or unknown,79.6,US-Mexico border crossing,POINT (-111.69537 31.62332)
2014-07-14,2014.0,7,TEXAS,1,Mixed or unknown,81.1,US-Mexico border crossing,POINT (-98.187652 26.990008)
2014-07-17,2014.0,7,ARIZONA,1,Mixed or unknown,79.6,US-Mexico border crossing,POINT (-113.00065 32.03617)
2014-07-18,2014.0,7,TEXAS,1,Mixed or unknown,81.1,US-Mexico border crossing,POINT (-98.033844 26.955738)
2014-07-24,2014.0,7,ARIZONA,1,Mixed or unknown,79.6,US-Mexico border crossing,POINT (-111.6385 31.651)
2014-07-26,2014.0,7,ARIZONA,1,"Harsh environmental conditions / lack of adequate shelter, food, water",79.6,US-Mexico border crossing,POINT (-113.14252 32.37387)
2014-07-27,2014.0,7,ARIZONA,1,Mixed or unknown,79.6,US-Mexico border crossing,POINT (-111.533472 32.532056)
2014-07-30,2014.0,7,ARIZONA,1,Accidental death,79.6,US-Mexico border crossing,POINT (-110.697817 31.6488)
2014-07-30,2014.0,7,ARIZONA,1,Mixed or unknown,79.6,US-Mexico border crossing,POINT (-112.05419 32.83222)
2014-07-31,2014.0,7,ARIZONA,1,Mixed or unknown,79.6,US-Mexico border crossing,POINT (-112.871417 31.949573)
2014-08-01,2014.0,8,ARIZONA,1,"Harsh environmental conditions / lack of adequate shelter, food, water",78.9,US-Mexico border crossing,POINT (-111.4741 32.26839)
2014-08-04,2014.0,8,ARIZONA,1,Mixed or unknown,78.9,US-Mexico border crossing,POINT (-111.56971 32.04927)
2014-08-05,2014.0,8,ARIZONA,1,Mixed or unknown,78.9,US-Mexico border crossing,POINT (-111.526 32.54141)
2014-08-05,2014.0,8,ARIZONA,1,Mixed or unknown,78.9,US-Mexico border crossing,POINT (-113.05333 32.197083)
2014-08-05,2014.0,8,ARIZONA,1,Mixed or unknown,78.9,US-Mexico border crossing,POINT (-111.997183 31.685017)
2014-08-18,2014.0,8,ARIZONA,1,Mixed or unknown,78.9,US-Mexico border crossing,POINT (-111.78028 31.63525)
2014-08-21,2014.0,8,ARIZONA,1,"Harsh environmental conditions / lack of adequate shelter, food, water",78.9,US-Mexico border crossing,POINT (-111.461233 31.489567)
2014-08-22,2014.0,8,ARIZONA,1,Mixed or unknown,78.9,US-Mexico border crossing,POINT (-112.12708 32.03905)
2014-08-25,2014.0,8,ARIZONA,1,Mixed or unknown,78.9,US-Mexico border crossing,POINT (-111.47552 32.299867)
2014-08-27,2014.0,8,TEXAS,44,Mixed or unknown,82.1,US-Mexico border crossing,POINT (-98.233616 27.033656)
2014-09-03,2014.0,9,ARIZONA,1,Mixed or unknown,75.4,US-Mexico border crossing,POINT (-112.07349 31.93067)
2014-09-06,2014.0,9,ARIZONA,1,Mixed or unknown,75.4,US-Mexico border crossing,POINT (-109.549239 31.33915)
2014-09-07,2014.0,9,ARIZONA,1,Mixed or unknown,75.4,US-Mexico border crossing,POINT (-113.02776 32.00936)
2014-09-10,2014.0,9,ARIZONA,1,Mixed or unknown,75.4,US-Mexico border crossing,POINT (-113.163509 32.35267)
2014-09-10,2014.0,9,TEXAS,1,Drowning,79.5,US-Mexico border crossing,POINT (-98.379882 26.185052)
2014-09-11,2014.0,9,ARIZONA,1,"Harsh environmental conditions / lack of adequate shelter, food, water",75.4,US-Mexico border crossing,POINT (-112.33998 32.6185)
2014-09-12,2014.0,9,ARIZONA,1,Mixed or unknown,75.4,US-Mexico border crossing,POINT (-112.051033 31.76753)
2014-09-23,2014.0,9,ARIZONA,1,Mixed or unknown,75.4,US-Mexico border crossing,POINT (-111.68045 31.75811)
2014-09-25,2014.0,9,ARIZONA,1,Mixed or unknown,75.4,US-Mexico border crossing,POINT (-112.02004 32.15356)
2014-09-25,2014.0,9,ARIZONA,1,Mixed or unknown,75.4,US-Mexico border crossing,POINT (-113.1603 32.1823)
2014-09-26,2014.0,9,ARIZONA,1,Mixed or unknown,75.4,US-Mexico border crossing,POINT (-111.9822 31.763)
2014-01-02,2014.0,1,ARIZONA,1,Mixed or unknown,44.0,US-Mexico border crossing,POINT (-112.24025 32.920733)
2014-02-26,2014.0,2,ARIZONA,1,"Harsh environmental conditions / lack of adequate shelter, food, water",48.2,US-Mexico border crossing,POINT (-112.590033 32.54435)
2014-03-27,2014.0,3,ARIZONA,1,Violence,52.0,US-Mexico border crossing,POINT (-111.7932 33.406483)
2014-04-12,2014.0,4,ARIZONA,1,Mixed or unknown,56.5,US-Mexico border crossing,POINT (-112.529133 32.867583)
2014-04-15,2014.0,4,ARIZONA,1,Violence,56.5,US-Mexico border crossing,POINT (-112.20325 33.328533)
2014-05-03,2014.0,5,ARIZONA,1,Mixed or unknown,63.0,US-Mexico border crossing,POINT (-112.493383 32.767733)
2014-06-17,2014.0,6,ARIZONA,1,Mixed or unknown,72.2,US-Mexico border crossing,POINT (-113.05275 32.889083)
2014-06-17,2014.0,6,ARIZONA,1,Mixed or unknown,72.2,US-Mexico border crossing,POINT (-112.5716 32.785367)
2014-07-06,2014.0,7,ARIZONA,1,Mixed or unknown,79.6,US-Mexico border crossing,POINT (-113.022283 32.773417)
2014-09-09,2014.0,9,ARIZONA,1,Mixed or unknown,75.4,US-Mexico border crossing,POINT (-112.603117 32.799933)
2014-10-01,2014.0,10,ARIZONA,1,Mixed or unknown,69.6,US-Mexico border crossing,POINT (-112.70088 32.11158)
2014-10-03,2014.0,10,ARIZONA,1,Mixed or unknown,69.6,US-Mexico border crossing,POINT (-113.100567 33.286833)
2014-10-09,2014.0,10,ARIZONA,1,Mixed or unknown,69.6,US-Mexico border crossing,POINT (-109.9977 31.363417)
2014-10-12,2014.0,10,ARIZONA,1,Mixed or unknown,69.6,US-Mexico border crossing,POINT (-111.4236 31.7237)
2014-10-15,2014.0,10,ARIZONA,1,Mixed or unknown,69.6,US-Mexico border crossing,POINT (-111.630167 32.443117)
2014-10-15,2014.0,10,ARIZONA,1,Mixed or unknown,69.6,US-Mexico border crossing,POINT (-112.184983 32.7641)
2014-10-19,2014.0,10,ARIZONA,1,Mixed or unknown,69.6,US-Mexico border crossing,POINT (-112.5388 32.854167)
2014-10-21,2014.0,10,ARIZONA,1,Mixed or unknown,69.6,US-Mexico border crossing,POINT (-111.37118 32.21341)
2014-10-24,2014.0,10,ARIZONA,1,Violence,69.6,US-Mexico border crossing,POINT (-111.140983 32.100767)
2014-10-28,2014.0,10,ARIZONA,1,Mixed or unknown,69.6,US-Mexico border crossing,POINT (-113.03201 32.49773)
2014-10-29,2014.0,10,ARIZONA,1,Mixed or unknown,69.6,US-Mexico border crossing,POINT (-112.7889 31.890617)
2014-10-29,2014.0,10,ARIZONA,1,Mixed or unknown,69.6,US-Mexico border crossing,POINT (-112.736483 32.652667)
2014-10-30,2014.0,10,ARIZONA,1,Mixed or unknown,69.6,US-Mexico border crossing,POINT (-111.63283 31.75902)
2014-11-06,2014.0,11,,1,Mixed or unknown,,US-Mexico border crossing,POINT (-112.937883 31.916783)
2014-11-10,2014.0,11,ARIZONA,1,Mixed or unknown,58.3,US-Mexico border crossing,POINT (-111.02039 31.76492)
2014-11-12,2014.0,11,ARIZONA,1,Mixed or unknown,58.3,US-Mexico border crossing,POINT (-111.76598 31.75662)
2014-11-16,2014.0,11,ARIZONA,1,Mixed or unknown,58.3,US-Mexico border crossing,POINT (-110.973083 31.530333)
2014-11-26,2014.0,11,ARIZONA,1,"Harsh environmental conditions / lack of adequate shelter, food, water",58.3,US-Mexico border crossing,POINT (-109.379947 32.303726)
2014-11-27,2014.0,11,ARIZONA,1,Mixed or unknown,58.3,US-Mexico border crossing,POINT (-111.095583 31.585083)
2014-11-27,2014.0,11,ARIZONA,1,Mixed or unknown,58.3,US-Mexico border crossing,POINT (-113.111221 32.223531)
2014-11-27,2014.0,11,ARIZONA,1,Mixed or unknown,58.3,US-Mexico border crossing,POINT (-111.834361 31.672801)
2014-12-03,2014.0,12,ARIZONA,1,Mixed or unknown,48.0,US-Mexico border crossing,POINT (-112.750001 31.983401)
2014-12-06,2014.0,12,ARIZONA,1,Mixed or unknown,48.0,US-Mexico border crossing,POINT (-112.20065 31.789117)
2014-12-09,2014.0,12,ARIZONA,1,Mixed or unknown,48.0,US-Mexico border crossing,POINT (-112.67935 32.436583)
2014-12-13,2014.0,12,ARIZONA,1,Mixed or unknown,48.0,US-Mexico border crossing,POINT (-113.040883 32.046333)
2014-12-28,2014.0,12,ARIZONA,1,Mixed or unknown,48.0,US-Mexico border crossing,POINT (-112.6999 32.0405)
2014-12-28,2014.0,12,ARIZONA,1,Mixed or unknown,48.0,US-Mexico border crossing,POINT (-111.84954 31.62241)
2014-12-31,2014.0,12,ARIZONA,1,Mixed or unknown,48.0,US-Mexico border crossing,POINT (-112.590416 32.22804)
2014-01-02,2014.0,1,TEXAS,1,"Harsh environmental conditions / lack of adequate shelter, food, water",44.6,US-Mexico border crossing,POINT (-98.2662 26.8342)
2014-01-04,2014.0,1,TEXAS,1,Mixed or unknown,44.6,US-Mexico border crossing,POINT (-98.1868 27.2169)
2014-01-06,2014.0,1,ARIZONA,1,Mixed or unknown,44.0,US-Mexico border crossing,POINT (-111.641 31.6595)
2014-01-08,2014.0,1,TEXAS,1,"Harsh environmental conditions / lack of adequate shelter, food, water",44.6,US-Mexico border crossing,POINT (-97.4485 25.875)
2014-01-09,2014.0,1,TEXAS,1,Mixed or unknown,44.6,US-Mexico border crossing,POINT (-98.9322 27.8525)
2014-01-12,2014.0,1,ARIZONA,1,Mixed or unknown,44.0,US-Mexico border crossing,POINT (-111.7345 31.5966)
2014-01-21,2014.0,1,TEXAS,1,Mixed or unknown,44.6,US-Mexico border crossing,POINT (-98.2945 27.0395)
2014-01-24,2014.0,1,ARIZONA,1,Mixed or unknown,44.0,US-Mexico border crossing,POINT (-112.1746 32.174)
2014-01-24,2014.0,1,ARIZONA,1,Mixed or unknown,44.0,US-Mexico border crossing,POINT (-113.0294 32.4029)
2014-01-29,2014.0,1,TEXAS,1,"Harsh environmental conditions / lack of adequate shelter, food, water",44.6,US-Mexico border crossing,POINT (-98.3095 27.2444)
2014-01-29,2014.0,1,TEXAS,1,Mixed or unknown,44.6,US-Mexico border crossing,POINT (-98.3493 27.246)
2014-01-29,2014.0,1,TEXAS,1,Mixed or unknown,44.6,US-Mexico border crossing,POINT (-98.1143 27.0776)
2014-01-29,2014.0,1,ARIZONA,1,Mixed or unknown,44.0,US-Mexico border crossing,POINT (-111.6416 32.4653)
2014-02-01,2014.0,2,TEXAS,1,Mixed or unknown,46.4,US-Mexico border crossing,POINT (-104.1565 30.1836)
2014-02-02,2014.0,2,TEXAS,1,Drowning,46.4,US-Mexico border crossing,POINT (-98.4387 26.2144)
2014-02-02,2014.0,2,TEXAS,1,"Harsh environmental conditions / lack of adequate shelter, food, water",46.4,US-Mexico border crossing,POINT (-98.3777 26.9325)
2014-02-03,2014.0,2,TEXAS,1,Drowning,46.4,US-Mexico border crossing,POINT (-98.2349 26.9551)
2014-02-04,2014.0,2,TEXAS,1,Mixed or unknown,46.4,US-Mexico border crossing,POINT (-98.0257 27.0438)
2014-02-07,2014.0,2,TEXAS,1,"Harsh environmental conditions / lack of adequate shelter, food, water",46.4,US-Mexico border crossing,POINT (-97.5147 27.741)
2014-02-07,2014.0,2,TEXAS,1,"Harsh environmental conditions / lack of adequate shelter, food, water",46.4,US-Mexico border crossing,POINT (-98.4616 27.2326)
2014-02-08,2014.0,2,TEXAS,1,Drowning,46.4,US-Mexico border crossing,POINT (-100.5896 28.884)
2014-02-10,2014.0,2,TEXAS,1,Drowning,46.4,US-Mexico border crossing,POINT (-98.2482 26.0889)
2014-02-12,2014.0,2,TEXAS,1,Drowning,46.4,US-Mexico border crossing,POINT (-98.2435 26.0872)
2014-02-15,2014.0,2,TEXAS,1,Drowning,46.4,US-Mexico border crossing,POINT (-99.5025 27.3333)
2014-02-16,2014.0,2,CALIFORNIA,1,"Harsh environmental conditions / lack of adequate shelter, food, water",50.0,US-Mexico border crossing,POINT (-116.0343 32.7009)
2014-02-18,2014.0,2,TEXAS,1,Drowning,46.4,US-Mexico border crossing,POINT (-99.4972 27.3725)
2014-02-18,2014.0,2,TEXAS,1,"Harsh environmental conditions / lack of adequate shelter, food, water",46.4,US-Mexico border crossing,POINT (-98.4202 26.9918)
2014-02-19,2014.0,2,TEXAS,1,Mixed or unknown,46.4,US-Mexico border crossing,POINT (-98.175 27.1709)
2014-02-21,2014.0,2,TEXAS,1,"Harsh environmental conditions / lack of adequate shelter, food, water",46.4,US-Mexico border crossing,POINT (-105.0529 30.7629)
2014-02-21,2014.0,2,TEXAS,1,"Harsh environmental conditions / lack of adequate shelter, food, water",46.4,US-Mexico border crossing,POINT (-105.0529 30.7629)
2014-02-22,2014.0,2,ARIZONA,1,Mixed or unknown,48.2,US-Mexico border crossing,POINT (-112.2021 32.1731)
2014-02-23,2014.0,2,TEXAS,1,Mixed or unknown,46.4,US-Mexico border crossing,POINT (-97.9588 27.1907)
2014-02-24,2014.0,2,ARIZONA,1,Mixed or unknown,48.2,US-Mexico border crossing,POINT (-112.7493 32.1475)
2014-02-25,2014.0,2,,1,Drowning,,US-Mexico border crossing,POINT (-98.2467 26.0724)
2014-02-28,2014.0,2,TEXAS,1,Drowning,46.4,US-Mexico border crossing,POINT (-99.4788 27.4818)
2014-03-05,2014.0,3,ARIZONA,1,Mixed or unknown,52.0,US-Mexico border crossing,POINT (-112.1146 31.789)
2014-03-06,2014.0,3,,1,Mixed or unknown,,US-Mexico border crossing,POINT (-98.3057 26.1037)
2014-03-07,2014.0,3,TEXAS,1,"Harsh environmental conditions / lack of adequate shelter, food, water",51.6,US-Mexico border crossing,POINT (-98.6292 27.2597)
2014-03-07,2014.0,3,ARIZONA,1,Mixed or unknown,52.0,US-Mexico border crossing,POINT (-112.3261 32.1386)
2014-03-12,2014.0,3,TEXAS,1,"Harsh environmental conditions / lack of adequate shelter, food, water",51.6,US-Mexico border crossing,POINT (-98.4532 27.1511)
2014-03-20,2014.0,3,TEXAS,1,Mixed or unknown,51.6,US-Mexico border crossing,POINT (-98.4517 27.1139)
2014-03-20,2014.0,3,ARIZONA,1,"Harsh environmental conditions / lack of adequate shelter, food, water",52.0,US-Mexico border crossing,POINT (-113.3852 32.3156)
2014-03-22,2014.0,3,TEXAS,1,Drowning,51.6,US-Mexico border crossing,POINT (-97.486 25.8824)
2014-03-25,2014.0,3,TEXAS,1,Vehicle accident / death linked to hazardous transport,51.6,US-Mexico border crossing,POINT (-98.1472 27.1832)
2014-03-25,2014.0,3,TEXAS,1,Vehicle accident / death linked to hazardous transport,51.6,US-Mexico border crossing,POINT (-98.1472 27.1832)
2014-03-28,2014.0,3,TEXAS,1,Vehicle accident / death linked to hazardous transport,51.6,US-Mexico border crossing,POINT (-99.3559 28.0342)
2014-03-29,2014.0,3,CALIFORNIA,1,Mixed or unknown,51.6,US-Mexico border crossing,POINT (-117.0593 32.5407)
2014-04-01,2014.0,4,TEXAS,1,"Harsh environmental conditions / lack of adequate shelter, food, water",60.1,US-Mexico border crossing,POINT (-98.2269 27.0681)
2014-04-01,2014.0,4,TEXAS,1,Mixed or unknown,60.1,US-Mexico border crossing,POINT (-98.0921 27.2086)
2014-04-05,2014.0,4,TEXAS,1,"Harsh environmental conditions / lack of adequate shelter, food, water",60.1,US-Mexico border crossing,POINT (-98.4291 27.2231)
2014-04-07,2014.0,4,TEXAS,1,"Harsh environmental conditions / lack of adequate shelter, food, water",60.1,US-Mexico border crossing,POINT (-97.8543 27.2469)
2014-04-09,2014.0,4,ARIZONA,1,Mixed or unknown,56.5,US-Mexico border crossing,POINT (-111.9419 31.8362)
2014-04-09,2014.0,4,TEXAS,1,Vehicle accident / death linked to hazardous transport,60.1,US-Mexico border crossing,POINT (-98.2731 27.3366)
2014-04-09,2014.0,4,TEXAS,1,Vehicle accident / death linked to hazardous transport,60.1,US-Mexico border crossing,POINT (-98.2731 27.3366)
2014-04-09,2014.0,4,ARIZONA,1,Mixed or unknown,56.5,US-Mexico border crossing,POINT (-112.425 32.0317)
2014-04-14,2014.0,4,ARIZONA,1,Mixed or unknown,56.5,US-Mexico border crossing,POINT (-112.2461 32.0981)
2014-04-16,2014.0,4,TEXAS,1,"Harsh environmental conditions / lack of adequate shelter, food, water",60.1,US-Mexico border crossing,POINT (-99.7013 28.2909)
2014-04-16,2014.0,4,,1,Drowning,,US-Mexico border crossing,POINT (-100.5078 28.7121)
2014-04-17,2014.0,4,ARIZONA,1,Mixed or unknown,56.5,US-Mexico border crossing,POINT (-112.1679 31.741)
2014-04-18,2014.0,4,ARIZONA,1,Mixed or unknown,56.5,US-Mexico border crossing,POINT (-113.0037 32.1886)
2014-04-26,2014.0,4,ARIZONA,1,Mixed or unknown,56.5,US-Mexico border crossing,POINT (-111.7928 31.5802)
2014-04-27,2014.0,4,TEXAS,1,Mixed or unknown,60.1,US-Mexico border crossing,POINT (-98.1618 27.1816)
2014-04-28,2014.0,4,TEXAS,1,"Harsh environmental conditions / lack of adequate shelter, food, water",60.1,US-Mexico border crossing,POINT (-99.0548 26.4254)
2014-04-29,2014.0,4,TEXAS,1,Drowning,60.1,US-Mexico border crossing,POINT (-100.5065 28.7378)
2014-05-01,2014.0,5,TEXAS,1,Drowning,68.7,US-Mexico border crossing,POINT (-98.4202 26.1875)
2014-05-02,2014.0,5,,1,Drowning,,US-Mexico border crossing,POINT (-99.4949 27.2748)
2014-05-07,2014.0,5,TEXAS,1,Mixed or unknown,68.7,US-Mexico border crossing,POINT (-100.3152 28.6952)
2014-05-07,2014.0,5,ARIZONA,1,Mixed or unknown,63.0,US-Mexico border crossing,POINT (-111.9702 31.7523)
2014-05-09,2014.0,5,TEXAS,1,"Harsh environmental conditions / lack of adequate shelter, food, water",68.7,US-Mexico border crossing,POINT (-100.0296 28.1438)
2014-05-11,2014.0,5,TEXAS,1,Mixed or unknown,68.7,US-Mexico border crossing,POINT (-101.9344 29.8676)
2014-05-11,2014.0,5,ARIZONA,1,Mixed or unknown,63.0,US-Mexico border crossing,POINT (-112.413 32.8606)
2014-05-12,2014.0,5,TEXAS,1,Mixed or unknown,68.7,US-Mexico border crossing,POINT (-97.7735 27.0021)
2014-05-12,2014.0,5,TEXAS,1,"Harsh environmental conditions / lack of adequate shelter, food, water",68.7,US-Mexico border crossing,POINT (-98.0087 27.1661)
2014-05-12,2014.0,5,TEXAS,1,Mixed or unknown,68.7,US-Mexico border crossing,POINT (-98.0018 27.1534)
2014-05-12,2014.0,5,TEXAS,1,Mixed or unknown,68.7,US-Mexico border crossing,POINT (-97.9301 27.0984)
2014-05-14,2014.0,5,ARIZONA,1,Mixed or unknown,63.0,US-Mexico border crossing,POINT (-111.6836 31.6145)
2014-05-15,2014.0,5,TEXAS,1,Drowning,68.7,US-Mexico border crossing,POINT (-97.4691 25.883)
2014-05-22,2014.0,5,TEXAS,1,Drowning,68.7,US-Mexico border crossing,POINT (-98.3144 26.13)
2014-05-22,2014.0,5,TEXAS,1,Drowning,68.7,US-Mexico border crossing,POINT (-98.3143 26.1379)
2014-05-28,2014.0,5,TEXAS,1,"Harsh environmental conditions / lack of adequate shelter, food, water",68.7,US-Mexico border crossing,POINT (-98.1582 27.108)
2014-05-28,2014.0,5,ARIZONA,1,Mixed or unknown,63.0,US-Mexico border crossing,POINT (-109.4815 31.3418)
2014-05-28,2014.0,5,TEXAS,1,Mixed or unknown,68.7,US-Mexico border crossing,POINT (-98.2261 27.09683)
2014-05-30,2014.0,5,TEXAS,1,"Harsh environmental conditions / lack of adequate shelter, food, water",68.7,US-Mexico border crossing,POINT (-99.0689 27.7967)
2014-05-31,2014.0,5,TEXAS,1,"Harsh environmental conditions / lack of adequate shelter, food, water",68.7,US-Mexico border crossing,POINT (-98.5383 26.256)
2014-06-01,2014.0,6,TEXAS,1,"Harsh environmental conditions / lack of adequate shelter, food, water",76.3,US-Mexico border crossing,POINT (-98.2502 27.0476)
2014-06-02,2014.0,6,TEXAS,1,"Harsh environmental conditions / lack of adequate shelter, food, water",76.3,US-Mexico border crossing,POINT (-98.266 26.9979)
2014-06-03,2014.0,6,TEXAS,1,Drowning,76.3,US-Mexico border crossing,POINT (-106.4683 31.7592)
2014-06-05,2014.0,6,,1,Drowning,,US-Mexico border crossing,POINT (-100.2127 28.1993)
2014-06-05,2014.0,6,TEXAS,1,Drowning,76.3,US-Mexico border crossing,POINT (-98.2179 27.156)
2014-06-06,2014.0,6,TEXAS,1,Mixed or unknown,76.3,US-Mexico border crossing,POINT (-98.2506 27.2544)
2014-06-07,2014.0,6,,1,Drowning,,US-Mexico border crossing,POINT (-99.5102 27.4989)
2014-06-09,2014.0,6,TEXAS,1,Drowning,76.3,US-Mexico border crossing,POINT (-98.2708 26.1063)
2014-06-10,2014.0,6,TEXAS,1,Vehicle accident / death linked to hazardous transport,76.3,US-Mexico border crossing,POINT (-98.74056 27.2235)
2014-06-11,2014.0,6,TEXAS,1,Vehicle accident / death linked to hazardous transport,76.3,US-Mexico border crossing,POINT (-98.74056 27.22355)
2014-06-11,2014.0,6,TEXAS,1,Vehicle accident / death linked to hazardous transport,76.3,US-Mexico border crossing,POINT (-98.74056 27.22355)
2014-06-11,2014.0,6,TEXAS,1,"Harsh environmental conditions / lack of adequate shelter, food, water",76.3,US-Mexico border crossing,POINT (-99.42162 27.2696)
2014-06-12,2014.0,6,TEXAS,1,"Harsh environmental conditions / lack of adequate shelter, food, water",76.3,US-Mexico border crossing,POINT (-99.48567 27.35831)
2014-06-13,2014.0,6,ARIZONA,1,Mixed or unknown,72.2,US-Mexico border crossing,POINT (-111.40092 31.49908)
2014-06-13,2014.0,6,ARIZONA,1,Mixed or unknown,72.2,US-Mexico border crossing,POINT (-111.86321 31.78543)
2014-06-14,2014.0,6,TEXAS,1,"Harsh environmental conditions / lack of adequate shelter, food, water",76.3,US-Mexico border crossing,POINT (-98.52659 27.22791)
2014-06-15,2014.0,6,TEXAS,1,"Harsh environmental conditions / lack of adequate shelter, food, water",76.3,US-Mexico border crossing,POINT (-98.5102 26.2413)
2014-06-15,2014.0,6,TEXAS,1,Mixed or unknown,76.3,US-Mexico border crossing,POINT (-98.3643 26.1709)
2014-06-16,2014.0,6,TEXAS,1,"Harsh environmental conditions / lack of adequate shelter, food, water",76.3,US-Mexico border crossing,POINT (-100.11336 28.22289)
2014-06-18,2014.0,6,CALIFORNIA,1,Mixed or unknown,68.2,US-Mexico border crossing,POINT (-115.22886 32.81076)
2014-06-20,2014.0,6,TEXAS,1,"Harsh environmental conditions / lack of adequate shelter, food, water",76.3,US-Mexico border crossing,POINT (-98.19378 27.23429)
2014-06-21,2014.0,6,TEXAS,1,Mixed or unknown,76.3,US-Mexico border crossing,POINT (-98.14811 27.05702)
2014-06-23,2014.0,6,TEXAS,1,Drowning,76.3,US-Mexico border crossing,POINT (-100.45748 28.64155)
2014-06-26,2014.0,6,TEXAS,1,"Harsh environmental conditions / lack of adequate shelter, food, water",76.3,US-Mexico border crossing,POINT (-97.9366 27.17071)
2014-06-26,2014.0,6,TEXAS,1,"Harsh environmental conditions / lack of adequate shelter, food, water",76.3,US-Mexico border crossing,POINT (-98.25061 27.13508)
2014-06-26,2014.0,6,TEXAS,1,"Harsh environmental conditions / lack of adequate shelter, food, water",76.3,US-Mexico border crossing,POINT (-98.28249 27.26265)
2014-06-27,2014.0,6,TEXAS,1,"Harsh environmental conditions / lack of adequate shelter, food, water",76.3,US-Mexico border crossing,POINT (-98.0901 27.11685)
2014-06-27,2014.0,6,TEXAS,1,Mixed or unknown,76.3,US-Mexico border crossing,POINT (-98.29516 26.13951)
2014-06-29,2014.0,6,,1,Drowning,,US-Mexico border crossing,POINT (-99.49128 27.4245)
2014-07-01,2014.0,7,,1,Drowning,,US-Mexico border crossing,POINT (-99.63416 27.62833)
2014-07-08,2014.0,7,TEXAS,1,"Harsh environmental conditions / lack of adequate shelter, food, water",81.1,US-Mexico border crossing,POINT (-97.95607 27.20791)
2014-07-09,2014.0,7,,1,Drowning,,US-Mexico border crossing,POINT (-99.4962 27.4388)
2014-07-09,2014.0,7,TEXAS,1,"Harsh environmental conditions / lack of adequate shelter, food, water",81.1,US-Mexico border crossing,POINT (-98.97779 27.58595)
2014-07-10,2014.0,7,TEXAS,1,Mixed or unknown,81.1,US-Mexico border crossing,POINT (-98.13643 27.05206)
2014-07-12,2014.0,7,TEXAS,1,"Harsh environmental conditions / lack of adequate shelter, food, water",81.1,US-Mexico border crossing,POINT (-98.2533 27.14121)
2014-07-14,2014.0,7,TEXAS,1,Drowning,81.1,US-Mexico border crossing,POINT (-98.24899 26.09009)
2014-07-14,2014.0,7,TEXAS,1,Mixed or unknown,81.1,US-Mexico border crossing,POINT (-98.2277 27.1605)
2014-07-15,2014.0,7,TEXAS,1,"Harsh environmental conditions / lack of adequate shelter, food, water",81.1,US-Mexico border crossing,POINT (-99.02654 27.41337)
2014-07-17,2014.0,7,TEXAS,1,"Harsh environmental conditions / lack of adequate shelter, food, water",81.1,US-Mexico border crossing,POINT (-99.43142 27.98824)
2014-07-17,2014.0,7,,1,"Harsh environmental conditions / lack of adequate shelter, food, water",,US-Mexico border crossing,POINT (-99.01574 26.40689)
2014-07-18,2014.0,7,TEXAS,1,"Harsh environmental conditions / lack of adequate shelter, food, water",81.1,US-Mexico border crossing,POINT (-98.1478 27.10411)
2014-07-18,2014.0,7,TEXAS,1,Mixed or unknown,81.1,US-Mexico border crossing,POINT (-98.25978 27.1018)
2014-07-21,2014.0,7,TEXAS,1,Mixed or unknown,81.1,US-Mexico border crossing,POINT (-97.44824 25.87229)
2014-07-22,2014.0,7,TEXAS,1,"Harsh environmental conditions / lack of adequate shelter, food, water",81.1,US-Mexico border crossing,POINT (-99.01109 27.17939)
2014-07-23,2014.0,7,TEXAS,1,Drowning,81.1,US-Mexico border crossing,POINT (-100.53133 28.76548)
2014-07-26,2014.0,7,TEXAS,1,"Harsh environmental conditions / lack of adequate shelter, food, water",81.1,US-Mexico border crossing,POINT (-99.5698 27.84354)
2014-07-28,2014.0,7,ARIZONA,1,Mixed or unknown,79.6,US-Mexico border crossing,POINT (-111.79752 31.59513)
2014-07-29,2014.0,7,TEXAS,1,Drowning,81.1,US-Mexico border crossing,POINT (-98.43369 26.2148)
2014-07-30,2014.0,7,TEXAS,1,Drowning,81.1,US-Mexico border crossing,POINT (-98.45641 26.22313)
2014-07-30,2014.0,7,ARIZONA,1,Mixed or unknown,79.6,US-Mexico border crossing,POINT (-110.69116 31.64468)
2014-07-30,2014.0,7,TEXAS,1,"Harsh environmental conditions / lack of adequate shelter, food, water",81.1,US-Mexico border crossing,POINT (-98.24432 27.1024)
2014-07-31,2014.0,7,,1,Drowning,,US-Mexico border crossing,POINT (-99.51761 27.49798)
2014-08-04,2014.0,8,TEXAS,1,"Harsh environmental conditions / lack of adequate shelter, food, water",82.1,US-Mexico border crossing,POINT (-99.23846 28.01323)
2014-08-04,2014.0,8,ARIZONA,1,Mixed or unknown,78.9,US-Mexico border crossing,POINT (-111.56972 32.04934)
2014-08-05,2014.0,8,TEXAS,1,"Harsh environmental conditions / lack of adequate shelter, food, water",82.1,US-Mexico border crossing,POINT (-98.16431 27.06364)
2014-08-05,2014.0,8,TEXAS,1,"Harsh environmental conditions / lack of adequate shelter, food, water",82.1,US-Mexico border crossing,POINT (-98.20145 26.08583)
2014-08-06,2014.0,8,TEXAS,1,Vehicle accident / death linked to hazardous transport,82.1,US-Mexico border crossing,POINT (-99.35521 28.03281)
2014-08-11,2014.0,8,TEXAS,1,"Harsh environmental conditions / lack of adequate shelter, food, water",82.1,US-Mexico border crossing,POINT (-98.34502 27.24773)
2014-08-13,2014.0,8,TEXAS,1,Drowning,82.1,US-Mexico border crossing,POINT (-99.51425 27.55781)
2014-08-14,2014.0,8,TEXAS,1,"Harsh environmental conditions / lack of adequate shelter, food, water",82.1,US-Mexico border crossing,POINT (-97.94289 27.11793)
2014-08-14,2014.0,8,TEXAS,1,"Harsh environmental conditions / lack of adequate shelter, food, water",82.1,US-Mexico border crossing,POINT (-97.98511 27.11224)
2014-08-14,2014.0,8,,1,Drowning,,US-Mexico border crossing,POINT (-99.79417 27.73378)
2014-08-17,2014.0,8,TEXAS,1,"Harsh environmental conditions / lack of adequate shelter, food, water",82.1,US-Mexico border crossing,POINT (-98.36024 27.11403)
2014-08-17,2014.0,8,CALIFORNIA,1,"Harsh environmental conditions / lack of adequate shelter, food, water",76.6,US-Mexico border crossing,POINT (-115.69156 32.67914)
2014-08-18,2014.0,8,TEXAS,1,"Harsh environmental conditions / lack of adequate shelter, food, water",82.1,US-Mexico border crossing,POINT (-98.81965 27.40835)
2014-08-18,2014.0,8,TEXAS,1,"Harsh environmental conditions / lack of adequate shelter, food, water",82.1,US-Mexico border crossing,POINT (-98.32152 27.05164)
2014-08-20,2014.0,8,TEXAS,1,"Harsh environmental conditions / lack of adequate shelter, food, water",82.1,US-Mexico border crossing,POINT (-99.30478 28.20977)
2014-08-21,2014.0,8,ARIZONA,1,Mixed or unknown,78.9,US-Mexico border crossing,POINT (-112.2118 32.06508)
2014-08-21,2014.0,8,TEXAS,1,"Harsh environmental conditions / lack of adequate shelter, food, water",82.1,US-Mexico border crossing,POINT (-98.25195 27.04193)
2014-08-24,2014.0,8,ARIZONA,1,Mixed or unknown,78.9,US-Mexico border crossing,POINT (-111.96145 32.33642)
2014-08-25,2014.0,8,TEXAS,1,"Harsh environmental conditions / lack of adequate shelter, food, water",82.1,US-Mexico border crossing,POINT (-97.85666 27.06295)
2014-08-25,2014.0,8,TEXAS,1,"Harsh environmental conditions / lack of adequate shelter, food, water",82.1,US-Mexico border crossing,POINT (-98.76406 27.92681)
2014-08-25,2014.0,8,TEXAS,1,"Harsh environmental conditions / lack of adequate shelter, food, water",82.1,US-Mexico border crossing,POINT (-99.61996 27.93959)
2014-08-26,2014.0,8,,1,Drowning,,US-Mexico border crossing,POINT (-100.88592 29.30665)
2014-08-27,2014.0,8,TEXAS,1,"Harsh environmental conditions / lack of adequate shelter, food, water",82.1,US-Mexico border crossing,POINT (-98.16653 27.2145)
2014-08-27,2014.0,8,TEXAS,1,"Harsh environmental conditions / lack of adequate shelter, food, water",82.1,US-Mexico border crossing,POINT (-99.20506 27.20208)
2014-08-28,2014.0,8,TEXAS,1,"Harsh environmental conditions / lack of adequate shelter, food, water",82.1,US-Mexico border crossing,POINT (-97.84491 27.16109)
2014-08-28,2014.0,8,TEXAS,1,"Harsh environmental conditions / lack of adequate shelter, food, water",82.1,US-Mexico border crossing,POINT (-99.73074 27.88522)
2014-08-28,2014.0,8,TEXAS,1,"Harsh environmental conditions / lack of adequate shelter, food, water",82.1,US-Mexico border crossing,POINT (-98.14476 27.03969)
2014-08-29,2014.0,8,TEXAS,1,"Harsh environmental conditions / lack of adequate shelter, food, water",82.1,US-Mexico border crossing,POINT (-98.0948 27.1128)
2014-09-01,2014.0,9,TEXAS,1,"Harsh environmental conditions / lack of adequate shelter, food, water",79.5,US-Mexico border crossing,POINT (-98.56638 27.23464)
2014-09-05,2014.0,9,TEXAS,1,Mixed or unknown,79.5,US-Mexico border crossing,POINT (-98.2648 26.1528)
2014-09-05,2014.0,9,TEXAS,1,"Harsh environmental conditions / lack of adequate shelter, food, water",79.5,US-Mexico border crossing,POINT (-100.13396 28.42622)
2014-09-08,2014.0,9,TEXAS,1,"Harsh environmental conditions / lack of adequate shelter, food, water",79.5,US-Mexico border crossing,POINT (-98.22418 27.10559)
2014-09-09,2014.0,9,ARIZONA,1,"Harsh environmental conditions / lack of adequate shelter, food, water",75.4,US-Mexico border crossing,POINT (-114.3401 32.5234)
2014-09-09,2014.0,9,ARIZONA,1,Mixed or unknown,75.4,US-Mexico border crossing,POINT (-112.60312 32.79993)
2014-09-09,2014.0,9,TEXAS,1,"Harsh environmental conditions / lack of adequate shelter, food, water",79.5,US-Mexico border crossing,POINT (-98.8507 26.6954)
2014-09-11,2014.0,9,ARIZONA,1,"Harsh environmental conditions / lack of adequate shelter, food, water",75.4,US-Mexico border crossing,POINT (-112.53881 32.45843)
2014-09-11,2014.0,9,TEXAS,1,Mixed or unknown,79.5,US-Mexico border crossing,POINT (-98.39537 26.18786)
2014-09-13,2014.0,9,TEXAS,1,Drowning,79.5,US-Mexico border crossing,POINT (-98.3458 26.1669)
2014-09-13,2014.0,9,ARIZONA,1,Mixed or unknown,75.4,US-Mexico border crossing,POINT (-111.9822 31.7634)
2014-09-15,2014.0,9,TEXAS,1,"Harsh environmental conditions / lack of adequate shelter, food, water",79.5,US-Mexico border crossing,POINT (-97.87202 27.22176)
2014-09-16,2014.0,9,ARIZONA,1,Mixed or unknown,75.4,US-Mexico border crossing,POINT (-111.68047 31.75812)
2014-09-19,2014.0,9,TEXAS,1,"Harsh environmental conditions / lack of adequate shelter, food, water",79.5,US-Mexico border crossing,POINT (-97.87482 27.24872)
2014-09-21,2014.0,9,TEXAS,1,"Harsh environmental conditions / lack of adequate shelter, food, water",79.5,US-Mexico border crossing,POINT (-98.19864 27.23629)
2014-09-22,2014.0,9,CALIFORNIA,1,Mixed or unknown,73.6,US-Mexico border crossing,POINT (-116.21212 32.72356)
2014-09-23,2014.0,9,TEXAS,1,"Harsh environmental conditions / lack of adequate shelter, food, water",79.5,US-Mexico border crossing,POINT (-99.16897 27.86653)
2014-09-23,2014.0,9,ARIZONA,1,Mixed or unknown,75.4,US-Mexico border crossing,POINT (-114.4458 32.3834)
2014-09-27,2014.0,9,TEXAS,1,Vehicle accident / death linked to hazardous transport,79.5,US-Mexico border crossing,POINT (-98.1144 26.6829)
2014-09-30,2014.0,9,TEXAS,1,"Harsh environmental conditions / lack of adequate shelter, food, water",79.5,US-Mexico border crossing,POINT (-98.74765 27.27747)
2014-10-02,2014.0,10,TEXAS,1,Vehicle accident / death linked to hazardous transport,73.0,US-Mexico border crossing,POINT (-98.5335 26.3426)
2014-10-02,2014.0,10,TEXAS,1,Vehicle accident / death linked to hazardous transport,73.0,US-Mexico border crossing,POINT (-98.5335 26.3426)
2014-10-04,2014.0,10,CALIFORNIA,1,"Harsh environmental conditions / lack of adequate shelter, food, water",68.3,US-Mexico border crossing,POINT (-116.82867 32.62592)
2014-10-06,2014.0,10,TEXAS,1,Drowning,73.0,US-Mexico border crossing,POINT (-98.2485 26.0892)
2014-10-07,2014.0,10,TEXAS,1,"Harsh environmental conditions / lack of adequate shelter, food, water",73.0,US-Mexico border crossing,POINT (-99.32237 28.16787)
2014-10-08,2014.0,10,TEXAS,1,"Harsh environmental conditions / lack of adequate shelter, food, water",73.0,US-Mexico border crossing,POINT (-97.4519 25.8802)
2014-10-17,2014.0,10,TEXAS,1,"Harsh environmental conditions / lack of adequate shelter, food, water",73.0,US-Mexico border crossing,POINT (-97.8559 27.0421)
2014-10-18,2014.0,10,TEXAS,1,Drowning,73.0,US-Mexico border crossing,POINT (-98.48285 26.21874)
2014-10-21,2014.0,10,ARIZONA,1,Mixed or unknown,69.6,US-Mexico border crossing,POINT (-111.61863 32.49902)
2014-10-21,2014.0,10,TEXAS,1,Drowning,73.0,US-Mexico border crossing,POINT (-98.35709 26.16759)
2014-10-23,2014.0,10,TEXAS,1,Drowning,73.0,US-Mexico border crossing,POINT (-98.2654 26.1202)
2014-10-23,2014.0,10,TEXAS,1,Drowning,73.0,US-Mexico border crossing,POINT (-98.63151 26.25371)
2014-10-29,2014.0,10,ARIZONA,1,Mixed or unknown,69.6,US-Mexico border crossing,POINT (-111.62861 31.75224)
2014-10-31,2014.0,10,TEXAS,1,Mixed or unknown,73.0,US-Mexico border crossing,POINT (-102.17183 30.1795)
2014-11-08,2014.0,11,TEXAS,1,Drowning,60.6,US-Mexico border crossing,POINT (-98.3494 26.1943)
2014-11-10,2014.0,11,TEXAS,1,"Harsh environmental conditions / lack of adequate shelter, food, water",60.6,US-Mexico border crossing,POINT (-98.25039 27.24028)
2014-11-10,2014.0,11,TEXAS,1,"Harsh environmental conditions / lack of adequate shelter, food, water",60.6,US-Mexico border crossing,POINT (-98.25039 27.24028)
2014-11-12,2014.0,11,TEXAS,1,"Harsh environmental conditions / lack of adequate shelter, food, water",60.6,US-Mexico border crossing,POINT (-98.24116 27.10968)
2014-11-13,2014.0,11,ARIZONA,1,Mixed or unknown,58.3,US-Mexico border crossing,POINT (-111.63467 31.7475)
2014-11-14,2014.0,11,TEXAS,1,"Harsh environmental conditions / lack of adequate shelter, food, water",60.6,US-Mexico border crossing,POINT (-98.25629 26.9884)
2014-11-15,2014.0,11,TEXAS,1,Drowning,60.6,US-Mexico border crossing,POINT (-98.40038 26.18646)
2014-11-18,2014.0,11,TEXAS,1,"Harsh environmental conditions / lack of adequate shelter, food, water",60.6,US-Mexico border crossing,POINT (-97.27597 26.00281)
2014-11-19,2014.0,11,TEXAS,1,"Harsh environmental conditions / lack of adequate shelter, food, water",60.6,US-Mexico border crossing,POINT (-98.0948 26.6692)
2014-11-26,2014.0,11,ARIZONA,1,Mixed or unknown,58.3,US-Mexico border crossing,POINT (-111.83436 31.6728)
2014-11-26,2014.0,11,ARIZONA,1,Mixed or unknown,58.3,US-Mexico border crossing,POINT (-113.11112 32.2253)
2014-11-27,2014.0,11,TEXAS,1,Drowning,60.6,US-Mexico border crossing,POINT (-98.44769 26.22449)
2014-12-01,2014.0,12,TEXAS,1,Mixed or unknown,51.1,US-Mexico border crossing,POINT (-97.5476 25.938)
2014-12-02,2014.0,12,TEXAS,1,Drowning,51.1,US-Mexico border crossing,POINT (-99.52681 27.50615)
2014-12-02,2014.0,12,TEXAS,1,Drowning,51.1,US-Mexico border crossing,POINT (-99.49033 27.51084)
2014-12-02,2014.0,12,,1,Drowning,,US-Mexico border crossing,POINT (-99.49033 27.41667)
2014-12-03,2014.0,12,TEXAS,1,Vehicle accident / death linked to hazardous transport,51.1,US-Mexico border crossing,POINT (-97.8369 27.37481)
2014-12-03,2014.0,12,TEXAS,1,Vehicle accident / death linked to hazardous transport,51.1,US-Mexico border crossing,POINT (-97.8369 27.37481)
2014-12-04,2014.0,12,TEXAS,1,"Harsh environmental conditions / lack of adequate shelter, food, water",51.1,US-Mexico border crossing,POINT (-98.3527 26.1759)
2014-12-04,2014.0,12,TEXAS,1,Drowning,51.1,US-Mexico border crossing,POINT (-99.51726 27.55425)
2014-12-06,2014.0,12,TEXAS,1,Mixed or unknown,51.1,US-Mexico border crossing,POINT (-99.26749 27.9439)
2014-12-12,2014.0,12,TEXAS,1,Drowning,51.1,US-Mexico border crossing,POINT (-98.37557 26.18055)
2014-12-14,2014.0,12,TEXAS,1,Drowning,51.1,US-Mexico border crossing,POINT (-98.3989 26.187)
2014-12-14,2014.0,12,TEXAS,1,Drowning,51.1,US-Mexico border crossing,POINT (-98.3989 26.187)
2014-12-18,2014.0,12,TEXAS,1,"Harsh environmental conditions / lack of adequate shelter, food, water",51.1,US-Mexico border crossing,POINT (-98.53101 27.25184)
2014-12-21,2014.0,12,TEXAS,1,Mixed or unknown,51.1,US-Mexico border crossing,POINT (-99.37848 27.93017)
2014-12-29,2014.0,12,TEXAS,1,"Harsh environmental conditions / lack of adequate shelter, food, water",51.1,US-Mexico border crossing,POINT (-98.18575 26.9155)
2014-12-30,2014.0,12,ARIZONA,1,Mixed or unknown,48.0,US-Mexico border crossing,POINT (-112.68783 32.1375)
2014-12-31,2014.0,12,TEXAS,1,"Harsh environmental conditions / lack of adequate shelter, food, water",51.1,US-Mexico border crossing,POINT (-98.77246 27.63192)
2014-03-30,2014.0,3,ARIZONA,1,Mixed or unknown,52.0,US-Mexico border crossing,POINT (-111.7528 32.3087)
2014-06-05,2014.0,6,,1,Drowning,,US-Mexico border crossing,POINT (-106.4689375 31.75841355)
2014-11-05,2014.0,11,,1,Mixed or unknown,,US-Mexico border crossing,POINT (-106.1976099 31.47322324)
2014-08-12,2014.0,8,CALIFORNIA,1,Vehicle accident / death linked to hazardous transport,76.6,US-Mexico border crossing,POINT (-117.085828 32.6338651)
2014-08-12,2014.0,8,CALIFORNIA,1,Vehicle accident / death linked to hazardous transport,76.6,US-Mexico border crossing,POINT (-117.085828 32.6338651)
2015-01-04,2015.0,1,ARIZONA,1,Mixed or unknown,44.7,US-Mexico border crossing,POINT (-112.151317 31.82578)
2015-01-09,2015.0,1,ARIZONA,1,Mixed or unknown,44.7,US-Mexico border crossing,POINT (-112.58101 32.00965)
2015-01-10,2015.0,1,ARIZONA,1,Mixed or unknown,44.7,US-Mexico border crossing,POINT (-111.45325 31.501317)
2015-01-25,2015.0,1,ARIZONA,1,Mixed or unknown,44.7,US-Mexico border crossing,POINT (-111.695567 31.947183)
2015-01-27,2015.0,1,ARIZONA,1,Mixed or unknown,44.7,US-Mexico border crossing,POINT (-111.6568 32.425)
2015-01-27,2015.0,1,ARIZONA,1,Mixed or unknown,44.7,US-Mexico border crossing,POINT (-111.879567 31.776983)
2015-01-30,2015.0,1,ARIZONA,1,Drowning,44.7,US-Mexico border crossing,POINT (-110.952925 31.396923)
2015-02-06,2015.0,2,ARIZONA,1,Drowning,48.6,US-Mexico border crossing,POINT (-110.93133 31.3747)
2015-02-06,2015.0,2,ARIZONA,1,Mixed or unknown,48.6,US-Mexico border crossing,POINT (-113.02657 32.00882)
2015-02-18,2015.0,2,TEXAS,1,Mixed or unknown,46.1,US-Mexico border crossing,POINT (-99.142943 27.87871582)
2015-02-18,2015.0,2,ARIZONA,1,Mixed or unknown,48.6,US-Mexico border crossing,POINT (-113.00183 32.16755)
2015-02-21,2015.0,2,ARIZONA,1,Mixed or unknown,48.6,US-Mexico border crossing,POINT (-112.136067 31.9336)
2015-02-21,2015.0,2,ARIZONA,1,Mixed or unknown,48.6,US-Mexico border crossing,POINT (-112.135833 31.933033)
2015-02-23,2015.0,2,ARIZONA,1,Mixed or unknown,48.6,US-Mexico border crossing,POINT (-112.996983 32.069633)
2015-02-28,2015.0,2,,4,Drowning,,US-Mexico border crossing,POINT (-101.569381 29.7110679)
2015-02-28,2015.0,2,,2,Drowning,,US-Mexico border crossing,POINT (-101.569381 29.7110679)
2015-03-06,2015.0,3,ARIZONA,1,Accidental death,54.2,US-Mexico border crossing,POINT (-112.70361 32.04993)
2015-03-06,2015.0,3,CALIFORNIA,1,Drowning,55.0,US-Mexico border crossing,POINT (-115.66726 32.7467054)
2015-03-17,2015.0,3,ARIZONA,1,Mixed or unknown,54.2,US-Mexico border crossing,POINT (-112.00476 32.38205)
2015-03-17,2015.0,3,ARIZONA,1,Mixed or unknown,54.2,US-Mexico border crossing,POINT (-112.022917 31.93395)
2015-03-17,2015.0,3,CALIFORNIA,1,Drowning,55.0,US-Mexico border crossing,POINT (-115.505437 32.6684842)
2015-03-24,2015.0,3,ARIZONA,1,Mixed or unknown,54.2,US-Mexico border crossing,POINT (-111.810278 31.873889)
2015-03-26,2015.0,3,ARIZONA,1,Violence,54.2,US-Mexico border crossing,POINT (-110.871356 32.123971)
2015-03-31,2015.0,3,ARIZONA,1,Mixed or unknown,54.2,US-Mexico border crossing,POINT (-110.95279 31.80132)
2015-04-06,2015.0,4,ARIZONA,1,Mixed or unknown,57.4,US-Mexico border crossing,POINT (-111.77556 31.5815)
2015-04-13,2015.0,4,ARIZONA,1,Mixed or unknown,57.4,US-Mexico border crossing,POINT (-112.17821 31.85521)
2015-04-13,2015.0,4,ARIZONA,1,Mixed or unknown,57.4,US-Mexico border crossing,POINT (-111.85829 31.81461)
2015-04-23,2015.0,4,ARIZONA,1,Mixed or unknown,57.4,US-Mexico border crossing,POINT (-112.64445 31.849017)
2015-04-23,2015.0,4,ARIZONA,1,Mixed or unknown,57.4,US-Mexico border crossing,POINT (-112.41698 32.8216)
2015-04-24,2015.0,4,TEXAS,1,Vehicle accident / death linked to hazardous transport,61.4,US-Mexico border crossing,POINT (-97.296038 25.9590963)
2015-05-12,2015.0,5,ARIZONA,1,"Harsh environmental conditions / lack of adequate shelter, food, water",60.6,US-Mexico border crossing,POINT (-110.462667 31.9325)
2015-05-18,2015.0,5,CALIFORNIA,1,Drowning,58.8,US-Mexico border crossing,POINT (-115.493137 32.668685)
2015-05-21,2015.0,5,TEXAS,1,"Harsh environmental conditions / lack of adequate shelter, food, water",69.1,US-Mexico border crossing,POINT (-98.0077 27.08594)
2015-05-22,2015.0,5,ARIZONA,1,Mixed or unknown,60.6,US-Mexico border crossing,POINT (-112.709806 31.859417)
2015-05-28,2015.0,5,ARIZONA,1,Mixed or unknown,60.6,US-Mexico border crossing,POINT (-111.309167 31.9201)
2015-05-28,2015.0,5,ARIZONA,1,Mixed or unknown,60.6,US-Mexico border crossing,POINT (-111.861717 32.622703)
2015-05-30,2015.0,5,ARIZONA,1,Mixed or unknown,60.6,US-Mexico border crossing,POINT (-111.952283 31.656983)
2015-06-01,2015.0,6,ARIZONA,1,"Harsh environmental conditions / lack of adequate shelter, food, water",70.6,US-Mexico border crossing,POINT (-110.89 31.352167)
2015-06-01,2015.0,6,ARIZONA,1,"Harsh environmental conditions / lack of adequate shelter, food, water",70.6,US-Mexico border crossing,POINT (-111.75883 31.7126)
2015-06-03,2015.0,6,ARIZONA,1,Mixed or unknown,70.6,US-Mexico border crossing,POINT (-112.7048 31.8576)
2015-06-08,2015.0,6,ARIZONA,1,"Harsh environmental conditions / lack of adequate shelter, food, water",70.6,US-Mexico border crossing,POINT (-112.469667 32.027833)
2015-06-08,2015.0,6,ARIZONA,1,Mixed or unknown,70.6,US-Mexico border crossing,POINT (-112.44 32.06)
2015-06-10,2015.0,6,ARIZONA,1,Mixed or unknown,70.6,US-Mexico border crossing,POINT (-111.064111 31.820278)
2015-06-13,2015.0,6,ARIZONA,1,"Harsh environmental conditions / lack of adequate shelter, food, water",70.6,US-Mexico border crossing,POINT (-112.38222 32.33752)
2015-06-16,2015.0,6,ARIZONA,1,"Harsh environmental conditions / lack of adequate shelter, food, water",70.6,US-Mexico border crossing,POINT (-112.137383 31.975633)
2015-06-16,2015.0,6,ARIZONA,1,"Harsh environmental conditions / lack of adequate shelter, food, water",70.6,US-Mexico border crossing,POINT (-109.053383 31.36045)
2015-06-16,2015.0,6,ARIZONA,1,Mixed or unknown,70.6,US-Mexico border crossing,POINT (-112.860316 32.276183)
2015-06-17,2015.0,6,ARIZONA,1,Mixed or unknown,70.6,US-Mexico border crossing,POINT (-109.136767 31.4)
2015-06-17,2015.0,6,ARIZONA,1,"Harsh environmental conditions / lack of adequate shelter, food, water",70.6,US-Mexico border crossing,POINT (-110.73266 31.40105)
2015-06-18,2015.0,6,ARIZONA,1,Mixed or unknown,70.6,US-Mexico border crossing,POINT (-112.489183 32.364767)
2015-06-18,2015.0,6,ARIZONA,1,"Harsh environmental conditions / lack of adequate shelter, food, water",70.6,US-Mexico border crossing,POINT (-110.90572 31.34122)
2015-06-18,2015.0,6,CALIFORNIA,1,Vehicle accident / death linked to hazardous transport,67.6,US-Mexico border crossing,POINT (-117.120962 32.591521)
2015-06-20,2015.0,6,ARIZONA,1,"Harsh environmental conditions / lack of adequate shelter, food, water",70.6,US-Mexico border crossing,POINT (-112.95846 32.01571)
2015-06-22,2015.0,6,ARIZONA,1,"Harsh environmental conditions / lack of adequate shelter, food, water",70.6,US-Mexico border crossing,POINT (-113.08173 32.25892)
2015-06-25,2015.0,6,CALIFORNIA,1,Drowning,67.6,US-Mexico border crossing,POINT (-115.493137 32.668685)
2015-06-27,2015.0,6,CALIFORNIA,1,"Harsh environmental conditions / lack of adequate shelter, food, water",67.6,US-Mexico border crossing,POINT (-115.687354 32.67292759)
2015-06-27,2015.0,6,ARIZONA,1,"Harsh environmental conditions / lack of adequate shelter, food, water",70.6,US-Mexico border crossing,POINT (-112.671173 32.95853)
2015-06-28,2015.0,6,ARIZONA,1,"Harsh environmental conditions / lack of adequate shelter, food, water",70.6,US-Mexico border crossing,POINT (-111.28911 32.12359)
2015-06-29,2015.0,6,CALIFORNIA,1,Mixed or unknown,67.6,US-Mexico border crossing,POINT (-115.845025 33.0249505)
2015-06-30,2015.0,6,ARIZONA,1,Mixed or unknown,70.6,US-Mexico border crossing,POINT (-112.01128 31.6337)
2015-07-01,2015.0,7,ARIZONA,1,Mixed or unknown,78.5,US-Mexico border crossing,POINT (-111.75955 31.62835)
2015-07-01,2015.0,7,ARIZONA,1,Mixed or unknown,78.5,US-Mexico border crossing,POINT (-111.89503 31.59772)
2015-07-02,2015.0,7,ARIZONA,1,Drowning,78.5,US-Mexico border crossing,POINT (-112.80985 32.92525)
2015-07-04,2015.0,7,ARIZONA,1,Mixed or unknown,78.5,US-Mexico border crossing,POINT (-112.9105 32.172)
2015-07-09,2015.0,7,ARIZONA,1,Mixed or unknown,78.5,US-Mexico border crossing,POINT (-112.47898 32.05262)
2015-07-14,2015.0,7,ARIZONA,1,Mixed or unknown,78.5,US-Mexico border crossing,POINT (-112.812867 32.187417)
2015-07-15,2015.0,7,ARIZONA,1,Accidental death,78.5,US-Mexico border crossing,POINT (-112.762808 32.866059)
2015-07-16,2015.0,7,ARIZONA,1,Mixed or unknown,78.5,US-Mexico border crossing,POINT (-112.88585 31.9741)
2015-07-28,2015.0,7,TEXAS,2,Mixed or unknown,81.2,US-Mexico border crossing,POINT (-100.245529 28.2597513)
2015-07-28,2015.0,7,CALIFORNIA,1,Drowning,74.7,US-Mexico border crossing,POINT (-115.486683 32.6762497)
2015-07-28,2015.0,7,ARIZONA,1,Mixed or unknown,78.5,US-Mexico border crossing,POINT (-113.0729 32.2658)
2015-07-29,2015.0,7,ARIZONA,1,Mixed or unknown,78.5,US-Mexico border crossing,POINT (-111.992767 31.630183)
2015-07-30,2015.0,7,ARIZONA,1,Mixed or unknown,78.5,US-Mexico border crossing,POINT (-111.600967 32.065733)
2015-07-30,2015.0,7,ARIZONA,1,Mixed or unknown,78.5,US-Mexico border crossing,POINT (-110.61481 31.845495)
2015-07-31,2015.0,7,ARIZONA,1,Mixed or unknown,78.5,US-Mexico border crossing,POINT (-110.98145 31.46345)
2015-08-01,2015.0,8,ARIZONA,1,Mixed or unknown,79.6,US-Mexico border crossing,POINT (-110.250004 31.899057)
2015-08-04,2015.0,8,ARIZONA,1,"Harsh environmental conditions / lack of adequate shelter, food, water",79.6,US-Mexico border crossing,POINT (-111.82281 31.99746)
2015-08-05,2015.0,8,ARIZONA,1,"Harsh environmental conditions / lack of adequate shelter, food, water",79.6,US-Mexico border crossing,POINT (-111.45786 32.23965)
2015-08-07,2015.0,8,,1,Violence,,US-Mexico border crossing,POINT (-98.672701 26.2364105)
2015-08-08,2015.0,8,ARIZONA,1,"Harsh environmental conditions / lack of adequate shelter, food, water",79.6,US-Mexico border crossing,POINT (-112.5644 32.0634)
2015-08-10,2015.0,8,ARIZONA,1,"Harsh environmental conditions / lack of adequate shelter, food, water",79.6,US-Mexico border crossing,POINT (-111.738267 32.6004)
2015-08-11,2015.0,8,ARIZONA,1,"Harsh environmental conditions / lack of adequate shelter, food, water",79.6,US-Mexico border crossing,POINT (-111.774733 31.5692)
2015-08-13,2015.0,8,ARIZONA,1,"Harsh environmental conditions / lack of adequate shelter, food, water",79.6,US-Mexico border crossing,POINT (-111.5684 32.106083)
2015-08-14,2015.0,8,ARIZONA,1,"Harsh environmental conditions / lack of adequate shelter, food, water",79.6,US-Mexico border crossing,POINT (-111.907778 32.924722)
2015-08-16,2015.0,8,ARIZONA,1,"Harsh environmental conditions / lack of adequate shelter, food, water",79.6,US-Mexico border crossing,POINT (-113.21833 32.13628)
2015-08-17,2015.0,8,ARIZONA,1,Mixed or unknown,79.6,US-Mexico border crossing,POINT (-111.40797 32.30612)
2015-08-17,2015.0,8,TEXAS,1,Mixed or unknown,83.2,US-Mexico border crossing,POINT (-103.237231 30.7108565)
2015-08-17,2015.0,8,TEXAS,1,Drowning,83.2,US-Mexico border crossing,POINT (-98.366997 26.1471614)
2015-08-18,2015.0,8,ARIZONA,1,"Harsh environmental conditions / lack of adequate shelter, food, water",79.6,US-Mexico border crossing,POINT (-113.24667 32.174)
2015-08-18,2015.0,8,ARIZONA,1,"Harsh environmental conditions / lack of adequate shelter, food, water",79.6,US-Mexico border crossing,POINT (-113.24667 32.1742)
2015-08-18,2015.0,8,ARIZONA,1,"Harsh environmental conditions / lack of adequate shelter, food, water",79.6,US-Mexico border crossing,POINT (-113.24647 32.174)
2015-08-19,2015.0,8,ARIZONA,1,Mixed or unknown,79.6,US-Mexico border crossing,POINT (-113.2139 32.22039)
2015-08-20,2015.0,8,ARIZONA,1,"Harsh environmental conditions / lack of adequate shelter, food, water",79.6,US-Mexico border crossing,POINT (-112.13793 32.12775)
2015-08-21,2015.0,8,ARIZONA,1,"Harsh environmental conditions / lack of adequate shelter, food, water",79.6,US-Mexico border crossing,POINT (-111.85296 31.81318)
2015-08-21,2015.0,8,ARIZONA,1,"Harsh environmental conditions / lack of adequate shelter, food, water",79.6,US-Mexico border crossing,POINT (-111.81445 31.7989)
2015-08-21,2015.0,8,ARIZONA,1,"Harsh environmental conditions / lack of adequate shelter, food, water",79.6,US-Mexico border crossing,POINT (-112.97308 32.27515)
2015-08-22,2015.0,8,ARIZONA,1,Mixed or unknown,79.6,US-Mexico border crossing,POINT (-112.13971 31.87648)
2015-08-22,2015.0,8,ARIZONA,1,Mixed or unknown,79.6,US-Mexico border crossing,POINT (-112.963333 32.083833)
2015-08-23,2015.0,8,ARIZONA,1,"Harsh environmental conditions / lack of adequate shelter, food, water",79.6,US-Mexico border crossing,POINT (-112.98095 32.143167)
2015-08-24,2015.0,8,ARIZONA,1,"Harsh environmental conditions / lack of adequate shelter, food, water",79.6,US-Mexico border crossing,POINT (-112.11556 32.11476)
2015-08-24,2015.0,8,ARIZONA,1,Drowning,79.6,US-Mexico border crossing,POINT (-110.940833 31.379722)
2015-08-25,2015.0,8,ARIZONA,1,Mixed or unknown,79.6,US-Mexico border crossing,POINT (-111.9506 31.838633)
2015-08-25,2015.0,8,ARIZONA,1,Mixed or unknown,79.6,US-Mexico border crossing,POINT (-111.044576 31.704274)
2015-08-27,2015.0,8,ARIZONA,1,Mixed or unknown,79.6,US-Mexico border crossing,POINT (-111.17659 32.08267)
2015-08-28,2015.0,8,ARIZONA,1,"Harsh environmental conditions / lack of adequate shelter, food, water",79.6,US-Mexico border crossing,POINT (-113.123 32.3609)
2015-08-28,2015.0,8,ARIZONA,1,"Harsh environmental conditions / lack of adequate shelter, food, water",79.6,US-Mexico border crossing,POINT (-113.116666 32.347166)
2015-09-01,2015.0,9,ARIZONA,1,Mixed or unknown,77.8,US-Mexico border crossing,POINT (-111.73635 31.54855)
2015-09-03,2015.0,9,ARIZONA,1,Mixed or unknown,77.8,US-Mexico border crossing,POINT (-111.949783 31.715333)
2015-09-05,2015.0,9,CALIFORNIA,1,Accidental death,74.3,US-Mexico border crossing,POINT (-115.785945 32.6434314)
2015-09-05,2015.0,9,ARIZONA,1,"Harsh environmental conditions / lack of adequate shelter, food, water",77.8,US-Mexico border crossing,POINT (-113.261717 32.328533)
2015-09-06,2015.0,9,ARIZONA,1,"Harsh environmental conditions / lack of adequate shelter, food, water",77.8,US-Mexico border crossing,POINT (-112.90196 31.92171)
2015-09-06,2015.0,9,ARIZONA,1,"Harsh environmental conditions / lack of adequate shelter, food, water",77.8,US-Mexico border crossing,POINT (-112.533867 31.81835)
2015-09-07,2015.0,9,ARIZONA,1,Mixed or unknown,77.8,US-Mexico border crossing,POINT (-113.00292 32.0523)
2015-09-07,2015.0,9,ARIZONA,1,"Harsh environmental conditions / lack of adequate shelter, food, water",77.8,US-Mexico border crossing,POINT (-113.10583 32.33183)
2015-09-07,2015.0,9,ARIZONA,1,"Harsh environmental conditions / lack of adequate shelter, food, water",77.8,US-Mexico border crossing,POINT (-113.10583 32.33203)
2015-09-09,2015.0,9,ARIZONA,1,"Harsh environmental conditions / lack of adequate shelter, food, water",77.8,US-Mexico border crossing,POINT (-112.15516 31.74916)
2015-09-10,2015.0,9,ARIZONA,1,"Harsh environmental conditions / lack of adequate shelter, food, water",77.8,US-Mexico border crossing,POINT (-113.10095 32.323583)
2015-09-12,2015.0,9,ARIZONA,1,Mixed or unknown,77.8,US-Mexico border crossing,POINT (-111.96318 31.63683)
2015-09-18,2015.0,9,ARIZONA,1,"Harsh environmental conditions / lack of adequate shelter, food, water",77.8,US-Mexico border crossing,POINT (-109.09437 31.52895)
2015-09-20,2015.0,9,ARIZONA,1,Mixed or unknown,77.8,US-Mexico border crossing,POINT (-111.48673 32.20948)
2015-09-22,2015.0,9,ARIZONA,1,Mixed or unknown,77.8,US-Mexico border crossing,POINT (-113.09 32.30317)
2015-09-23,2015.0,9,TEXAS,1,Drowning,81.2,US-Mexico border crossing,POINT (-97.505347 25.89133265)
2015-09-24,2015.0,9,ARIZONA,1,Mixed or unknown,77.8,US-Mexico border crossing,POINT (-112.223983 32.924565)
2015-09-24,2015.0,9,TEXAS,5,Vehicle accident / death linked to hazardous transport,81.2,US-Mexico border crossing,POINT (-96.785058 29.0416038)
2015-09-27,2015.0,9,ARIZONA,1,Mixed or unknown,77.8,US-Mexico border crossing,POINT (-111.96446 31.72451)
2015-09-27,2015.0,9,ARIZONA,1,Mixed or unknown,77.8,US-Mexico border crossing,POINT (-112.74258 31.86743)
2015-09-28,2015.0,9,TEXAS,1,Drowning,81.2,US-Mexico border crossing,POINT (-100.911821 29.3621053)
2015-09-29,2015.0,9,ARIZONA,1,Mixed or unknown,77.8,US-Mexico border crossing,POINT (-113.0097 32.04636)
2015-09-29,2015.0,9,ARIZONA,1,Mixed or unknown,77.8,US-Mexico border crossing,POINT (-112.04187 32.82177)
2015-10-07,2015.0,10,TEXAS,1,"Harsh environmental conditions / lack of adequate shelter, food, water",74.2,US-Mexico border crossing,POINT (-100.2813 28.49276)
2015-10-11,2015.0,10,CALIFORNIA,1,Drowning,68.6,US-Mexico border crossing,POINT (-114.643359 32.7383173)
2015-10-12,2015.0,10,ARIZONA,1,"Harsh environmental conditions / lack of adequate shelter, food, water",69.8,US-Mexico border crossing,POINT (-112.33682 32.15423)
2015-10-14,2015.0,10,ARIZONA,1,Mixed or unknown,69.8,US-Mexico border crossing,POINT (-111.963106 32.819135)
2015-10-14,2015.0,10,ARIZONA,1,Violence,69.8,US-Mexico border crossing,POINT (-112.122299 32.0013)
2015-10-15,2015.0,10,ARIZONA,1,"Harsh environmental conditions / lack of adequate shelter, food, water",69.8,US-Mexico border crossing,POINT (-113.07685 32.1796)
2015-10-16,2015.0,10,ARIZONA,1,"Harsh environmental conditions / lack of adequate shelter, food, water",69.8,US-Mexico border crossing,POINT (-113.102 32.334317)
2015-10-16,2015.0,10,ARIZONA,1,Mixed or unknown,69.8,US-Mexico border crossing,POINT (-112.9721 32.258783)
2015-10-20,2015.0,10,ARIZONA,1,Violence,69.8,US-Mexico border crossing,POINT (-110.961395 32.192563)
2015-10-21,2015.0,10,ARIZONA,1,Mixed or unknown,69.8,US-Mexico border crossing,POINT (-110.95995 31.40025)
2015-10-29,2015.0,10,ARIZONA,1,"Harsh environmental conditions / lack of adequate shelter, food, water",69.8,US-Mexico border crossing,POINT (-111.14907 31.70077)
2015-11-03,2015.0,11,ARIZONA,1,"Harsh environmental conditions / lack of adequate shelter, food, water",56.4,US-Mexico border crossing,POINT (-111.362767 31.589933)
2015-11-05,2015.0,11,ARIZONA,1,"Harsh environmental conditions / lack of adequate shelter, food, water",56.4,US-Mexico border crossing,POINT (-111.15327 31.64675)
2015-11-07,2015.0,11,ARIZONA,1,"Harsh environmental conditions / lack of adequate shelter, food, water",56.4,US-Mexico border crossing,POINT (-111.70938 32.596)
2015-11-08,2015.0,11,ARIZONA,1,Mixed or unknown,56.4,US-Mexico border crossing,POINT (-113.147133 32.216783)
2015-11-14,2015.0,11,ARIZONA,1,Mixed or unknown,56.4,US-Mexico border crossing,POINT (-112.99014 32.13884)
2015-11-16,2015.0,11,ARIZONA,1,Mixed or unknown,56.4,US-Mexico border crossing,POINT (-113.16132 32.26505)
2015-11-17,2015.0,11,ARIZONA,1,"Harsh environmental conditions / lack of adequate shelter, food, water",56.4,US-Mexico border crossing,POINT (-111.561833 31.511)
2015-11-24,2015.0,11,ARIZONA,1,Mixed or unknown,56.4,US-Mexico border crossing,POINT (-111.6613 31.685417)
2015-11-24,2015.0,11,ARIZONA,1,Accidental death,56.4,US-Mexico border crossing,POINT (-111.51831 31.6129)
2015-11-29,2015.0,11,ARIZONA,1,Mixed or unknown,56.4,US-Mexico border crossing,POINT (-112.56382 32.2947)
2015-12-01,2015.0,12,CALIFORNIA,1,Drowning,45.0,US-Mexico border crossing,POINT (-115.55545 32.66118)
2015-12-07,2015.0,12,ARIZONA,1,Mixed or unknown,44.6,US-Mexico border crossing,POINT (-112.838707 32.29104)
2015-12-10,2015.0,12,ARIZONA,1,"Harsh environmental conditions / lack of adequate shelter, food, water",44.6,US-Mexico border crossing,POINT (-110.266267 31.34265)
2015-12-28,2015.0,12,ARIZONA,1,Mixed or unknown,44.6,US-Mexico border crossing,POINT (-111.778467 31.75735)
2015-12-29,2015.0,12,ARIZONA,1,Mixed or unknown,44.6,US-Mexico border crossing,POINT (-111.29569 32.012064)
2015-12-29,2015.0,12,ARIZONA,1,Mixed or unknown,44.6,US-Mexico border crossing,POINT (-111.63482 31.7475)
2015-12-29,2015.0,12,ARIZONA,1,Mixed or unknown,44.6,US-Mexico border crossing,POINT (-112.14597 32.02188)
2015-12-31,2015.0,12,TEXAS,123,Mixed or unknown,54.4,US-Mexico border crossing,POINT (-101.132282 29.81932753)
2015-01-16,2015.0,1,ARIZONA,1,Drowning,44.7,US-Mexico border crossing,POINT (-112.80985 32.92505)
2015-01-21,2015.0,1,ARIZONA,1,Mixed or unknown,44.7,US-Mexico border crossing,POINT (-112.083092 33.446545)
2015-01-29,2015.0,1,ARIZONA,1,Mixed or unknown,44.7,US-Mexico border crossing,POINT (-111.626567 31.537267)
2015-04-24,2015.0,4,ARIZONA,2,Violence,57.4,US-Mexico border crossing,POINT (-112.711138 32.628412)
2015-06-07,2015.0,6,ARIZONA,1,"Harsh environmental conditions / lack of adequate shelter, food, water",70.6,US-Mexico border crossing,POINT (-112.7411 32.3797)
2015-06-27,2015.0,6,ARIZONA,1,Mixed or unknown,70.6,US-Mexico border crossing,POINT (-109.486791 31.976781)
2015-07-02,2015.0,7,ARIZONA,1,Mixed or unknown,78.5,US-Mexico border crossing,POINT (-111.61075 31.76437)
2015-07-15,2015.0,7,ARIZONA,1,Sickness / lack of access to adequate healthcare,78.5,US-Mexico border crossing,POINT (-112.141385 32.12695)
2015-08-04,2015.0,8,ARIZONA,1,Mixed or unknown,79.6,US-Mexico border crossing,POINT (-112.520447 32.658333)
2015-08-06,2015.0,8,ARIZONA,1,Mixed or unknown,79.6,US-Mexico border crossing,POINT (-112.678617 32.927567)
2015-09-27,2015.0,9,ARIZONA,1,Mixed or unknown,77.8,US-Mexico border crossing,POINT (-113.496817 33.377383)
2015-10-18,2015.0,10,ARIZONA,1,Mixed or unknown,69.8,US-Mexico border crossing,POINT (-112.857167 32.640333)
2015-07-11,2015.0,7,ARIZONA,1,"Harsh environmental conditions / lack of adequate shelter, food, water",78.5,US-Mexico border crossing,POINT (-112.881117 32.10445)
2015-06-27,2015.0,6,NEW MEXICO,1,"Harsh environmental conditions / lack of adequate shelter, food, water",64.9,US-Mexico border crossing,POINT (-106.87305 31.87971)
2015-07-19,2015.0,7,NEW MEXICO,1,Mixed or unknown,72.4,US-Mexico border crossing,POINT (-108.946 31.8656)
2015-06-16,2015.0,6,CALIFORNIA,1,Mixed or unknown,67.6,US-Mexico border crossing,POINT (-116.500321 32.6362381)
2015-06-18,2015.0,6,,1,Drowning,,US-Mexico border crossing,POINT (-117.479167 33.006667)
2015-08-27,2015.0,8,CALIFORNIA,1,"Harsh environmental conditions / lack of adequate shelter, food, water",75.8,US-Mexico border crossing,POINT (-117.010104 32.7806215)
2015-09-29,2015.0,9,CALIFORNIA,1,Mixed or unknown,74.3,US-Mexico border crossing,POINT (-117.07 32.546944)
2015-11-04,2015.0,11,CALIFORNIA,1,Mixed or unknown,56.3,US-Mexico border crossing,POINT (-116.936944 32.550556)
2015-11-08,2015.0,11,CALIFORNIA,1,Mixed or unknown,56.3,US-Mexico border crossing,POINT (-116.628611 32.796111)
2015-12-01,2015.0,12,CALIFORNIA,1,Mixed or unknown,45.0,US-Mexico border crossing,POINT (-117.089855 32.5428556)
2015-12-10,2015.0,12,CALIFORNIA,1,Mixed or unknown,45.0,US-Mexico border crossing,POINT (-116.880278 32.610556)
2015-01-02,2015.0,1,TEXAS,1,"Harsh environmental conditions / lack of adequate shelter, food, water",47.4,US-Mexico border crossing,POINT (-98.29311 27.11245)
2015-01-04,2015.0,1,TEXAS,1,Drowning,47.4,US-Mexico border crossing,POINT (-98.25853 26.08241)
2015-01-06,2015.0,1,TEXAS,1,"Harsh environmental conditions / lack of adequate shelter, food, water",47.4,US-Mexico border crossing,POINT (-98.31391 27.0726)
2015-01-06,2015.0,1,TEXAS,1,"Harsh environmental conditions / lack of adequate shelter, food, water",47.4,US-Mexico border crossing,POINT (-97.92345 26.93529)
2015-01-06,2015.0,1,TEXAS,1,"Harsh environmental conditions / lack of adequate shelter, food, water",47.4,US-Mexico border crossing,POINT (-97.92345 26.93529)
2015-01-07,2015.0,1,TEXAS,1,Drowning,47.4,US-Mexico border crossing,POINT (-97.28008 26.0071)
2015-01-10,2015.0,1,TEXAS,1,"Harsh environmental conditions / lack of adequate shelter, food, water",47.4,US-Mexico border crossing,POINT (-98.61117 27.28343)
2015-01-18,2015.0,1,TEXAS,1,"Harsh environmental conditions / lack of adequate shelter, food, water",47.4,US-Mexico border crossing,POINT (-97.996 26.9036)
2015-01-19,2015.0,1,TEXAS,1,"Harsh environmental conditions / lack of adequate shelter, food, water",47.4,US-Mexico border crossing,POINT (-98.303 27.2417)
2015-01-19,2015.0,1,TEXAS,1,Drowning,47.4,US-Mexico border crossing,POINT (-99.49 27.3864)
2015-01-20,2015.0,1,TEXAS,1,"Harsh environmental conditions / lack of adequate shelter, food, water",47.4,US-Mexico border crossing,POINT (-98.09003 27.84812)
2015-01-21,2015.0,1,TEXAS,1,"Harsh environmental conditions / lack of adequate shelter, food, water",47.4,US-Mexico border crossing,POINT (-98.17801 27.13491)
2015-01-21,2015.0,1,TEXAS,1,Violence,47.4,US-Mexico border crossing,POINT (-99.1306 26.5594)
2015-01-21,2015.0,1,TEXAS,1,"Harsh environmental conditions / lack of adequate shelter, food, water",47.4,US-Mexico border crossing,POINT (-98.52603 27.26413)
2015-01-22,2015.0,1,TEXAS,1,"Harsh environmental conditions / lack of adequate shelter, food, water",47.4,US-Mexico border crossing,POINT (-98.39323 27.18927)
2015-01-23,2015.0,1,TEXAS,1,"Harsh environmental conditions / lack of adequate shelter, food, water",47.4,US-Mexico border crossing,POINT (-98.16599 27.05054)
2015-01-23,2015.0,1,TEXAS,1,Drowning,47.4,US-Mexico border crossing,POINT (-99.49091 27.45624)
2015-01-23,2015.0,1,ARIZONA,1,Mixed or unknown,44.7,US-Mexico border crossing,POINT (-111.87957 31.77695)
2015-01-23,2015.0,1,TEXAS,1,"Harsh environmental conditions / lack of adequate shelter, food, water",47.4,US-Mexico border crossing,POINT (-98.16724 27.04661)
2015-01-27,2015.0,1,TEXAS,1,Mixed or unknown,47.4,US-Mexico border crossing,POINT (-98.11502 27.08348)
2015-01-28,2015.0,1,ARIZONA,1,Mixed or unknown,44.7,US-Mexico border crossing,POINT (-111.62657 31.53727)
2015-01-29,2015.0,1,TEXAS,1,"Harsh environmental conditions / lack of adequate shelter, food, water",47.4,US-Mexico border crossing,POINT (-100.14739 28.37605)
2015-01-30,2015.0,1,ARIZONA,1,Drowning,44.7,US-Mexico border crossing,POINT (-110.95346 31.39932)
2015-01-30,2015.0,1,TEXAS,1,Drowning,47.4,US-Mexico border crossing,POINT (-98.35614 26.18199)
2015-02-03,2015.0,2,TEXAS,1,Drowning,46.1,US-Mexico border crossing,POINT (-99.4924 27.45419)
2015-02-04,2015.0,2,TEXAS,1,Mixed or unknown,46.1,US-Mexico border crossing,POINT (-98.0943 27.00192)
2015-02-07,2015.0,2,TEXAS,1,"Harsh environmental conditions / lack of adequate shelter, food, water",46.1,US-Mexico border crossing,POINT (-97.90745 27.10694)
2015-02-08,2015.0,2,TEXAS,1,"Harsh environmental conditions / lack of adequate shelter, food, water",46.1,US-Mexico border crossing,POINT (-98.01932 27.07129)
2015-02-15,2015.0,2,TEXAS,1,"Harsh environmental conditions / lack of adequate shelter, food, water",46.1,US-Mexico border crossing,POINT (-99.11957 27.98179)
2015-02-16,2015.0,2,TEXAS,1,Drowning,46.1,US-Mexico border crossing,POINT (-97.93635 26.06434)
2015-02-17,2015.0,2,TEXAS,1,Drowning,46.1,US-Mexico border crossing,POINT (-98.26487 26.08599)
2015-02-17,2015.0,2,TEXAS,1,Drowning,46.1,US-Mexico border crossing,POINT (-98.26501 26.11727)
2015-02-18,2015.0,2,TEXAS,1,"Harsh environmental conditions / lack of adequate shelter, food, water",46.1,US-Mexico border crossing,POINT (-97.87144 27.00109)
2015-02-18,2015.0,2,TEXAS,1,"Harsh environmental conditions / lack of adequate shelter, food, water",46.1,US-Mexico border crossing,POINT (-98.29003 27.17155)
2015-02-21,2015.0,2,TEXAS,1,"Harsh environmental conditions / lack of adequate shelter, food, water",46.1,US-Mexico border crossing,POINT (-98.08829 27.16936)
2015-02-21,2015.0,2,TEXAS,1,"Harsh environmental conditions / lack of adequate shelter, food, water",46.1,US-Mexico border crossing,POINT (-98.08829 27.16936)
2015-02-21,2015.0,2,TEXAS,1,"Harsh environmental conditions / lack of adequate shelter, food, water",46.1,US-Mexico border crossing,POINT (-98.08829 27.16936)
2015-02-21,2015.0,2,TEXAS,1,"Harsh environmental conditions / lack of adequate shelter, food, water",46.1,US-Mexico border crossing,POINT (-98.08829 27.16936)
2015-02-26,2015.0,2,,1,Drowning,,US-Mexico border crossing,POINT (-99.7355 27.6887)
2015-03-01,2015.0,3,TEXAS,1,"Harsh environmental conditions / lack of adequate shelter, food, water",52.2,US-Mexico border crossing,POINT (-104.45733 30.52117)
2015-03-02,2015.0,3,TEXAS,1,Vehicle accident / death linked to hazardous transport,52.2,US-Mexico border crossing,POINT (-98.2551 26.92007)
2015-03-08,2015.0,3,TEXAS,1,Drowning,52.2,US-Mexico border crossing,POINT (-97.9003 26.0636)
2015-03-08,2015.0,3,TEXAS,1,Drowning,52.2,US-Mexico border crossing,POINT (-97.9003 26.0636)
2015-03-08,2015.0,3,TEXAS,1,"Harsh environmental conditions / lack of adequate shelter, food, water",52.2,US-Mexico border crossing,POINT (-99.84605 27.91115)
2015-03-11,2015.0,3,TEXAS,1,"Harsh environmental conditions / lack of adequate shelter, food, water",52.2,US-Mexico border crossing,POINT (-98.2206 27.0981)
2015-03-16,2015.0,3,TEXAS,1,Drowning,52.2,US-Mexico border crossing,POINT (-97.71119 27.26773)
2015-03-19,2015.0,3,TEXAS,1,"Harsh environmental conditions / lack of adequate shelter, food, water",52.2,US-Mexico border crossing,POINT (-98.0176 27.1235)
2015-03-19,2015.0,3,TEXAS,1,"Harsh environmental conditions / lack of adequate shelter, food, water",52.2,US-Mexico border crossing,POINT (-98.53781 26.27838)
2015-03-22,2015.0,3,TEXAS,1,"Harsh environmental conditions / lack of adequate shelter, food, water",52.2,US-Mexico border crossing,POINT (-97.83436 27.26836)
2015-03-24,2015.0,3,TEXAS,1,Mixed or unknown,52.2,US-Mexico border crossing,POINT (-98.54481 26.27081)
2015-03-28,2015.0,3,,1,Drowning,,US-Mexico border crossing,POINT (-97.2717 25.5301)
2015-03-29,2015.0,3,TEXAS,1,"Harsh environmental conditions / lack of adequate shelter, food, water",52.2,US-Mexico border crossing,POINT (-98.18938 27.01135)
2015-03-30,2015.0,3,TEXAS,1,"Harsh environmental conditions / lack of adequate shelter, food, water",52.2,US-Mexico border crossing,POINT (-98.25173 27.05816)
2015-04-07,2015.0,4,TEXAS,1,Drowning,61.4,US-Mexico border crossing,POINT (-99.43278 27.20477)
2015-04-08,2015.0,4,TEXAS,1,Drowning,61.4,US-Mexico border crossing,POINT (-99.53556 27.59212)
2015-04-09,2015.0,4,ARIZONA,1,Mixed or unknown,57.4,US-Mexico border crossing,POINT (-111.85829 31.81461)
2015-04-15,2015.0,4,TEXAS,1,Drowning,61.4,US-Mexico border crossing,POINT (-97.38425 25.84167)
2015-04-23,2015.0,4,TEXAS,1,Drowning,61.4,US-Mexico border crossing,POINT (-99.47923 27.48394)
2015-04-24,2015.0,4,TEXAS,1,"Harsh environmental conditions / lack of adequate shelter, food, water",61.4,US-Mexico border crossing,POINT (-99.53994 28.27058)
2015-04-28,2015.0,4,TEXAS,1,Drowning,61.4,US-Mexico border crossing,POINT (-99.47977 27.48561)
2015-05-06,2015.0,5,TEXAS,1,Vehicle accident / death linked to hazardous transport,69.1,US-Mexico border crossing,POINT (-99.36215 28.01339)
2015-05-07,2015.0,5,TEXAS,1,Mixed or unknown,69.1,US-Mexico border crossing,POINT (-98.11239 27.05227)
2015-05-08,2015.0,5,TEXAS,1,"Harsh environmental conditions / lack of adequate shelter, food, water",69.1,US-Mexico border crossing,POINT (-98.5563 26.2759)
2015-05-14,2015.0,5,ARIZONA,1,Drowning,60.6,US-Mexico border crossing,POINT (-114.74671 32.6644)
2015-05-14,2015.0,5,ARIZONA,1,Drowning,60.6,US-Mexico border crossing,POINT (-114.74671 32.6644)
2015-05-17,2015.0,5,TEXAS,1,Drowning,69.1,US-Mexico border crossing,POINT (-100.5526 28.8303)
2015-05-18,2015.0,5,TEXAS,1,"Harsh environmental conditions / lack of adequate shelter, food, water",69.1,US-Mexico border crossing,POINT (-100.0117 28.0815)
2015-05-23,2015.0,5,TEXAS,1,"Harsh environmental conditions / lack of adequate shelter, food, water",69.1,US-Mexico border crossing,POINT (-99.45953 27.34847)
2015-05-24,2015.0,5,TEXAS,1,Drowning,69.1,US-Mexico border crossing,POINT (-98.44905 26.22364)
2015-05-25,2015.0,5,TEXAS,1,Drowning,69.1,US-Mexico border crossing,POINT (-98.25139 26.077)
2015-05-26,2015.0,5,TEXAS,1,"Harsh environmental conditions / lack of adequate shelter, food, water",69.1,US-Mexico border crossing,POINT (-98.10162 26.97237)
2015-05-26,2015.0,5,TEXAS,1,Drowning,69.1,US-Mexico border crossing,POINT (-97.22948 25.95875)
2015-05-27,2015.0,5,,1,Drowning,,US-Mexico border crossing,POINT (-99.5821 27.60608)
2015-05-27,2015.0,5,TEXAS,1,Drowning,69.1,US-Mexico border crossing,POINT (-99.62451 27.63694)
2015-05-28,2015.0,5,TEXAS,1,Drowning,69.1,US-Mexico border crossing,POINT (-99.50746 27.35105)
2015-05-30,2015.0,5,TEXAS,1,"Harsh environmental conditions / lack of adequate shelter, food, water",69.1,US-Mexico border crossing,POINT (-99.67986 27.78283)
2015-05-31,2015.0,5,ARIZONA,1,Mixed or unknown,60.6,US-Mexico border crossing,POINT (-111.01507 31.35226)
2015-06-01,2015.0,6,TEXAS,1,"Harsh environmental conditions / lack of adequate shelter, food, water",75.4,US-Mexico border crossing,POINT (-98.43327 27.11459)
2015-06-01,2015.0,6,TEXAS,1,Drowning,75.4,US-Mexico border crossing,POINT (-100.44574 28.63838)
2015-06-04,2015.0,6,TEXAS,1,Mixed or unknown,75.4,US-Mexico border crossing,POINT (-98.1611 27.0609)
2015-06-05,2015.0,6,TEXAS,1,"Harsh environmental conditions / lack of adequate shelter, food, water",75.4,US-Mexico border crossing,POINT (-98.64805 26.26831)
2015-06-10,2015.0,6,,1,Drowning,,US-Mexico border crossing,POINT (-97.4546 25.8778)
2015-06-10,2015.0,6,TEXAS,1,Drowning,75.4,US-Mexico border crossing,POINT (-98.35099 26.15982)
2015-06-11,2015.0,6,TEXAS,1,Drowning,75.4,US-Mexico border crossing,POINT (-99.46843 27.30929)
2015-06-12,2015.0,6,TEXAS,1,Drowning,75.4,US-Mexico border crossing,POINT (-99.50095 27.30569)
2015-06-12,2015.0,6,TEXAS,1,"Harsh environmental conditions / lack of adequate shelter, food, water",75.4,US-Mexico border crossing,POINT (-98.34916 27.09076)
2015-06-14,2015.0,6,,1,Drowning,,US-Mexico border crossing,POINT (-99.73355 27.68706)
2015-06-14,2015.0,6,,1,Drowning,,US-Mexico border crossing,POINT (-99.5179 27.49771)
2015-06-16,2015.0,6,CALIFORNIA,1,Mixed or unknown,67.6,US-Mexico border crossing,POINT (-116.4654 32.5926)
2015-06-17,2015.0,6,ARIZONA,1,"Harsh environmental conditions / lack of adequate shelter, food, water",70.6,US-Mexico border crossing,POINT (-113.4332 32.2159)
2015-06-19,2015.0,6,CALIFORNIA,1,Drowning,67.6,US-Mexico border crossing,POINT (-115.35231 32.67578)
2015-06-20,2015.0,6,ARIZONA,1,"Harsh environmental conditions / lack of adequate shelter, food, water",70.6,US-Mexico border crossing,POINT (-113.6843 32.2789)
2015-06-20,2015.0,6,CALIFORNIA,1,"Harsh environmental conditions / lack of adequate shelter, food, water",67.6,US-Mexico border crossing,POINT (-115.69194 32.6794)
2015-06-22,2015.0,6,TEXAS,1,Drowning,75.4,US-Mexico border crossing,POINT (-98.3002 26.1177)
2015-06-23,2015.0,6,TEXAS,1,"Harsh environmental conditions / lack of adequate shelter, food, water",75.4,US-Mexico border crossing,POINT (-98.225 27.1834)
2015-06-26,2015.0,6,,1,Mixed or unknown,,US-Mexico border crossing,POINT (-99.0169 26.4026)
2015-06-27,2015.0,6,,1,Drowning,,US-Mexico border crossing,POINT (-97.45218 25.85826)
2015-06-27,2015.0,6,CALIFORNIA,1,"Harsh environmental conditions / lack of adequate shelter, food, water",67.6,US-Mexico border crossing,POINT (-115.7609 32.66653)
2015-06-27,2015.0,6,TEXAS,1,Drowning,75.4,US-Mexico border crossing,POINT (-98.08135 26.07152)
2015-06-28,2015.0,6,TEXAS,1,Drowning,75.4,US-Mexico border crossing,POINT (-98.257 26.0817)
2015-06-30,2015.0,6,TEXAS,1,"Harsh environmental conditions / lack of adequate shelter, food, water",75.4,US-Mexico border crossing,POINT (-99.10404 28.12628)
2015-07-06,2015.0,7,TEXAS,1,"Harsh environmental conditions / lack of adequate shelter, food, water",81.2,US-Mexico border crossing,POINT (-99.84598 27.8826)
2015-07-10,2015.0,7,TEXAS,1,"Harsh environmental conditions / lack of adequate shelter, food, water",81.2,US-Mexico border crossing,POINT (-99.94117 28.10167)
2015-07-14,2015.0,7,TEXAS,1,Drowning,81.2,US-Mexico border crossing,POINT (-100.02894 28.07339)
2015-07-15,2015.0,7,TEXAS,1,"Harsh environmental conditions / lack of adequate shelter, food, water",81.2,US-Mexico border crossing,POINT (-98.2593 27.2097)
2015-07-18,2015.0,7,TEXAS,1,"Harsh environmental conditions / lack of adequate shelter, food, water",81.2,US-Mexico border crossing,POINT (-99.18508 27.96363)
2015-07-21,2015.0,7,TEXAS,1,"Harsh environmental conditions / lack of adequate shelter, food, water",81.2,US-Mexico border crossing,POINT (-98.8224 27.3123)
2015-07-24,2015.0,7,TEXAS,1,"Harsh environmental conditions / lack of adequate shelter, food, water",81.2,US-Mexico border crossing,POINT (-100.0877 29.42555)
2015-07-24,2015.0,7,TEXAS,1,"Harsh environmental conditions / lack of adequate shelter, food, water",81.2,US-Mexico border crossing,POINT (-100.0877 29.42555)
2015-07-28,2015.0,7,TEXAS,1,"Harsh environmental conditions / lack of adequate shelter, food, water",81.2,US-Mexico border crossing,POINT (-100.0216 28.1046)
2015-07-29,2015.0,7,TEXAS,1,Drowning,81.2,US-Mexico border crossing,POINT (-99.4965 27.4982)
2015-07-30,2015.0,7,TEXAS,1,"Harsh environmental conditions / lack of adequate shelter, food, water",81.2,US-Mexico border crossing,POINT (-99.48526 27.41572)
2015-07-30,2015.0,7,TEXAS,1,"Harsh environmental conditions / lack of adequate shelter, food, water",81.2,US-Mexico border crossing,POINT (-99.79224 28.20092)
2015-07-31,2015.0,7,TEXAS,1,Mixed or unknown,81.2,US-Mexico border crossing,POINT (-104.07504 29.4432)
2015-08-02,2015.0,8,TEXAS,1,Drowning,83.2,US-Mexico border crossing,POINT (-98.58328 26.24658)
2015-08-04,2015.0,8,TEXAS,1,Drowning,83.2,US-Mexico border crossing,POINT (-99.5029 27.50067)
2015-08-04,2015.0,8,TEXAS,1,Drowning,83.2,US-Mexico border crossing,POINT (-99.50329 27.50062)
2015-08-04,2015.0,8,TEXAS,1,"Harsh environmental conditions / lack of adequate shelter, food, water",83.2,US-Mexico border crossing,POINT (-99.41814 27.22596)
2015-08-07,2015.0,8,TEXAS,1,"Harsh environmental conditions / lack of adequate shelter, food, water",83.2,US-Mexico border crossing,POINT (-100.34674 28.53608)
2015-08-07,2015.0,8,TEXAS,1,"Harsh environmental conditions / lack of adequate shelter, food, water",83.2,US-Mexico border crossing,POINT (-98.80664 27.5483)
2015-08-08,2015.0,8,ARIZONA,1,"Harsh environmental conditions / lack of adequate shelter, food, water",79.6,US-Mexico border crossing,POINT (-112.94067 32.10567)
2015-08-12,2015.0,8,,1,Violence,,US-Mexico border crossing,POINT (-116.88684 32.5546)
2015-08-13,2015.0,8,ARIZONA,1,"Harsh environmental conditions / lack of adequate shelter, food, water",79.6,US-Mexico border crossing,POINT (-111.56828 32.10595)
2015-08-14,2015.0,8,,1,Drowning,,US-Mexico border crossing,POINT (-99.49584 27.43876)
2015-08-15,2015.0,8,CALIFORNIA,1,Mixed or unknown,75.8,US-Mexico border crossing,POINT (-116.92387 32.56085)
2015-08-19,2015.0,8,TEXAS,1,Mixed or unknown,83.2,US-Mexico border crossing,POINT (-98.65103 26.2789)
2015-08-20,2015.0,8,TEXAS,1,Violence,83.2,US-Mexico border crossing,POINT (-98.64468 26.25203)
2015-08-20,2015.0,8,TEXAS,1,Violence,83.2,US-Mexico border crossing,POINT (-98.64468 26.25203)
2015-08-20,2015.0,8,TEXAS,1,"Harsh environmental conditions / lack of adequate shelter, food, water",83.2,US-Mexico border crossing,POINT (-102.60825 30.09164)
2015-08-22,2015.0,8,ARIZONA,1,"Harsh environmental conditions / lack of adequate shelter, food, water",79.6,US-Mexico border crossing,POINT (-112.98095 32.14517)
2015-08-23,2015.0,8,TEXAS,1,Vehicle accident / death linked to hazardous transport,83.2,US-Mexico border crossing,POINT (-99.3573 28.03457)
2015-08-23,2015.0,8,TEXAS,1,"Harsh environmental conditions / lack of adequate shelter, food, water",83.2,US-Mexico border crossing,POINT (-98.39365 27.19121)
2015-08-25,2015.0,8,ARIZONA,1,Vehicle accident / death linked to hazardous transport,79.6,US-Mexico border crossing,POINT (-111.4946 32.08302)
2015-08-27,2015.0,8,TEXAS,1,"Harsh environmental conditions / lack of adequate shelter, food, water",83.2,US-Mexico border crossing,POINT (-99.85835 28.13189)
2015-08-28,2015.0,8,TEXAS,1,"Harsh environmental conditions / lack of adequate shelter, food, water",83.2,US-Mexico border crossing,POINT (-100.03584 28.13803)
2015-08-28,2015.0,8,ARIZONA,1,"Harsh environmental conditions / lack of adequate shelter, food, water",79.6,US-Mexico border crossing,POINT (-113.12333 32.36092)
2015-08-29,2015.0,8,TEXAS,1,"Harsh environmental conditions / lack of adequate shelter, food, water",83.2,US-Mexico border crossing,POINT (-98.4228 27.104)
2015-08-30,2015.0,8,ARIZONA,1,"Harsh environmental conditions / lack of adequate shelter, food, water",79.6,US-Mexico border crossing,POINT (-113.49625 32.2146)
2015-08-31,2015.0,8,TEXAS,1,"Harsh environmental conditions / lack of adequate shelter, food, water",83.2,US-Mexico border crossing,POINT (-99.40265 27.96808)
2015-09-01,2015.0,9,TEXAS,1,"Harsh environmental conditions / lack of adequate shelter, food, water",81.2,US-Mexico border crossing,POINT (-99.06216 27.97848)
2015-09-02,2015.0,9,TEXAS,1,"Harsh environmental conditions / lack of adequate shelter, food, water",81.2,US-Mexico border crossing,POINT (-97.94732 27.18167)
2015-09-02,2015.0,9,ARIZONA,1,"Harsh environmental conditions / lack of adequate shelter, food, water",77.8,US-Mexico border crossing,POINT (-111.96318 31.63683)
2015-09-04,2015.0,9,TEXAS,1,"Harsh environmental conditions / lack of adequate shelter, food, water",81.2,US-Mexico border crossing,POINT (-98.15934 27.11716)
2015-09-08,2015.0,9,,1,Drowning,,US-Mexico border crossing,POINT (-99.4905 27.42292)
2015-09-08,2015.0,9,TEXAS,1,Drowning,81.2,US-Mexico border crossing,POINT (-99.47902 27.48015)
2015-09-09,2015.0,9,ARIZONA,1,"Harsh environmental conditions / lack of adequate shelter, food, water",77.8,US-Mexico border crossing,POINT (-112.29251 31.93709)
2015-09-10,2015.0,9,ARIZONA,1,Mixed or unknown,77.8,US-Mexico border crossing,POINT (-113.60158 32.59725)
2015-09-15,2015.0,9,ARIZONA,1,"Harsh environmental conditions / lack of adequate shelter, food, water",77.8,US-Mexico border crossing,POINT (-111.66115 31.68545)
2015-09-18,2015.0,9,TEXAS,1,"Harsh environmental conditions / lack of adequate shelter, food, water",81.2,US-Mexico border crossing,POINT (-99.494 27.6079)
2015-09-18,2015.0,9,TEXAS,1,"Harsh environmental conditions / lack of adequate shelter, food, water",81.2,US-Mexico border crossing,POINT (-100.52496 29.15061)
2015-09-23,2015.0,9,CALIFORNIA,1,Mixed or unknown,74.3,US-Mexico border crossing,POINT (-116.74174 32.64468)
2015-09-26,2015.0,9,TEXAS,1,"Harsh environmental conditions / lack of adequate shelter, food, water",81.2,US-Mexico border crossing,POINT (-100.18673 28.65464)
2015-09-26,2015.0,9,TEXAS,1,Mixed or unknown,81.2,US-Mexico border crossing,POINT (-98.45388 27.21708)
2015-09-26,2015.0,9,,1,Drowning,,US-Mexico border crossing,POINT (-99.79653 27.73548)
2015-09-28,2015.0,9,CALIFORNIA,1,Mixed or unknown,74.3,US-Mexico border crossing,POINT (-116.70964 32.63478)
2015-09-28,2015.0,9,TEXAS,1,"Harsh environmental conditions / lack of adequate shelter, food, water",81.2,US-Mexico border crossing,POINT (-99.44744 28.10987)
2015-10-04,2015.0,10,TEXAS,1,"Harsh environmental conditions / lack of adequate shelter, food, water",74.2,US-Mexico border crossing,POINT (-98.29499 27.05104)
2015-10-04,2015.0,10,TEXAS,1,"Harsh environmental conditions / lack of adequate shelter, food, water",74.2,US-Mexico border crossing,POINT (-99.86748 27.99295)
2015-10-06,2015.0,10,TEXAS,1,Mixed or unknown,74.2,US-Mexico border crossing,POINT (-99.02898 26.41175)
2015-10-08,2015.0,10,TEXAS,1,"Harsh environmental conditions / lack of adequate shelter, food, water",74.2,US-Mexico border crossing,POINT (-100.09262 28.18286)
2015-10-08,2015.0,10,TEXAS,1,"Harsh environmental conditions / lack of adequate shelter, food, water",74.2,US-Mexico border crossing,POINT (-100.09187 28.18599)
2015-10-09,2015.0,10,TEXAS,1,Drowning,74.2,US-Mexico border crossing,POINT (-99.50429 27.33875)
2015-10-10,2015.0,10,ARIZONA,1,Mixed or unknown,69.8,US-Mexico border crossing,POINT (-109.5061 31.37782)
2015-10-11,2015.0,10,CALIFORNIA,1,Drowning,68.6,US-Mexico border crossing,POINT (-115.00556 32.70532)
2015-10-16,2015.0,10,TEXAS,1,Mixed or unknown,74.2,US-Mexico border crossing,POINT (-98.78324 27.15475)
2015-10-18,2015.0,10,TEXAS,1,"Harsh environmental conditions / lack of adequate shelter, food, water",74.2,US-Mexico border crossing,POINT (-99.48283 27.29153)
2015-10-18,2015.0,10,TEXAS,1,Drowning,74.2,US-Mexico border crossing,POINT (-99.4802 27.4853)
2015-10-19,2015.0,10,TEXAS,1,"Harsh environmental conditions / lack of adequate shelter, food, water",74.2,US-Mexico border crossing,POINT (-98.02589 26.87976)
2015-10-26,2015.0,10,TEXAS,1,"Harsh environmental conditions / lack of adequate shelter, food, water",74.2,US-Mexico border crossing,POINT (-98.2148 27.16093)
2015-10-27,2015.0,10,TEXAS,1,Mixed or unknown,74.2,US-Mexico border crossing,POINT (-98.2548 27.02995)
2015-10-28,2015.0,10,TEXAS,1,Drowning,74.2,US-Mexico border crossing,POINT (-99.52483 27.52346)
2015-11-02,2015.0,11,TEXAS,1,Vehicle accident / death linked to hazardous transport,63.2,US-Mexico border crossing,POINT (-99.88944 28.01444)
2015-11-04,2015.0,11,TEXAS,1,"Harsh environmental conditions / lack of adequate shelter, food, water",63.2,US-Mexico border crossing,POINT (-100.21764 28.28565)
2015-11-09,2015.0,11,TEXAS,1,"Harsh environmental conditions / lack of adequate shelter, food, water",63.2,US-Mexico border crossing,POINT (-100.15558 28.27138)
2015-11-10,2015.0,11,TEXAS,1,Vehicle accident / death linked to hazardous transport,63.2,US-Mexico border crossing,POINT (-99.49183 27.81019)
2015-11-11,2015.0,11,TEXAS,1,"Harsh environmental conditions / lack of adequate shelter, food, water",63.2,US-Mexico border crossing,POINT (-99.42972 27.27905)
2015-11-15,2015.0,11,TEXAS,1,Mixed or unknown,63.2,US-Mexico border crossing,POINT (-99.48871 27.40071)
2015-11-17,2015.0,11,TEXAS,1,Drowning,63.2,US-Mexico border crossing,POINT (-99.49286 27.37984)
2015-11-19,2015.0,11,TEXAS,1,Drowning,63.2,US-Mexico border crossing,POINT (-99.49414 27.49814)
2015-11-20,2015.0,11,,1,Drowning,,US-Mexico border crossing,POINT (-99.48783 27.41299)
2015-11-21,2015.0,11,TEXAS,1,Mixed or unknown,63.2,US-Mexico border crossing,POINT (-98.15422 27.09426)
2015-11-22,2015.0,11,TEXAS,1,Drowning,63.2,US-Mexico border crossing,POINT (-97.5454 26.0404)
2015-11-23,2015.0,11,TEXAS,1,Vehicle accident / death linked to hazardous transport,63.2,US-Mexico border crossing,POINT (-98.37422 26.21436)
2015-11-25,2015.0,11,TEXAS,1,Drowning,63.2,US-Mexico border crossing,POINT (-99.48422 27.46451)
2015-12-01,2015.0,12,ARIZONA,1,"Harsh environmental conditions / lack of adequate shelter, food, water",44.6,US-Mexico border crossing,POINT (-111.61611 31.74947)
2015-12-06,2015.0,12,TEXAS,1,"Harsh environmental conditions / lack of adequate shelter, food, water",54.4,US-Mexico border crossing,POINT (-98.76515 27.23847)
2015-12-12,2015.0,12,TEXAS,1,"Harsh environmental conditions / lack of adequate shelter, food, water",54.4,US-Mexico border crossing,POINT (-98.83665 27.69541)
2015-12-13,2015.0,12,TEXAS,1,Vehicle accident / death linked to hazardous transport,54.4,US-Mexico border crossing,POINT (-98.1495 27.3671)
2015-12-13,2015.0,12,TEXAS,1,Vehicle accident / death linked to hazardous transport,54.4,US-Mexico border crossing,POINT (-98.1495 27.3671)
2015-12-15,2015.0,12,TEXAS,1,"Harsh environmental conditions / lack of adequate shelter, food, water",54.4,US-Mexico border crossing,POINT (-98.87925 28.04707)
2015-12-15,2015.0,12,TEXAS,1,Mixed or unknown,54.4,US-Mexico border crossing,POINT (-98.208 27.0243)
2015-12-15,2015.0,12,TEXAS,1,Mixed or unknown,54.4,US-Mexico border crossing,POINT (-98.1259 27.0873)
2015-12-15,2015.0,12,TEXAS,1,Sickness / lack of access to adequate healthcare,54.4,US-Mexico border crossing,POINT (-104.57329 30.28752)
2015-12-18,2015.0,12,TEXAS,1,Mixed or unknown,54.4,US-Mexico border crossing,POINT (-97.9924 27.1017)
2015-12-21,2015.0,12,TEXAS,1,Mixed or unknown,54.4,US-Mexico border crossing,POINT (-98.13416 27.19409)
2015-12-22,2015.0,12,TEXAS,1,Mixed or unknown,54.4,US-Mexico border crossing,POINT (-98.1985 27.2028)
2015-12-24,2015.0,12,TEXAS,1,"Harsh environmental conditions / lack of adequate shelter, food, water",54.4,US-Mexico border crossing,POINT (-104.02091 30.50491)
2015-12-27,2015.0,12,TEXAS,1,"Harsh environmental conditions / lack of adequate shelter, food, water",54.4,US-Mexico border crossing,POINT (-99.48571 27.37311)
2016-01-05,2016.0,1,ARIZONA,1,Mixed or unknown,41.4,US-Mexico border crossing,POINT (-111.40755 31.81276)
2016-01-05,2016.0,1,ARIZONA,1,Mixed or unknown,41.4,US-Mexico border crossing,POINT (-112.54042 31.9148)
2016-01-08,2016.0,1,TEXAS,4,Mixed or unknown,49.0,US-Mexico border crossing,POINT (-98.38485 27.011606)
2016-01-09,2016.0,1,ARIZONA,1,"Harsh environmental conditions / lack of adequate shelter, food, water",41.4,US-Mexico border crossing,POINT (-111.237689 32.152887)
2016-01-13,2016.0,1,TEXAS,1,Sickness / lack of access to adequate healthcare,49.0,US-Mexico border crossing,POINT (-98.38485 27.011606)
2016-01-25,2016.0,1,ARIZONA,1,Mixed or unknown,41.4,US-Mexico border crossing,POINT (-111.78898 31.8769)
2016-01-26,2016.0,1,ARIZONA,1,Mixed or unknown,41.4,US-Mexico border crossing,POINT (-113.1067 32.29187)
2016-01-26,2016.0,1,,1,Mixed or unknown,,US-Mexico border crossing,POINT (-113.05898 31.95346)
2016-01-31,2016.0,1,TEXAS,1,Vehicle accident / death linked to hazardous transport,49.0,US-Mexico border crossing,POINT (-99.698746 27.715589)
2016-01-25,2016.0,1,TEXAS,1,Drowning,49.0,US-Mexico border crossing,POINT (-97.498212 25.899013)
2016-02-09,2016.0,2,TEXAS,11,Mixed or unknown,50.4,US-Mexico border crossing,POINT (-99.25236 27.69836)
2016-02-09,2016.0,2,TEXAS,1,Drowning,50.4,US-Mexico border crossing,POINT (-97.49274 25.88124)
2016-02-18,2016.0,2,TEXAS,4,Vehicle accident / death linked to hazardous transport,50.4,US-Mexico border crossing,POINT (-99.0377 27.6946)
2016-02-19,2016.0,2,TEXAS,2,Drowning,50.4,US-Mexico border crossing,POINT (-99.0295 26.41162)
2016-02-21,2016.0,2,ARIZONA,1,Mixed or unknown,46.2,US-Mexico border crossing,POINT (-112.1606 32.63308)
2016-02-25,2016.0,2,,1,Mixed or unknown,,US-Mexico border crossing,POINT (-98.831119 26.364874)
2016-03-01,2016.0,3,ARIZONA,1,Mixed or unknown,52.8,US-Mexico border crossing,POINT (-111.85818 31.704)
2016-03-03,2016.0,3,ARIZONA,1,Mixed or unknown,52.8,US-Mexico border crossing,POINT (-112.95431 32.20324)
2016-03-03,2016.0,3,ARIZONA,1,Mixed or unknown,52.8,US-Mexico border crossing,POINT (-112.1373 31.826717)
2016-03-06,2016.0,3,ARIZONA,1,Mixed or unknown,52.8,US-Mexico border crossing,POINT (-113.10317 32.38652)
2016-03-07,2016.0,3,ARIZONA,1,"Harsh environmental conditions / lack of adequate shelter, food, water",52.8,US-Mexico border crossing,POINT (-113.10296 32.2651)
2016-03-07,2016.0,3,ARIZONA,1,Mixed or unknown,52.8,US-Mexico border crossing,POINT (-113.069 32.15192)
2016-03-08,2016.0,3,TEXAS,1,Drowning,57.8,US-Mexico border crossing,POINT (-98.383348 26.376354)
2016-03-14,2016.0,3,CALIFORNIA,1,Drowning,52.2,US-Mexico border crossing,POINT (-115.061691 32.704148)
2016-03-18,2016.0,3,ARIZONA,1,Mixed or unknown,52.8,US-Mexico border crossing,POINT (-112.665017 32.206583)
2016-03-19,2016.0,3,TEXAS,1,Vehicle accident / death linked to hazardous transport,57.8,US-Mexico border crossing,POINT (-97.839849 30.306259)
2016-03-20,2016.0,3,TEXAS,1,Mixed or unknown,57.8,US-Mexico border crossing,POINT (-97.80312 27.18293)
2016-03-20,2016.0,3,TEXAS,1,Mixed or unknown,57.8,US-Mexico border crossing,POINT (-97.851637 27.421456)
2016-03-20,2016.0,3,TEXAS,1,Drowning,57.8,US-Mexico border crossing,POINT (-98.40271 26.18584)
2016-03-20,2016.0,3,ARIZONA,1,Mixed or unknown,52.8,US-Mexico border crossing,POINT (-111.705333 32.0037)
2016-03-24,2016.0,3,ARIZONA,1,Vehicle accident / death linked to hazardous transport,52.8,US-Mexico border crossing,POINT (-114.62762 32.69266)
2016-03-26,2016.0,3,TEXAS,1,Drowning,57.8,US-Mexico border crossing,POINT (-98.383348 26.376354)
2016-03-27,2016.0,3,TEXAS,1,Mixed or unknown,57.8,US-Mexico border crossing,POINT (-98.383348 26.376354)
2016-03-23,2016.0,3,CALIFORNIA,2,Vehicle accident / death linked to hazardous transport,52.2,US-Mexico border crossing,POINT (-114.72356 32.74421)
2016-03-30,2016.0,3,ARIZONA,1,Accidental death,52.8,US-Mexico border crossing,POINT (-111.067139 31.364901)
2016-04-01,2016.0,4,ARIZONA,1,Mixed or unknown,56.7,US-Mexico border crossing,POINT (-113.138344 32.423462)
2016-04-01,2016.0,4,ARIZONA,1,Mixed or unknown,56.7,US-Mexico border crossing,POINT (-112.115617 32.329483)
2016-04-07,2016.0,4,ARIZONA,1,Mixed or unknown,56.7,US-Mexico border crossing,POINT (-111.385941 31.888497)
2016-04-07,2016.0,4,ARIZONA,1,"Harsh environmental conditions / lack of adequate shelter, food, water",56.7,US-Mexico border crossing,POINT (-112.14965 31.95437)
2016-04-08,2016.0,4,ARIZONA,1,Mixed or unknown,56.7,US-Mexico border crossing,POINT (-112.10063 31.80408)
2016-04-18,2016.0,4,ARIZONA,1,"Harsh environmental conditions / lack of adequate shelter, food, water",56.7,US-Mexico border crossing,POINT (-112.832183 32.713283)
2016-04-23,2016.0,4,ARIZONA,1,Mixed or unknown,56.7,US-Mexico border crossing,POINT (-112.754 32.657333)
2016-04-24,2016.0,4,TEXAS,1,Drowning,63.6,US-Mexico border crossing,POINT (-98.383348 26.376354)
2016-05-03,2016.0,5,TEXAS,1,Drowning,68.8,US-Mexico border crossing,POINT (-100.50642 28.71736)
2016-05-06,2016.0,5,ARIZONA,1,Mixed or unknown,61.6,US-Mexico border crossing,POINT (-111.394867 32.088883)
2016-05-11,2016.0,5,TEXAS,1,Drowning,68.8,US-Mexico border crossing,POINT (-98.541238 27.022782)
2016-05-13,2016.0,5,TEXAS,1,"Harsh environmental conditions / lack of adequate shelter, food, water",68.8,US-Mexico border crossing,POINT (-98.43125 27.15453)
2016-05-13,2016.0,5,CALIFORNIA,1,Drowning,60.0,US-Mexico border crossing,POINT (-115.61657 32.6566)
2016-05-15,2016.0,5,ARIZONA,1,"Harsh environmental conditions / lack of adequate shelter, food, water",61.6,US-Mexico border crossing,POINT (-112.38265 31.963317)
2016-05-15,2016.0,5,ARIZONA,1,Mixed or unknown,61.6,US-Mexico border crossing,POINT (-112.134454 31.846587)
2016-05-14,2016.0,5,TEXAS,1,"Harsh environmental conditions / lack of adequate shelter, food, water",68.8,US-Mexico border crossing,POINT (-98.18951 27.23165)
2016-05-18,2016.0,5,ARIZONA,1,Mixed or unknown,61.6,US-Mexico border crossing,POINT (-111.718933 32.278367)
2016-05-22,2016.0,5,TEXAS,1,Vehicle accident / death linked to hazardous transport,68.8,US-Mexico border crossing,POINT (-99.36789 28.01549)
2016-05-23,2016.0,5,ARIZONA,1,Mixed or unknown,61.6,US-Mexico border crossing,POINT (-112.959916 32.35183)
2016-05-26,2016.0,5,ARIZONA,1,Mixed or unknown,61.6,US-Mexico border crossing,POINT (-110.18449 31.82115)
2016-05-27,2016.0,5,TEXAS,1,Vehicle accident / death linked to hazardous transport,68.8,US-Mexico border crossing,POINT (-99.159527 28.308445)
2016-05-29,2016.0,5,TEXAS,1,Mixed or unknown,68.8,US-Mexico border crossing,POINT (-98.383348 26.376354)
2016-05-30,2016.0,5,,1,Drowning,,US-Mexico border crossing,POINT (-115.416305 32.665977)
2016-05-31,2016.0,5,ARIZONA,1,Mixed or unknown,61.6,US-Mexico border crossing,POINT (-112.49766 32.26801)
2016-05-31,2016.0,5,ARIZONA,1,Mixed or unknown,61.6,US-Mexico border crossing,POINT (-112.12413 31.8051)
2016-05-31,2016.0,5,ARIZONA,1,Mixed or unknown,61.6,US-Mexico border crossing,POINT (-111.5738 31.796)
2016-06-01,2016.0,6,ARIZONA,1,Mixed or unknown,72.4,US-Mexico border crossing,POINT (-111.625183 31.765067)
2016-06-02,2016.0,6,ARIZONA,1,"Harsh environmental conditions / lack of adequate shelter, food, water",72.4,US-Mexico border crossing,POINT (-113.303 32.34286)
2016-05-28,2016.0,5,TEXAS,1,Mixed or unknown,68.8,US-Mexico border crossing,POINT (-98.383348 26.376354)
2016-06-04,2016.0,6,ARIZONA,1,"Harsh environmental conditions / lack of adequate shelter, food, water",72.4,US-Mexico border crossing,POINT (-114.42545 32.43673)
2016-06-06,2016.0,6,ARIZONA,1,"Harsh environmental conditions / lack of adequate shelter, food, water",72.4,US-Mexico border crossing,POINT (-112.100464 31.918734)
2016-06-07,2016.0,6,ARIZONA,1,"Harsh environmental conditions / lack of adequate shelter, food, water",72.4,US-Mexico border crossing,POINT (-111.24967 32.21936)
2016-06-07,2016.0,6,ARIZONA,1,"Harsh environmental conditions / lack of adequate shelter, food, water",72.4,US-Mexico border crossing,POINT (-112.072267 31.816117)
2016-06-07,2016.0,6,ARIZONA,1,Mixed or unknown,72.4,US-Mexico border crossing,POINT (-111.95146 32.5567)
2016-06-09,2016.0,6,ARIZONA,1,Violence,72.4,US-Mexico border crossing,POINT (-114.709677 32.59644)
2016-06-09,2016.0,6,ARIZONA,1,"Harsh environmental conditions / lack of adequate shelter, food, water",72.4,US-Mexico border crossing,POINT (-112.093 31.7378)
2016-06-09,2016.0,6,ARIZONA,1,Mixed or unknown,72.4,US-Mexico border crossing,POINT (-111.03047 32.39779)
2016-06-09,2016.0,6,ARIZONA,1,Violence,72.4,US-Mexico border crossing,POINT (-114.748075 32.661761)
2016-06-10,2016.0,6,TEXAS,1,Drowning,75.8,US-Mexico border crossing,POINT (-97.690653 26.149067)
2016-06-10,2016.0,6,ARIZONA,1,"Harsh environmental conditions / lack of adequate shelter, food, water",72.4,US-Mexico border crossing,POINT (-113.3066 32.3475)
2016-06-10,2016.0,6,ARIZONA,1,"Harsh environmental conditions / lack of adequate shelter, food, water",72.4,US-Mexico border crossing,POINT (-113.3066 32.3477)
2016-06-10,2016.0,6,ARIZONA,1,"Harsh environmental conditions / lack of adequate shelter, food, water",72.4,US-Mexico border crossing,POINT (-113.3064 32.3475)
2016-06-10,2016.0,6,ARIZONA,1,"Harsh environmental conditions / lack of adequate shelter, food, water",72.4,US-Mexico border crossing,POINT (-113.3068 32.3475)
2016-06-13,2016.0,6,ARIZONA,1,"Harsh environmental conditions / lack of adequate shelter, food, water",72.4,US-Mexico border crossing,POINT (-112.989 32.20416)
2016-06-15,2016.0,6,CALIFORNIA,1,Mixed or unknown,67.8,US-Mexico border crossing,POINT (-117.051298 32.554309)
2016-06-15,2016.0,6,TEXAS,1,"Harsh environmental conditions / lack of adequate shelter, food, water",75.8,US-Mexico border crossing,POINT (-100.1395 28.49257)
2016-06-30,2016.0,6,TEXAS,1,Mixed or unknown,75.8,US-Mexico border crossing,POINT (-99.698746 27.715589)
2016-06-16,2016.0,6,ARIZONA,1,Accidental death,72.4,US-Mexico border crossing,POINT (-112.006667 31.7917)
2016-06-16,2016.0,6,ARIZONA,1,"Harsh environmental conditions / lack of adequate shelter, food, water",72.4,US-Mexico border crossing,POINT (-112.758533 32.6087)
2016-06-19,2016.0,6,TEXAS,1,"Harsh environmental conditions / lack of adequate shelter, food, water",75.8,US-Mexico border crossing,POINT (-100.10544 28.16892)
2016-06-20,2016.0,6,ARIZONA,1,Mixed or unknown,72.4,US-Mexico border crossing,POINT (-111.769884 31.8997)
2016-06-23,2016.0,6,ARIZONA,1,"Harsh environmental conditions / lack of adequate shelter, food, water",72.4,US-Mexico border crossing,POINT (-111.918183 31.773083)
2016-06-23,2016.0,6,ARIZONA,1,"Harsh environmental conditions / lack of adequate shelter, food, water",72.4,US-Mexico border crossing,POINT (-110.5362 31.98296)
2016-06-24,2016.0,6,ARIZONA,1,Mixed or unknown,72.4,US-Mexico border crossing,POINT (-111.91678 31.64488)
2016-06-27,2016.0,6,ARIZONA,1,"Harsh environmental conditions / lack of adequate shelter, food, water",72.4,US-Mexico border crossing,POINT (-111.52543 32.10363)
2016-06-24,2016.0,6,TEXAS,1,"Harsh environmental conditions / lack of adequate shelter, food, water",75.8,US-Mexico border crossing,POINT (-99.98769 28.38481)
2016-06-28,2016.0,6,ARIZONA,1,Mixed or unknown,72.4,US-Mexico border crossing,POINT (-112.87445 31.953017)
2016-06-29,2016.0,6,ARIZONA,1,Mixed or unknown,72.4,US-Mexico border crossing,POINT (-112.69105 32.26201)
2016-07-01,2016.0,7,TEXAS,1,Mixed or unknown,82.8,US-Mexico border crossing,POINT (-100.034449 28.422684)
2016-07-02,2016.0,7,ARIZONA,1,Mixed or unknown,81.4,US-Mexico border crossing,POINT (-112.972419 32.07215)
2016-07-04,2016.0,7,ARIZONA,1,Mixed or unknown,81.4,US-Mexico border crossing,POINT (-113.03051 32.03956)
2016-07-04,2016.0,7,ARIZONA,1,"Harsh environmental conditions / lack of adequate shelter, food, water",81.4,US-Mexico border crossing,POINT (-113.14816 32.29616)
2016-07-05,2016.0,7,ARIZONA,1,"Harsh environmental conditions / lack of adequate shelter, food, water",81.4,US-Mexico border crossing,POINT (-112.146183 31.903683)
2016-07-05,2016.0,7,,1,Drowning,,US-Mexico border crossing,POINT (-99.43327 24.215586)
2016-07-06,2016.0,7,ARIZONA,1,Mixed or unknown,81.4,US-Mexico border crossing,POINT (-113.046967 32.607767)
2016-07-08,2016.0,7,TEXAS,1,"Harsh environmental conditions / lack of adequate shelter, food, water",82.8,US-Mexico border crossing,POINT (-97.918177 26.940382)
2016-07-08,2016.0,7,TEXAS,1,Drowning,82.8,US-Mexico border crossing,POINT (-98.52073 26.23044)
2016-07-08,2016.0,7,,1,Vehicle accident / death linked to hazardous transport,,US-Mexico border crossing,POINT (-117.398869 33.018405)
2016-07-09,2016.0,7,ARIZONA,1,Mixed or unknown,81.4,US-Mexico border crossing,POINT (-112.163068 31.890533)
2016-07-09,2016.0,7,ARIZONA,1,"Harsh environmental conditions / lack of adequate shelter, food, water",81.4,US-Mexico border crossing,POINT (-111.4293 32.23925)
2016-07-10,2016.0,7,ARIZONA,1,"Harsh environmental conditions / lack of adequate shelter, food, water",81.4,US-Mexico border crossing,POINT (-110.982707 32.153928)
2016-07-11,2016.0,7,ARIZONA,1,"Harsh environmental conditions / lack of adequate shelter, food, water",81.4,US-Mexico border crossing,POINT (-111.362668 31.962331)
2016-07-12,2016.0,7,ARIZONA,1,"Harsh environmental conditions / lack of adequate shelter, food, water",81.4,US-Mexico border crossing,POINT (-111.95446 31.78046)
2016-07-13,2016.0,7,ARIZONA,1,"Harsh environmental conditions / lack of adequate shelter, food, water",81.4,US-Mexico border crossing,POINT (-111.98491 31.69473)
2016-07-14,2016.0,7,,1,Drowning,,US-Mexico border crossing,POINT (-100.528216 28.637674)
2016-07-15,2016.0,7,ARIZONA,1,Mixed or unknown,81.4,US-Mexico border crossing,POINT (-113.10417 32.3405)
2016-07-15,2016.0,7,,1,Mixed or unknown,,US-Mexico border crossing,POINT (-99.907902 27.715087)
2016-07-15,2016.0,7,,24,Mixed or unknown,,US-Mexico border crossing,POINT (-99.907902 27.715087)
2016-07-15,2016.0,7,,3,Mixed or unknown,,US-Mexico border crossing,POINT (-99.907902 27.715087)
2016-07-15,2016.0,7,TEXAS,1,Mixed or unknown,82.8,US-Mexico border crossing,POINT (-99.52328 27.50106)
2016-07-16,2016.0,7,ARIZONA,1,Mixed or unknown,81.4,US-Mexico border crossing,POINT (-110.085624 32.043439)
2016-07-19,2016.0,7,ARIZONA,1,"Harsh environmental conditions / lack of adequate shelter, food, water",81.4,US-Mexico border crossing,POINT (-111.570383 32.121896)
2016-07-19,2016.0,7,ARIZONA,1,Mixed or unknown,81.4,US-Mexico border crossing,POINT (-110.43783 31.85435)
2016-07-20,2016.0,7,ARIZONA,1,Mixed or unknown,81.4,US-Mexico border crossing,POINT (-112.36573 31.9639)
2016-07-21,2016.0,7,,1,Drowning,,US-Mexico border crossing,POINT (-100.528216 28.637674)
2016-07-21,2016.0,7,ARIZONA,1,"Harsh environmental conditions / lack of adequate shelter, food, water",81.4,US-Mexico border crossing,POINT (-113.0767 32.4995)
2016-07-21,2016.0,7,ARIZONA,1,"Harsh environmental conditions / lack of adequate shelter, food, water",81.4,US-Mexico border crossing,POINT (-111.970117 31.83173)
2016-07-23,2016.0,7,ARIZONA,1,"Harsh environmental conditions / lack of adequate shelter, food, water",81.4,US-Mexico border crossing,POINT (-111.82171 31.7947)
2016-07-25,2016.0,7,ARIZONA,1,"Harsh environmental conditions / lack of adequate shelter, food, water",81.4,US-Mexico border crossing,POINT (-111.91465 31.7945)
2016-07-26,2016.0,7,ARIZONA,1,Violence,81.4,US-Mexico border crossing,POINT (-109.82634 32.283693)
2016-07-27,2016.0,7,TEXAS,1,"Harsh environmental conditions / lack of adequate shelter, food, water",82.8,US-Mexico border crossing,POINT (-100.07175 28.39044)
2016-07-21,2016.0,7,TEXAS,1,"Harsh environmental conditions / lack of adequate shelter, food, water",82.8,US-Mexico border crossing,POINT (-98.25644 27.01716)
2016-07-28,2016.0,7,TEXAS,1,Drowning,82.8,US-Mexico border crossing,POINT (-100.34772 28.50389)
2016-07-30,2016.0,7,NEW MEXICO,1,Mixed or unknown,74.9,US-Mexico border crossing,POINT (-106.5522 31.7916)
2016-07-31,2016.0,7,ARIZONA,1,Mixed or unknown,81.4,US-Mexico border crossing,POINT (-112.305567 32.496983)
2016-07-31,2016.0,7,ARIZONA,1,Mixed or unknown,81.4,US-Mexico border crossing,POINT (-112.69731 32.10145)
2016-08-01,2016.0,8,CALIFORNIA,1,"Harsh environmental conditions / lack of adequate shelter, food, water",76.5,US-Mexico border crossing,POINT (-116.85863 32.60455)
2016-08-01,2016.0,8,TEXAS,1,"Harsh environmental conditions / lack of adequate shelter, food, water",83.4,US-Mexico border crossing,POINT (-98.59686 26.29076)
2016-08-01,2016.0,8,ARIZONA,1,"Harsh environmental conditions / lack of adequate shelter, food, water",79.9,US-Mexico border crossing,POINT (-112.40978 32.1278)
2016-08-01,2016.0,8,ARIZONA,1,"Harsh environmental conditions / lack of adequate shelter, food, water",79.9,US-Mexico border crossing,POINT (-112.9993 31.97766)
2016-08-04,2016.0,8,ARIZONA,1,"Harsh environmental conditions / lack of adequate shelter, food, water",79.9,US-Mexico border crossing,POINT (-111.03825 31.82416)
2016-08-06,2016.0,8,ARIZONA,1,"Harsh environmental conditions / lack of adequate shelter, food, water",79.9,US-Mexico border crossing,POINT (-110.96814 31.364309)
2016-08-06,2016.0,8,ARIZONA,1,Mixed or unknown,79.9,US-Mexico border crossing,POINT (-111.99385 31.702133)
2016-08-06,2016.0,8,ARIZONA,1,Mixed or unknown,79.9,US-Mexico border crossing,POINT (-110.886417 31.970833)
2016-08-06,2016.0,8,ARIZONA,1,Mixed or unknown,79.9,US-Mexico border crossing,POINT (-111.381833 32.300783)
2016-08-07,2016.0,8,ARIZONA,1,"Harsh environmental conditions / lack of adequate shelter, food, water",79.9,US-Mexico border crossing,POINT (-111.841117 31.811967)
2016-08-07,2016.0,8,,1,Drowning,,US-Mexico border crossing,POINT (-100.528216 28.637674)
2016-08-08,2016.0,8,TEXAS,1,"Harsh environmental conditions / lack of adequate shelter, food, water",83.4,US-Mexico border crossing,POINT (-101.502617 29.789837)
2016-08-08,2016.0,8,ARIZONA,1,Mixed or unknown,79.9,US-Mexico border crossing,POINT (-111.999917 31.686567)
2016-08-08,2016.0,8,ARIZONA,1,Mixed or unknown,79.9,US-Mexico border crossing,POINT (-111.30885 31.44765)
2016-08-08,2016.0,8,TEXAS,1,"Harsh environmental conditions / lack of adequate shelter, food, water",83.4,US-Mexico border crossing,POINT (-98.5115 26.2477)
2016-08-09,2016.0,8,ARIZONA,1,"Harsh environmental conditions / lack of adequate shelter, food, water",79.9,US-Mexico border crossing,POINT (-111.988583 31.710317)
2016-08-10,2016.0,8,TEXAS,1,"Harsh environmental conditions / lack of adequate shelter, food, water",83.4,US-Mexico border crossing,POINT (-98.295 26.61793)
2016-08-16,2016.0,8,TEXAS,1,"Harsh environmental conditions / lack of adequate shelter, food, water",83.4,US-Mexico border crossing,POINT (-100.599856 35.23255)
2016-08-21,2016.0,8,ARIZONA,1,Mixed or unknown,79.9,US-Mexico border crossing,POINT (-111.368233 32.328607)
2016-08-22,2016.0,8,TEXAS,1,Drowning,83.4,US-Mexico border crossing,POINT (-97.538 25.9262)
2016-08-23,2016.0,8,ARIZONA,1,Mixed or unknown,79.9,US-Mexico border crossing,POINT (-111.926567 31.848783)
2016-08-23,2016.0,8,TEXAS,1,Mixed or unknown,83.4,US-Mexico border crossing,POINT (-100.310903 28.51685)
2016-08-24,2016.0,8,ARIZONA,1,Mixed or unknown,79.9,US-Mexico border crossing,POINT (-112.16171 32.00778)
2016-08-26,2016.0,8,ARIZONA,1,Drowning,79.9,US-Mexico border crossing,POINT (-111.062768 31.623802)
2016-08-26,2016.0,8,ARIZONA,1,Mixed or unknown,79.9,US-Mexico border crossing,POINT (-111.400483 31.827017)
2016-08-27,2016.0,8,ARIZONA,1,"Harsh environmental conditions / lack of adequate shelter, food, water",79.9,US-Mexico border crossing,POINT (-110.920977 31.551221)
2016-08-29,2016.0,8,,1,Drowning,,US-Mexico border crossing,POINT (-100.528216 28.637674)
2016-08-30,2016.0,8,ARIZONA,1,Mixed or unknown,79.9,US-Mexico border crossing,POINT (-111.938633 31.836283)
2016-09-02,2016.0,9,ARIZONA,1,Mixed or unknown,74.6,US-Mexico border crossing,POINT (-112.81815 31.974983)
2016-09-02,2016.0,9,ARIZONA,1,Mixed or unknown,74.6,US-Mexico border crossing,POINT (-111.429183 31.699183)
2016-09-03,2016.0,9,CALIFORNIA,1,Mixed or unknown,72.8,US-Mexico border crossing,POINT (-119.634285 35.221091)
2016-09-03,2016.0,9,TEXAS,1,Mixed or unknown,79.6,US-Mexico border crossing,POINT (-106.369565 31.763625)
2016-09-06,2016.0,9,ARIZONA,1,Mixed or unknown,74.6,US-Mexico border crossing,POINT (-111.884317 32.164517)
2016-09-07,2016.0,9,ARIZONA,1,Mixed or unknown,74.6,US-Mexico border crossing,POINT (-111.24988 32.17448)
2016-09-07,2016.0,9,ARIZONA,1,Mixed or unknown,74.6,US-Mexico border crossing,POINT (-111.821917 31.665533)
2016-09-11,2016.0,9,ARIZONA,1,Mixed or unknown,74.6,US-Mexico border crossing,POINT (-111.492361 32.734444)
2016-09-12,2016.0,9,ARIZONA,1,Mixed or unknown,74.6,US-Mexico border crossing,POINT (-112.137385 32.530115)
2016-09-12,2016.0,9,ARIZONA,1,Mixed or unknown,74.6,US-Mexico border crossing,POINT (-111.774526 31.665232)
2016-09-13,2016.0,9,ARIZONA,1,"Harsh environmental conditions / lack of adequate shelter, food, water",74.6,US-Mexico border crossing,POINT (-111.145517 31.898717)
2016-09-13,2016.0,9,ARIZONA,1,Mixed or unknown,74.6,US-Mexico border crossing,POINT (-112.66553 32.00365)
2016-09-14,2016.0,9,ARIZONA,1,Mixed or unknown,74.6,US-Mexico border crossing,POINT (-112.1196 31.98618)
2016-09-17,2016.0,9,ARIZONA,1,Mixed or unknown,74.6,US-Mexico border crossing,POINT (-109.086389 32.176389)
2016-09-19,2016.0,9,ARIZONA,1,Mixed or unknown,74.6,US-Mexico border crossing,POINT (-112.658867 31.846033)
2016-09-19,2016.0,9,TEXAS,1,Drowning,79.6,US-Mexico border crossing,POINT (-100.44552 28.64082)
2016-09-20,2016.0,9,ARIZONA,1,Mixed or unknown,74.6,US-Mexico border crossing,POINT (-111.88878 31.71405)
2016-09-20,2016.0,9,ARIZONA,1,Mixed or unknown,74.6,US-Mexico border crossing,POINT (-111.92515 31.73753)
2016-09-20,2016.0,9,ARIZONA,1,Mixed or unknown,74.6,US-Mexico border crossing,POINT (-112.06646 31.75668)
2016-09-22,2016.0,9,ARIZONA,1,Mixed or unknown,74.6,US-Mexico border crossing,POINT (-111.868567 32.534017)
2016-09-22,2016.0,9,ARIZONA,1,Mixed or unknown,74.6,US-Mexico border crossing,POINT (-111.868567 32.534017)
2016-09-23,2016.0,9,ARIZONA,1,Mixed or unknown,74.6,US-Mexico border crossing,POINT (-112.129717 31.844233)
2016-09-27,2016.0,9,ARIZONA,1,Mixed or unknown,74.6,US-Mexico border crossing,POINT (-112.97895 32.069017)
2016-09-30,2016.0,9,ARIZONA,1,Mixed or unknown,74.6,US-Mexico border crossing,POINT (-112.473983 32.78415)
2016-10-02,2016.0,10,TEXAS,1,"Harsh environmental conditions / lack of adequate shelter, food, water",74.2,US-Mexico border crossing,POINT (-100.468966 28.744368)
2016-10-06,2016.0,10,ARIZONA,1,Mixed or unknown,68.8,US-Mexico border crossing,POINT (-113.106033 32.385)
2016-10-10,2016.0,10,ARIZONA,1,Mixed or unknown,68.8,US-Mexico border crossing,POINT (-113.3062 32.269733)
2016-10-10,2016.0,10,ARIZONA,1,Mixed or unknown,68.8,US-Mexico border crossing,POINT (-113.306 32.269733)
2016-10-12,2016.0,10,ARIZONA,1,Mixed or unknown,68.8,US-Mexico border crossing,POINT (-112.976266 32.12895)
2016-10-14,2016.0,10,ARIZONA,1,Mixed or unknown,68.8,US-Mexico border crossing,POINT (-111.374733 31.8802)
2016-10-14,2016.0,10,ARIZONA,1,Mixed or unknown,68.8,US-Mexico border crossing,POINT (-111.316683 31.865817)
2016-10-14,2016.0,10,ARIZONA,1,Mixed or unknown,68.8,US-Mexico border crossing,POINT (-111.29951 31.86601)
2016-10-14,2016.0,10,ARIZONA,1,Mixed or unknown,68.8,US-Mexico border crossing,POINT (-111.686283 32.205833)
2016-10-19,2016.0,10,ARIZONA,1,Mixed or unknown,68.8,US-Mexico border crossing,POINT (-111.8471 31.62525)
2016-10-19,2016.0,10,CALIFORNIA,1,Mixed or unknown,65.0,US-Mexico border crossing,POINT (-115.845025 33.024951)
2016-10-22,2016.0,10,ARIZONA,1,Mixed or unknown,68.8,US-Mexico border crossing,POINT (-112.9795 32.091833)
2016-10-24,2016.0,10,ARIZONA,1,Mixed or unknown,68.8,US-Mexico border crossing,POINT (-112.988433 32.140133)
2016-10-25,2016.0,10,ARIZONA,1,Mixed or unknown,68.8,US-Mexico border crossing,POINT (-112.9909 32.1396)
2016-10-27,2016.0,10,ARIZONA,1,Mixed or unknown,68.8,US-Mexico border crossing,POINT (-110.17615 31.748933)
2016-10-29,2016.0,10,NEW MEXICO,1,Mixed or unknown,62.8,US-Mexico border crossing,POINT (-105.430637 32.26371)
2016-11-04,2016.0,11,ARIZONA,1,Mixed or unknown,59.6,US-Mexico border crossing,POINT (-112.106567 31.723883)
2016-11-09,2016.0,11,ARIZONA,1,Mixed or unknown,59.6,US-Mexico border crossing,POINT (-112.07773 32.5788)
2016-11-16,2016.0,11,ARIZONA,1,Mixed or unknown,59.6,US-Mexico border crossing,POINT (-111.9245 31.724167)
2016-11-16,2016.0,11,ARIZONA,1,Mixed or unknown,59.6,US-Mexico border crossing,POINT (-111.91801 32.26808)
2016-11-17,2016.0,11,ARIZONA,1,Mixed or unknown,59.6,US-Mexico border crossing,POINT (-112.7542 31.8707)
2016-11-23,2016.0,11,ARIZONA,1,Mixed or unknown,59.6,US-Mexico border crossing,POINT (-111.670983 31.896033)
2016-11-23,2016.0,11,ARIZONA,1,Mixed or unknown,59.6,US-Mexico border crossing,POINT (-111.918133 31.831217)
2016-11-18,2016.0,11,,4,Mixed or unknown,,US-Mexico border crossing,POINT (-99.907902 27.715087)
2016-11-27,2016.0,11,ARIZONA,1,"Harsh environmental conditions / lack of adequate shelter, food, water",59.6,US-Mexico border crossing,POINT (-111.691233 32.287367)
2016-11-29,2016.0,11,ARIZONA,1,Mixed or unknown,59.6,US-Mexico border crossing,POINT (-111.7579 31.91564)
2016-12-07,2016.0,12,ARIZONA,1,Mixed or unknown,48.9,US-Mexico border crossing,POINT (-113.02141 32.03843)
2016-12-08,2016.0,12,ARIZONA,1,Mixed or unknown,48.9,US-Mexico border crossing,POINT (-111.44025 31.5011)
2016-12-14,2016.0,12,ARIZONA,1,Mixed or unknown,48.9,US-Mexico border crossing,POINT (-112.99865 31.986783)
2016-12-14,2016.0,12,ARIZONA,1,Mixed or unknown,48.9,US-Mexico border crossing,POINT (-112.139183 31.980933)
2016-12-16,2016.0,12,ARIZONA,1,Mixed or unknown,48.9,US-Mexico border crossing,POINT (-112.851833 32.14)
2016-12-16,2016.0,12,ARIZONA,1,Mixed or unknown,48.9,US-Mexico border crossing,POINT (-111.88075 31.92948)
2016-12-19,2016.0,12,ARIZONA,1,Mixed or unknown,48.9,US-Mexico border crossing,POINT (-110.419 31.871233)
2016-12-19,2016.0,12,ARIZONA,1,Mixed or unknown,48.9,US-Mexico border crossing,POINT (-113.11867 32.37812)
2016-12-20,2016.0,12,ARIZONA,1,Mixed or unknown,48.9,US-Mexico border crossing,POINT (-113.00742 32.0983)
2016-12-20,2016.0,12,ARIZONA,1,Mixed or unknown,48.9,US-Mexico border crossing,POINT (-112.735917 31.871983)
2016-12-20,2016.0,12,ARIZONA,1,Mixed or unknown,48.9,US-Mexico border crossing,POINT (-112.754 32.657333)
2016-12-21,2016.0,12,TEXAS,1,Mixed or unknown,55.3,US-Mexico border crossing,POINT (-100.29695 28.7604)
2016-12-22,2016.0,12,ARIZONA,1,Mixed or unknown,48.9,US-Mexico border crossing,POINT (-111.26681 32.01581)
2016-12-25,2016.0,12,ARIZONA,1,"Harsh environmental conditions / lack of adequate shelter, food, water",48.9,US-Mexico border crossing,POINT (-110.984272 32.001303)
2016-12-30,2016.0,12,TEXAS,1,Mixed or unknown,55.3,US-Mexico border crossing,POINT (-104.373009 29.942368)
2016-12-31,2016.0,12,TEXAS,16,Mixed or unknown,55.3,US-Mexico border crossing,POINT (-98.383348 26.376354)
2016-12-31,2016.0,12,TEXAS,12,Mixed or unknown,55.3,US-Mexico border crossing,POINT (-99.25259 27.688366)
2016-08-11,2016.0,8,ARIZONA,1,Mixed or unknown,79.9,US-Mexico border crossing,POINT (-111.615983 31.749483)
2016-01-17,2016.0,1,ARIZONA,1,Mixed or unknown,41.4,US-Mexico border crossing,POINT (-112.548317 32.781117)
2016-04-07,2016.0,4,ARIZONA,1,Mixed or unknown,56.7,US-Mexico border crossing,POINT (-111.385888 31.888854)
2016-06-20,2016.0,6,ARIZONA,1,"Harsh environmental conditions / lack of adequate shelter, food, water",72.4,US-Mexico border crossing,POINT (-113.2995 32.84785)
2016-06-27,2016.0,6,ARIZONA,1,"Harsh environmental conditions / lack of adequate shelter, food, water",72.4,US-Mexico border crossing,POINT (-112.29039 32.846261)
2016-07-21,2016.0,7,ARIZONA,1,Mixed or unknown,81.4,US-Mexico border crossing,POINT (-113.146834 32.76809)
2016-07-30,2016.0,7,ARIZONA,1,Mixed or unknown,81.4,US-Mexico border crossing,POINT (-112.6005 32.840117)
2016-07-30,2016.0,7,ARIZONA,1,Mixed or unknown,81.4,US-Mexico border crossing,POINT (-112.6004 32.840117)
2016-08-09,2016.0,8,ARIZONA,1,"Harsh environmental conditions / lack of adequate shelter, food, water",79.9,US-Mexico border crossing,POINT (-113.156012 32.86633)
2016-08-10,2016.0,8,ARIZONA,1,Mixed or unknown,79.9,US-Mexico border crossing,POINT (-113.030283 32.854033)
2016-09-16,2016.0,9,ARIZONA,1,Mixed or unknown,74.6,US-Mexico border crossing,POINT (-112.952022 32.782782)
2016-09-30,2016.0,9,ARIZONA,1,Mixed or unknown,74.6,US-Mexico border crossing,POINT (-111.831817 31.66715)
2016-10-17,2016.0,10,ARIZONA,1,Mixed or unknown,68.8,US-Mexico border crossing,POINT (-112.24245 32.662567)
2016-11-08,2016.0,11,ARIZONA,1,Mixed or unknown,59.6,US-Mexico border crossing,POINT (-112.39065 33.15088)
2016-11-08,2016.0,11,ARIZONA,1,Violence,59.6,US-Mexico border crossing,POINT (-112.228633 32.686317)
2016-11-01,2016.0,11,ARIZONA,1,Mixed or unknown,59.6,US-Mexico border crossing,POINT (-111.615983 31.749483)
2016-06-16,2016.0,6,ARIZONA,1,Mixed or unknown,72.4,US-Mexico border crossing,POINT (-112.758533 32.6087)
2016-06-11,2016.0,6,NEW MEXICO,1,"Harsh environmental conditions / lack of adequate shelter, food, water",66.2,US-Mexico border crossing,POINT (-107.315 31.9112)
2016-07-22,2016.0,7,NEW MEXICO,1,"Harsh environmental conditions / lack of adequate shelter, food, water",74.9,US-Mexico border crossing,POINT (-108.922 31.9383)
2016-07-29,2016.0,7,TEXAS,1,Mixed or unknown,82.8,US-Mexico border crossing,POINT (-106.54495 31.795241)
2016-08-29,2016.0,8,NEW MEXICO,1,Mixed or unknown,73.5,US-Mexico border crossing,POINT (-107.197 31.8207)
2016-10-20,2016.0,10,NEW MEXICO,1,Sickness / lack of access to adequate healthcare,62.8,US-Mexico border crossing,POINT (-108.657 31.8353)
2016-01-07,2016.0,1,CALIFORNIA,1,Mixed or unknown,43.4,US-Mexico border crossing,POINT (-116.941452 32.550127)
2016-02-19,2016.0,2,CALIFORNIA,1,Mixed or unknown,48.2,US-Mexico border crossing,POINT (-117.034444 32.543333)
2016-02-21,2016.0,2,CALIFORNIA,1,Mixed or unknown,48.2,US-Mexico border crossing,POINT (-116.176472 32.8385)
2016-07-22,2016.0,7,CALIFORNIA,1,"Harsh environmental conditions / lack of adequate shelter, food, water",75.2,US-Mexico border crossing,POINT (-117.025917 32.619419)
2016-08-17,2016.0,8,CALIFORNIA,1,Mixed or unknown,76.5,US-Mexico border crossing,POINT (-116.206111 32.843056)
2016-09-03,2016.0,9,CALIFORNIA,1,Drowning,72.8,US-Mexico border crossing,POINT (-117.123889 32.534444)
2016-12-29,2016.0,12,CALIFORNIA,1,Mixed or unknown,48.1,US-Mexico border crossing,POINT (-116.538553 32.820128)
2016-12-31,2016.0,12,,1,Drowning,,US-Mexico border crossing,POINT (-117.038056 32.541667)
2016-01-02,2016.0,1,TEXAS,1,"Harsh environmental conditions / lack of adequate shelter, food, water",49.0,US-Mexico border crossing,POINT (-97.80554 27.16812)
2016-01-06,2016.0,1,TEXAS,1,Mixed or unknown,49.0,US-Mexico border crossing,POINT (-97.727 27.2273)
2016-01-08,2016.0,1,TEXAS,1,"Harsh environmental conditions / lack of adequate shelter, food, water",49.0,US-Mexico border crossing,POINT (-99.70839 27.92234)
2016-01-12,2016.0,1,TEXAS,1,"Harsh environmental conditions / lack of adequate shelter, food, water",49.0,US-Mexico border crossing,POINT (-97.76456 27.2851)
2016-01-13,2016.0,1,TEXAS,1,"Harsh environmental conditions / lack of adequate shelter, food, water",49.0,US-Mexico border crossing,POINT (-97.9927 27.1362)
2016-01-14,2016.0,1,TEXAS,1,Mixed or unknown,49.0,US-Mexico border crossing,POINT (-97.7271 27.2335)
2016-01-19,2016.0,1,TEXAS,1,"Harsh environmental conditions / lack of adequate shelter, food, water",49.0,US-Mexico border crossing,POINT (-97.98523 27.10408)
2016-01-20,2016.0,1,TEXAS,1,"Harsh environmental conditions / lack of adequate shelter, food, water",49.0,US-Mexico border crossing,POINT (-98.00134 27.15076)
2016-01-28,2016.0,1,TEXAS,1,Drowning,49.0,US-Mexico border crossing,POINT (-99.4957 27.37559)
2016-01-28,2016.0,1,TEXAS,1,Mixed or unknown,49.0,US-Mexico border crossing,POINT (-97.65106 26.0272)
2016-01-31,2016.0,1,ARIZONA,1,"Harsh environmental conditions / lack of adequate shelter, food, water",41.4,US-Mexico border crossing,POINT (-111.43748 31.52753)
2016-02-01,2016.0,2,TEXAS,1,Drowning,50.4,US-Mexico border crossing,POINT (-98.5638 26.236)
2016-02-02,2016.0,2,TEXAS,1,Mixed or unknown,50.4,US-Mexico border crossing,POINT (-98.11674 27.06745)
2016-02-03,2016.0,2,TEXAS,1,Mixed or unknown,50.4,US-Mexico border crossing,POINT (-98.0373 27.1663)
2016-02-09,2016.0,2,TEXAS,1,Mixed or unknown,50.4,US-Mexico border crossing,POINT (-97.8493 27.1324)
2016-02-14,2016.0,2,TEXAS,1,Mixed or unknown,50.4,US-Mexico border crossing,POINT (-97.8697 26.9788)
2016-02-15,2016.0,2,TEXAS,1,Drowning,50.4,US-Mexico border crossing,POINT (-99.80978 27.76929)
2016-02-21,2016.0,2,TEXAS,1,"Harsh environmental conditions / lack of adequate shelter, food, water",50.4,US-Mexico border crossing,POINT (-97.86806 27.22482)
2016-02-22,2016.0,2,TEXAS,1,Drowning,50.4,US-Mexico border crossing,POINT (-98.23437 26.07103)
2016-02-22,2016.0,2,ARIZONA,1,Mixed or unknown,46.2,US-Mexico border crossing,POINT (-113.36667 32.56667)
2016-02-23,2016.0,2,TEXAS,1,Mixed or unknown,50.4,US-Mexico border crossing,POINT (-98.2989 27.1837)
2016-02-23,2016.0,2,TEXAS,1,Mixed or unknown,50.4,US-Mexico border crossing,POINT (-98.022 26.7747)
2016-02-23,2016.0,2,TEXAS,1,Drowning,50.4,US-Mexico border crossing,POINT (-98.4015 26.18014)
2016-02-25,2016.0,2,TEXAS,1,Mixed or unknown,50.4,US-Mexico border crossing,POINT (-98.82492 26.37092)
2016-02-25,2016.0,2,ARIZONA,1,"Harsh environmental conditions / lack of adequate shelter, food, water",46.2,US-Mexico border crossing,POINT (-111.85518 31.704)
2016-03-01,2016.0,3,TEXAS,1,Mixed or unknown,57.8,US-Mexico border crossing,POINT (-98.16333 27.10869)
2016-03-02,2016.0,3,TEXAS,1,Mixed or unknown,57.8,US-Mexico border crossing,POINT (-98.45164 27.16708)
2016-03-04,2016.0,3,TEXAS,1,"Harsh environmental conditions / lack of adequate shelter, food, water",57.8,US-Mexico border crossing,POINT (-97.72298 27.22788)
2016-03-07,2016.0,3,ARIZONA,1,Mixed or unknown,52.8,US-Mexico border crossing,POINT (-113.115 32.2532)
2016-03-07,2016.0,3,TEXAS,1,Mixed or unknown,57.8,US-Mexico border crossing,POINT (-98.1197 27.1566)
2016-03-10,2016.0,3,CALIFORNIA,1,Drowning,52.2,US-Mexico border crossing,POINT (-115.29415 32.74362)
2016-03-10,2016.0,3,,1,Mixed or unknown,,US-Mexico border crossing,POINT (-99.02651 26.4106)
2016-03-12,2016.0,3,TEXAS,1,Mixed or unknown,57.8,US-Mexico border crossing,POINT (-97.82997 27.12848)
2016-03-14,2016.0,3,TEXAS,1,"Harsh environmental conditions / lack of adequate shelter, food, water",57.8,US-Mexico border crossing,POINT (-98.54447 27.18519)
2016-03-14,2016.0,3,TEXAS,1,"Harsh environmental conditions / lack of adequate shelter, food, water",57.8,US-Mexico border crossing,POINT (-98.06449 27.00128)
2016-03-15,2016.0,3,TEXAS,1,"Harsh environmental conditions / lack of adequate shelter, food, water",57.8,US-Mexico border crossing,POINT (-98.78092 27.2973)
2016-03-16,2016.0,3,TEXAS,1,Mixed or unknown,57.8,US-Mexico border crossing,POINT (-98.2198 27.23411)
2016-03-16,2016.0,3,TEXAS,1,Drowning,57.8,US-Mexico border crossing,POINT (-97.90576 26.06884)
2016-03-30,2016.0,3,TEXAS,1,Drowning,57.8,US-Mexico border crossing,POINT (-106.4672 31.7599)
2016-04-01,2016.0,4,TEXAS,1,Mixed or unknown,63.6,US-Mexico border crossing,POINT (-98.26043 27.26146)
2016-04-01,2016.0,4,TEXAS,1,Drowning,63.6,US-Mexico border crossing,POINT (-99.49302 27.45305)
2016-04-07,2016.0,4,TEXAS,1,Mixed or unknown,63.6,US-Mexico border crossing,POINT (-98.16853 27.04906)
2016-04-07,2016.0,4,TEXAS,1,Drowning,63.6,US-Mexico border crossing,POINT (-98.42316 26.1908)
2016-04-10,2016.0,4,TEXAS,1,Drowning,63.6,US-Mexico border crossing,POINT (-98.89968 26.36661)
2016-04-12,2016.0,4,TEXAS,1,"Harsh environmental conditions / lack of adequate shelter, food, water",63.6,US-Mexico border crossing,POINT (-98.321 27.1558)
2016-04-15,2016.0,4,TEXAS,1,Drowning,63.6,US-Mexico border crossing,POINT (-97.54541 25.93238)
2016-04-15,2016.0,4,TEXAS,1,"Harsh environmental conditions / lack of adequate shelter, food, water",63.6,US-Mexico border crossing,POINT (-100.06278 28.13972)
2016-04-15,2016.0,4,TEXAS,1,"Harsh environmental conditions / lack of adequate shelter, food, water",63.6,US-Mexico border crossing,POINT (-98.43089 27.20529)
2016-04-16,2016.0,4,TEXAS,1,"Harsh environmental conditions / lack of adequate shelter, food, water",63.6,US-Mexico border crossing,POINT (-99.65227 27.97127)
2016-04-19,2016.0,4,TEXAS,1,Drowning,63.6,US-Mexico border crossing,POINT (-98.397 26.1876)
2016-04-21,2016.0,4,TEXAS,1,"Harsh environmental conditions / lack of adequate shelter, food, water",63.6,US-Mexico border crossing,POINT (-98.94748 27.92089)
2016-04-23,2016.0,4,TEXAS,1,"Harsh environmental conditions / lack of adequate shelter, food, water",63.6,US-Mexico border crossing,POINT (-97.6464 26.8835)
2016-04-26,2016.0,4,TEXAS,1,"Harsh environmental conditions / lack of adequate shelter, food, water",63.6,US-Mexico border crossing,POINT (-98.15295 27.09882)
2016-04-27,2016.0,4,TEXAS,1,Mixed or unknown,63.6,US-Mexico border crossing,POINT (-98.16354 27.0195)
2016-04-28,2016.0,4,TEXAS,1,Vehicle accident / death linked to hazardous transport,63.6,US-Mexico border crossing,POINT (-97.7895 26.8918)
2016-04-28,2016.0,4,,1,Mixed or unknown,,US-Mexico border crossing,POINT (-99.00965 26.40257)
2016-04-29,2016.0,4,TEXAS,1,Drowning,63.6,US-Mexico border crossing,POINT (-98.55315 26.24738)
2016-05-01,2016.0,5,TEXAS,1,"Harsh environmental conditions / lack of adequate shelter, food, water",68.8,US-Mexico border crossing,POINT (-98.41356 27.14422)
2016-05-06,2016.0,5,TEXAS,1,"Harsh environmental conditions / lack of adequate shelter, food, water",68.8,US-Mexico border crossing,POINT (-97.875 27.1892)
2016-05-08,2016.0,5,TEXAS,1,Drowning,68.8,US-Mexico border crossing,POINT (-98.44046 26.20832)
2016-05-09,2016.0,5,TEXAS,1,Drowning,68.8,US-Mexico border crossing,POINT (-99.4801 27.4863)
2016-05-10,2016.0,5,TEXAS,1,Drowning,68.8,US-Mexico border crossing,POINT (-99.4926 27.4969)
2016-05-10,2016.0,5,TEXAS,1,Mixed or unknown,68.8,US-Mexico border crossing,POINT (-98.18392 26.93569)
2016-05-23,2016.0,5,TEXAS,1,"Harsh environmental conditions / lack of adequate shelter, food, water",68.8,US-Mexico border crossing,POINT (-99.18443 28.29612)
2016-05-24,2016.0,5,CALIFORNIA,1,Mixed or unknown,60.0,US-Mexico border crossing,POINT (-116.0907 32.6379)
2016-05-25,2016.0,5,TEXAS,1,Drowning,68.8,US-Mexico border crossing,POINT (-98.40731 26.18327)
2016-05-25,2016.0,5,TEXAS,1,"Harsh environmental conditions / lack of adequate shelter, food, water",68.8,US-Mexico border crossing,POINT (-98.93311 27.92226)
2016-05-26,2016.0,5,TEXAS,1,Mixed or unknown,68.8,US-Mexico border crossing,POINT (-98.03754 27.11521)
2016-05-26,2016.0,5,TEXAS,1,"Harsh environmental conditions / lack of adequate shelter, food, water",68.8,US-Mexico border crossing,POINT (-98.77008 27.66751)
2016-05-31,2016.0,5,TEXAS,1,Mixed or unknown,68.8,US-Mexico border crossing,POINT (-98.52187 26.23181)
2016-05-31,2016.0,5,TEXAS,1,Mixed or unknown,68.8,US-Mexico border crossing,POINT (-97.5031 25.8962)
2016-06-01,2016.0,6,TEXAS,1,"Harsh environmental conditions / lack of adequate shelter, food, water",75.8,US-Mexico border crossing,POINT (-98.3076 27.1405)
2016-06-01,2016.0,6,TEXAS,1,"Harsh environmental conditions / lack of adequate shelter, food, water",75.8,US-Mexico border crossing,POINT (-97.90788 27.2354)
2016-06-01,2016.0,6,TEXAS,1,"Harsh environmental conditions / lack of adequate shelter, food, water",75.8,US-Mexico border crossing,POINT (-98.18571 27.17614)
2016-06-04,2016.0,6,TEXAS,1,"Harsh environmental conditions / lack of adequate shelter, food, water",75.8,US-Mexico border crossing,POINT (-98.31082 27.22311)
2016-06-05,2016.0,6,TEXAS,1,Vehicle accident / death linked to hazardous transport,75.8,US-Mexico border crossing,POINT (-97.79436 27.05034)
2016-06-07,2016.0,6,TEXAS,1,"Harsh environmental conditions / lack of adequate shelter, food, water",75.8,US-Mexico border crossing,POINT (-98.73998 27.49043)
2016-06-09,2016.0,6,TEXAS,1,Drowning,75.8,US-Mexico border crossing,POINT (-97.50408 25.89284)
2016-06-13,2016.0,6,TEXAS,1,"Harsh environmental conditions / lack of adequate shelter, food, water",75.8,US-Mexico border crossing,POINT (-97.52267 25.9165)
2016-06-15,2016.0,6,TEXAS,1,"Harsh environmental conditions / lack of adequate shelter, food, water",75.8,US-Mexico border crossing,POINT (-98.01228 27.14325)
2016-06-15,2016.0,6,TEXAS,1,Drowning,75.8,US-Mexico border crossing,POINT (-98.92379 26.38872)
2016-06-16,2016.0,6,,1,Drowning,,US-Mexico border crossing,POINT (-100.19627 28.19029)
2016-06-16,2016.0,6,,1,Vehicle accident / death linked to hazardous transport,,US-Mexico border crossing,POINT (-106.50463 31.76136)
2016-06-20,2016.0,6,TEXAS,1,Mixed or unknown,75.8,US-Mexico border crossing,POINT (-98.223 26.9331)
2016-06-21,2016.0,6,TEXAS,1,Mixed or unknown,75.8,US-Mexico border crossing,POINT (-97.9139 26.069)
2016-06-23,2016.0,6,TEXAS,1,"Harsh environmental conditions / lack of adequate shelter, food, water",75.8,US-Mexico border crossing,POINT (-98.90406 27.61502)
2016-06-24,2016.0,6,TEXAS,1,Drowning,75.8,US-Mexico border crossing,POINT (-99.53764 27.5993)
2016-06-29,2016.0,6,TEXAS,1,Vehicle accident / death linked to hazardous transport,75.8,US-Mexico border crossing,POINT (-97.50903 25.91014)
2016-07-03,2016.0,7,TEXAS,1,Drowning,82.8,US-Mexico border crossing,POINT (-99.75842 27.71781)
2016-07-06,2016.0,7,ARIZONA,1,"Harsh environmental conditions / lack of adequate shelter, food, water",81.4,US-Mexico border crossing,POINT (-113.02818 32.03646)
2016-07-06,2016.0,7,TEXAS,1,"Harsh environmental conditions / lack of adequate shelter, food, water",82.8,US-Mexico border crossing,POINT (-98.0946 27.0936)
2016-07-07,2016.0,7,TEXAS,1,"Harsh environmental conditions / lack of adequate shelter, food, water",82.8,US-Mexico border crossing,POINT (-98.01374 27.17592)
2016-07-12,2016.0,7,TEXAS,1,"Harsh environmental conditions / lack of adequate shelter, food, water",82.8,US-Mexico border crossing,POINT (-98.3596 26.8819)
2016-07-12,2016.0,7,,1,Drowning,,US-Mexico border crossing,POINT (-99.5199 27.4973)
2016-07-16,2016.0,7,TEXAS,1,"Harsh environmental conditions / lack of adequate shelter, food, water",82.8,US-Mexico border crossing,POINT (-98.99717 27.93168)
2016-07-16,2016.0,7,ARIZONA,1,Mixed or unknown,81.4,US-Mexico border crossing,POINT (-110.08602 32.03893)
2016-07-19,2016.0,7,,1,Drowning,,US-Mexico border crossing,POINT (-99.49507 27.44867)
2016-07-19,2016.0,7,TEXAS,1,Drowning,82.8,US-Mexico border crossing,POINT (-98.4498 26.2238)
2016-07-20,2016.0,7,TEXAS,1,"Harsh environmental conditions / lack of adequate shelter, food, water",82.8,US-Mexico border crossing,POINT (-98.22006 27.21869)
2016-07-21,2016.0,7,TEXAS,1,"Harsh environmental conditions / lack of adequate shelter, food, water",82.8,US-Mexico border crossing,POINT (-98.84967 27.35137)
2016-07-22,2016.0,7,NEW MEXICO,1,Mixed or unknown,74.9,US-Mexico border crossing,POINT (-108.92173 31.93824)
2016-07-23,2016.0,7,TEXAS,1,"Harsh environmental conditions / lack of adequate shelter, food, water",82.8,US-Mexico border crossing,POINT (-99.44702 27.8584)
2016-07-24,2016.0,7,TEXAS,1,Mixed or unknown,82.8,US-Mexico border crossing,POINT (-98.2377 27.0978)
2016-07-25,2016.0,7,TEXAS,1,"Harsh environmental conditions / lack of adequate shelter, food, water",82.8,US-Mexico border crossing,POINT (-98.23624 26.98704)
2016-07-26,2016.0,7,ARIZONA,1,Mixed or unknown,81.4,US-Mexico border crossing,POINT (-111.8808 31.77755)
2016-07-26,2016.0,7,TEXAS,1,"Harsh environmental conditions / lack of adequate shelter, food, water",82.8,US-Mexico border crossing,POINT (-98.87123 27.33526)
2016-07-27,2016.0,7,TEXAS,1,"Harsh environmental conditions / lack of adequate shelter, food, water",82.8,US-Mexico border crossing,POINT (-100.23093 28.36238)
2016-07-28,2016.0,7,TEXAS,1,"Harsh environmental conditions / lack of adequate shelter, food, water",82.8,US-Mexico border crossing,POINT (-98.10696 27.06659)
2016-07-29,2016.0,7,TEXAS,1,"Harsh environmental conditions / lack of adequate shelter, food, water",82.8,US-Mexico border crossing,POINT (-98.47812 27.21932)
2016-07-30,2016.0,7,TEXAS,1,"Harsh environmental conditions / lack of adequate shelter, food, water",82.8,US-Mexico border crossing,POINT (-98.18909 27.04272)
2016-07-31,2016.0,7,TEXAS,1,Drowning,82.8,US-Mexico border crossing,POINT (-98.40913 26.18388)
2016-07-31,2016.0,7,TEXAS,1,"Harsh environmental conditions / lack of adequate shelter, food, water",82.8,US-Mexico border crossing,POINT (-98.4736 26.2276)
2016-08-02,2016.0,8,ARIZONA,1,Mixed or unknown,79.9,US-Mexico border crossing,POINT (-113.7979 32.42052)
2016-08-02,2016.0,8,TEXAS,1,Mixed or unknown,83.4,US-Mexico border crossing,POINT (-98.01879 27.1853)
2016-08-04,2016.0,8,TEXAS,1,"Harsh environmental conditions / lack of adequate shelter, food, water",83.4,US-Mexico border crossing,POINT (-98.98117 27.82579)
2016-08-04,2016.0,8,TEXAS,1,"Harsh environmental conditions / lack of adequate shelter, food, water",83.4,US-Mexico border crossing,POINT (-98.50524 26.23965)
2016-08-04,2016.0,8,TEXAS,1,"Harsh environmental conditions / lack of adequate shelter, food, water",83.4,US-Mexico border crossing,POINT (-98.65833 26.26987)
2016-08-04,2016.0,8,TEXAS,1,"Harsh environmental conditions / lack of adequate shelter, food, water",83.4,US-Mexico border crossing,POINT (-99.02508 26.41489)
2016-08-04,2016.0,8,TEXAS,1,"Harsh environmental conditions / lack of adequate shelter, food, water",83.4,US-Mexico border crossing,POINT (-98.60508 26.28568)
2016-08-04,2016.0,8,TEXAS,1,"Harsh environmental conditions / lack of adequate shelter, food, water",83.4,US-Mexico border crossing,POINT (-98.60508 26.28568)
2016-08-05,2016.0,8,TEXAS,1,Mixed or unknown,83.4,US-Mexico border crossing,POINT (-97.9371 26.0638)
2016-08-06,2016.0,8,TEXAS,1,"Harsh environmental conditions / lack of adequate shelter, food, water",83.4,US-Mexico border crossing,POINT (-98.18559 27.10419)
2016-08-07,2016.0,8,ARIZONA,1,"Harsh environmental conditions / lack of adequate shelter, food, water",79.9,US-Mexico border crossing,POINT (-111.84792 31.81312)
2016-08-07,2016.0,8,ARIZONA,1,Mixed or unknown,79.9,US-Mexico border crossing,POINT (-111.309 31.46433)
2016-08-08,2016.0,8,TEXAS,1,Drowning,83.4,US-Mexico border crossing,POINT (-98.3307 26.1317)
2016-08-08,2016.0,8,TEXAS,1,"Harsh environmental conditions / lack of adequate shelter, food, water",83.4,US-Mexico border crossing,POINT (-98.5115 26.2477)
2016-08-09,2016.0,8,TEXAS,1,"Harsh environmental conditions / lack of adequate shelter, food, water",83.4,US-Mexico border crossing,POINT (-98.86276 27.34893)
2016-08-09,2016.0,8,TEXAS,1,"Harsh environmental conditions / lack of adequate shelter, food, water",83.4,US-Mexico border crossing,POINT (-99.86423 28.12217)
2016-08-09,2016.0,8,CALIFORNIA,1,Vehicle accident / death linked to hazardous transport,76.5,US-Mexico border crossing,POINT (-114.91953 32.71577)
2016-08-09,2016.0,8,CALIFORNIA,1,Vehicle accident / death linked to hazardous transport,76.5,US-Mexico border crossing,POINT (-114.91953 32.71577)
2016-08-11,2016.0,8,TEXAS,1,Mixed or unknown,83.4,US-Mexico border crossing,POINT (-97.79462 27.04656)
2016-08-12,2016.0,8,TEXAS,1,"Harsh environmental conditions / lack of adequate shelter, food, water",83.4,US-Mexico border crossing,POINT (-100.10807 28.19468)
2016-08-14,2016.0,8,TEXAS,1,Mixed or unknown,83.4,US-Mexico border crossing,POINT (-97.83403 26.59518)
2016-08-18,2016.0,8,TEXAS,1,"Harsh environmental conditions / lack of adequate shelter, food, water",83.4,US-Mexico border crossing,POINT (-98.21288 27.18681)
2016-08-18,2016.0,8,TEXAS,1,Mixed or unknown,83.4,US-Mexico border crossing,POINT (-98.64305 26.26732)
2016-08-18,2016.0,8,TEXAS,1,"Harsh environmental conditions / lack of adequate shelter, food, water",83.4,US-Mexico border crossing,POINT (-98.14923 27.1592)
2016-08-23,2016.0,8,TEXAS,1,"Harsh environmental conditions / lack of adequate shelter, food, water",83.4,US-Mexico border crossing,POINT (-99.6546 27.9983)
2016-08-23,2016.0,8,TEXAS,1,"Harsh environmental conditions / lack of adequate shelter, food, water",83.4,US-Mexico border crossing,POINT (-98.22299 27.12504)
2016-08-25,2016.0,8,TEXAS,1,Drowning,83.4,US-Mexico border crossing,POINT (-99.35068 26.93028)
2016-08-25,2016.0,8,TEXAS,1,"Harsh environmental conditions / lack of adequate shelter, food, water",83.4,US-Mexico border crossing,POINT (-98.51932 27.10753)
2016-08-25,2016.0,8,TEXAS,1,Drowning,83.4,US-Mexico border crossing,POINT (-100.4466 28.62758)
2016-08-27,2016.0,8,TEXAS,1,Mixed or unknown,83.4,US-Mexico border crossing,POINT (-98.28664 27.02996)
2016-08-28,2016.0,8,CALIFORNIA,1,Drowning,76.5,US-Mexico border crossing,POINT (-115.5375 32.66235)
2016-08-29,2016.0,8,TEXAS,1,"Harsh environmental conditions / lack of adequate shelter, food, water",83.4,US-Mexico border crossing,POINT (-99.12382 27.87681)
2016-09-02,2016.0,9,TEXAS,1,Sickness / lack of access to adequate healthcare,79.6,US-Mexico border crossing,POINT (-97.6701 26.1749)
2016-09-03,2016.0,9,CALIFORNIA,1,Drowning,72.8,US-Mexico border crossing,POINT (-117.12396 32.53469)
2016-09-04,2016.0,9,TEXAS,1,Drowning,79.6,US-Mexico border crossing,POINT (-99.53681 27.59838)
2016-09-06,2016.0,9,TEXAS,1,Mixed or unknown,79.6,US-Mexico border crossing,POINT (-98.57592 26.27634)
2016-09-08,2016.0,9,,1,Drowning,,US-Mexico border crossing,POINT (-99.4931 27.42917)
2016-09-09,2016.0,9,TEXAS,1,"Harsh environmental conditions / lack of adequate shelter, food, water",79.6,US-Mexico border crossing,POINT (-98.6308 26.2839)
2016-09-10,2016.0,9,,1,Drowning,,US-Mexico border crossing,POINT (-99.50495 27.49984)
2016-09-14,2016.0,9,TEXAS,1,Sickness / lack of access to adequate healthcare,79.6,US-Mexico border crossing,POINT (-98.31409 26.13512)
2016-09-18,2016.0,9,TEXAS,1,"Harsh environmental conditions / lack of adequate shelter, food, water",79.6,US-Mexico border crossing,POINT (-99.78777 28.18333)
2016-09-20,2016.0,9,TEXAS,1,Drowning,79.6,US-Mexico border crossing,POINT (-97.53704 25.92732)
2016-09-20,2016.0,9,TEXAS,1,"Harsh environmental conditions / lack of adequate shelter, food, water",79.6,US-Mexico border crossing,POINT (-99.523 28.1457)
2016-09-21,2016.0,9,ARIZONA,1,Mixed or unknown,74.6,US-Mexico border crossing,POINT (-114.80746 32.50729)
2016-09-22,2016.0,9,TEXAS,1,"Harsh environmental conditions / lack of adequate shelter, food, water",79.6,US-Mexico border crossing,POINT (-98.50728 26.24335)
2016-09-22,2016.0,9,TEXAS,1,"Harsh environmental conditions / lack of adequate shelter, food, water",79.6,US-Mexico border crossing,POINT (-98.3261 27.0852)
2016-09-23,2016.0,9,CALIFORNIA,1,Drowning,72.8,US-Mexico border crossing,POINT (-115.66188 32.65336)
2016-09-24,2016.0,9,TEXAS,1,"Harsh environmental conditions / lack of adequate shelter, food, water",79.6,US-Mexico border crossing,POINT (-98.54495 27.26485)
2016-09-25,2016.0,9,TEXAS,1,"Harsh environmental conditions / lack of adequate shelter, food, water",79.6,US-Mexico border crossing,POINT (-99.62535 28.11115)
2016-09-26,2016.0,9,ARIZONA,1,Mixed or unknown,74.6,US-Mexico border crossing,POINT (-111.6321 31.71432)
2016-09-26,2016.0,9,ARIZONA,1,Mixed or unknown,74.6,US-Mexico border crossing,POINT (-111.96503 31.71573)
2016-09-27,2016.0,9,TEXAS,1,"Harsh environmental conditions / lack of adequate shelter, food, water",79.6,US-Mexico border crossing,POINT (-98.26876 27.01403)
2016-09-27,2016.0,9,ARIZONA,1,Mixed or unknown,74.6,US-Mexico border crossing,POINT (-111.68633 32.35617)
2016-09-28,2016.0,9,TEXAS,1,Mixed or unknown,79.6,US-Mexico border crossing,POINT (-98.0355 27.2217)
2016-10-02,2016.0,10,ARIZONA,1,Mixed or unknown,68.8,US-Mexico border crossing,POINT (-111.91802 32.26809)
2016-10-04,2016.0,10,TEXAS,1,Drowning,74.2,US-Mexico border crossing,POINT (-99.1034 26.4208)
2016-10-05,2016.0,10,TEXAS,1,"Harsh environmental conditions / lack of adequate shelter, food, water",74.2,US-Mexico border crossing,POINT (-98.41191 26.18923)
2016-10-06,2016.0,10,ARIZONA,1,Mixed or unknown,68.8,US-Mexico border crossing,POINT (-111.9245 31.72417)
2016-10-07,2016.0,10,CALIFORNIA,1,Mixed or unknown,65.0,US-Mexico border crossing,POINT (-116.75088 32.60338)
2016-10-07,2016.0,10,TEXAS,1,"Harsh environmental conditions / lack of adequate shelter, food, water",74.2,US-Mexico border crossing,POINT (-98.12766 27.17457)
2016-10-08,2016.0,10,TEXAS,1,"Harsh environmental conditions / lack of adequate shelter, food, water",74.2,US-Mexico border crossing,POINT (-98.43647 27.2568)
2016-10-08,2016.0,10,,1,Drowning,,US-Mexico border crossing,POINT (-99.49462 27.44838)
2016-10-10,2016.0,10,TEXAS,1,Drowning,74.2,US-Mexico border crossing,POINT (-99.50636 27.35755)
2016-10-17,2016.0,10,TEXAS,1,Mixed or unknown,74.2,US-Mexico border crossing,POINT (-98.5857 26.26569)
2016-10-18,2016.0,10,ARIZONA,1,Mixed or unknown,68.8,US-Mexico border crossing,POINT (-112.07773 32.5788)
2016-10-19,2016.0,10,TEXAS,1,Drowning,74.2,US-Mexico border crossing,POINT (-100.50684 28.71819)
2016-10-20,2016.0,10,TEXAS,1,Mixed or unknown,74.2,US-Mexico border crossing,POINT (-98.23593 26.94818)
2016-10-21,2016.0,10,TEXAS,1,Mixed or unknown,74.2,US-Mexico border crossing,POINT (-98.45784 26.23003)
2016-10-22,2016.0,10,,1,Drowning,,US-Mexico border crossing,POINT (-99.48882 27.41594)
2016-10-24,2016.0,10,TEXAS,1,Drowning,74.2,US-Mexico border crossing,POINT (-99.5162 27.55524)
2016-10-24,2016.0,10,TEXAS,1,"Harsh environmental conditions / lack of adequate shelter, food, water",74.2,US-Mexico border crossing,POINT (-98.24667 27.10356)
2016-10-24,2016.0,10,ARIZONA,1,Mixed or unknown,68.8,US-Mexico border crossing,POINT (-112.68118 32.05992)
2016-10-24,2016.0,10,TEXAS,1,Drowning,74.2,US-Mexico border crossing,POINT (-99.52511 27.57621)
2016-10-25,2016.0,10,TEXAS,1,"Harsh environmental conditions / lack of adequate shelter, food, water",74.2,US-Mexico border crossing,POINT (-99.10167 26.44208)
2016-10-27,2016.0,10,TEXAS,1,"Harsh environmental conditions / lack of adequate shelter, food, water",74.2,US-Mexico border crossing,POINT (-98.21382 27.17404)
2016-11-02,2016.0,11,TEXAS,1,"Harsh environmental conditions / lack of adequate shelter, food, water",65.9,US-Mexico border crossing,POINT (-98.3325 26.16074)
2016-11-03,2016.0,11,ARIZONA,1,Mixed or unknown,59.6,US-Mexico border crossing,POINT (-112.10657 31.72388)
2016-11-04,2016.0,11,TEXAS,1,Drowning,65.9,US-Mexico border crossing,POINT (-99.52615 27.50869)
2016-11-07,2016.0,11,CALIFORNIA,1,Mixed or unknown,56.6,US-Mexico border crossing,POINT (-115.96319 32.6965)
2016-11-07,2016.0,11,TEXAS,1,"Harsh environmental conditions / lack of adequate shelter, food, water",65.9,US-Mexico border crossing,POINT (-98.02534 27.23543)
2016-11-09,2016.0,11,TEXAS,1,Drowning,65.9,US-Mexico border crossing,POINT (-99.66625 27.65928)
2016-11-10,2016.0,11,ARIZONA,1,Mixed or unknown,59.6,US-Mexico border crossing,POINT (-111.8411 31.641)
2016-11-10,2016.0,11,ARIZONA,1,Mixed or unknown,59.6,US-Mexico border crossing,POINT (-111.94933 31.7135)
2016-11-12,2016.0,11,TEXAS,1,Drowning,65.9,US-Mexico border crossing,POINT (-99.42887 27.12499)
2016-11-15,2016.0,11,,1,Drowning,,US-Mexico border crossing,POINT (-99.50498 27.49955)
2016-11-16,2016.0,11,TEXAS,1,Drowning,65.9,US-Mexico border crossing,POINT (-99.49238 27.39264)
2016-11-17,2016.0,11,TEXAS,1,Drowning,65.9,US-Mexico border crossing,POINT (-99.48747 27.41141)
2016-11-19,2016.0,11,TEXAS,1,Mixed or unknown,65.9,US-Mexico border crossing,POINT (-98.50095 26.24665)
2016-11-19,2016.0,11,,1,Drowning,,US-Mexico border crossing,POINT (-99.49564 27.44261)
2016-11-28,2016.0,11,TEXAS,1,"Harsh environmental conditions / lack of adequate shelter, food, water",65.9,US-Mexico border crossing,POINT (-97.90629 27.13706)
2016-12-01,2016.0,12,TEXAS,1,Drowning,55.3,US-Mexico border crossing,POINT (-98.08618 26.0696)
2016-12-05,2016.0,12,TEXAS,1,Drowning,55.3,US-Mexico border crossing,POINT (-99.50365 27.36328)
2016-12-06,2016.0,12,TEXAS,1,Drowning,55.3,US-Mexico border crossing,POINT (-98.2647 26.0861)
2016-12-07,2016.0,12,TEXAS,1,Mixed or unknown,55.3,US-Mexico border crossing,POINT (-98.26747 26.98024)
2016-12-10,2016.0,12,TEXAS,1,Mixed or unknown,55.3,US-Mexico border crossing,POINT (-97.87321 27.25394)
2016-12-11,2016.0,12,TEXAS,1,Sickness / lack of access to adequate healthcare,55.3,US-Mexico border crossing,POINT (-98.26518 26.15283)
2016-12-11,2016.0,12,TEXAS,1,"Harsh environmental conditions / lack of adequate shelter, food, water",55.3,US-Mexico border crossing,POINT (-98.2285 27.1943)
2016-12-17,2016.0,12,TEXAS,1,Mixed or unknown,55.3,US-Mexico border crossing,POINT (-98.34275 27.18236)
2016-12-18,2016.0,12,CALIFORNIA,1,Drowning,48.1,US-Mexico border crossing,POINT (-115.00029 32.70551)
2016-12-21,2016.0,12,TEXAS,1,Mixed or unknown,55.3,US-Mexico border crossing,POINT (-98.26503 27.07318)
2016-12-22,2016.0,12,TEXAS,1,"Harsh environmental conditions / lack of adequate shelter, food, water",55.3,US-Mexico border crossing,POINT (-98.2257 26.1868)
2016-12-22,2016.0,12,ARIZONA,1,Mixed or unknown,48.9,US-Mexico border crossing,POINT (-111.25023 32.0157)
2016-12-24,2016.0,12,TEXAS,1,Drowning,55.3,US-Mexico border crossing,POINT (-99.48875 27.40212)
2016-12-24,2016.0,12,,1,Drowning,,US-Mexico border crossing,POINT (-99.52811 27.32388)
2016-12-24,2016.0,12,TEXAS,1,Drowning,55.3,US-Mexico border crossing,POINT (-99.50516 27.35973)
2016-12-26,2016.0,12,TEXAS,1,Drowning,55.3,US-Mexico border crossing,POINT (-99.49339 27.49294)
2016-12-27,2016.0,12,TEXAS,1,Mixed or unknown,55.3,US-Mexico border crossing,POINT (-98.1497 27.14723)
2016-12-28,2016.0,12,TEXAS,1,Mixed or unknown,55.3,US-Mexico border crossing,POINT (-98.27049 26.10605)
2017-01-02,2017.0,1,ARIZONA,1,Mixed or unknown,43.5,US-Mexico border crossing,POINT (-112.9925 32.1117)
2017-01-03,2017.0,1,,1,Mixed or unknown,,US-Mexico border crossing,POINT (-112.93808 31.91683)
2017-01-03,2017.0,1,TEXAS,1,Mixed or unknown,50.2,US-Mexico border crossing,POINT (-98.2557676 26.0858723)
2017-01-04,2017.0,1,ARIZONA,1,Mixed or unknown,43.5,US-Mexico border crossing,POINT (-111.700666 31.700433)
2017-01-07,2017.0,1,ARIZONA,1,Mixed or unknown,43.5,US-Mexico border crossing,POINT (-113.13486 32.31711)
2017-01-07,2017.0,1,ARIZONA,1,Mixed or unknown,43.5,US-Mexico border crossing,POINT (-113.13483 32.31711)
2017-01-07,2017.0,1,ARIZONA,1,Mixed or unknown,43.5,US-Mexico border crossing,POINT (-113.09133 32.30597)
2017-01-08,2017.0,1,TEXAS,1,Mixed or unknown,50.2,US-Mexico border crossing,POINT (-98.5412384 27.0227822)
2017-01-09,2017.0,1,TEXAS,1,Mixed or unknown,50.2,US-Mexico border crossing,POINT (-98.30781523 27.13979415)
2017-01-09,2017.0,1,ARIZONA,1,Mixed or unknown,43.5,US-Mexico border crossing,POINT (-111.98465 31.68753)
2017-01-10,2017.0,1,ARIZONA,1,Mixed or unknown,43.5,US-Mexico border crossing,POINT (-112.4018 32.06821)
2017-01-11,2017.0,1,TEXAS,1,Mixed or unknown,50.2,US-Mexico border crossing,POINT (-99.0262463 26.5101629)
2017-01-13,2017.0,1,TEXAS,1,Violence,50.2,US-Mexico border crossing,POINT (-99.41595 27.51984)
2017-01-15,2017.0,1,ARIZONA,1,Mixed or unknown,43.5,US-Mexico border crossing,POINT (-111.67701 32.11655)
2017-01-17,2017.0,1,TEXAS,1,Mixed or unknown,50.2,US-Mexico border crossing,POINT (-98.39295928 27.0273057)
2017-01-18,2017.0,1,TEXAS,1,Mixed or unknown,50.2,US-Mexico border crossing,POINT (-98.0559246 27.1835782)
2017-01-18,2017.0,1,ARIZONA,1,Mixed or unknown,43.5,US-Mexico border crossing,POINT (-113.18415 32.45399)
2017-01-18,2017.0,1,ARIZONA,1,Mixed or unknown,43.5,US-Mexico border crossing,POINT (-112.06358 32.0145)
2017-01-19,2017.0,1,TEXAS,1,Mixed or unknown,50.2,US-Mexico border crossing,POINT (-98.2058397 27.1058788)
2017-01-21,2017.0,1,,1,Drowning,,US-Mexico border crossing,POINT (-99.58366425 27.60315357)
2017-01-24,2017.0,1,TEXAS,1,Drowning,50.2,US-Mexico border crossing,POINT (-98.47763265 26.22018546)
2017-01-25,2017.0,1,TEXAS,1,Drowning,50.2,US-Mexico border crossing,POINT (-97.93420931 26.06549106)
2017-01-26,2017.0,1,TEXAS,1,Drowning,50.2,US-Mexico border crossing,POINT (-98.51294518 26.2275051)
2017-01-26,2017.0,1,TEXAS,1,Drowning,50.2,US-Mexico border crossing,POINT (-98.51294518 26.2275051)
2017-01-27,2017.0,1,ARIZONA,1,Mixed or unknown,43.5,US-Mexico border crossing,POINT (-111.395217 32.3088)
2017-01-27,2017.0,1,TEXAS,2,Drowning,50.2,US-Mexico border crossing,POINT (-99.24348542 26.81693967)
2017-01-27,2017.0,1,TEXAS,1,Mixed or unknown,50.2,US-Mexico border crossing,POINT (-98.02606837 27.02898844)
2017-01-29,2017.0,1,,1,Mixed or unknown,,US-Mexico border crossing,POINT (-100.514183 28.6919315)
2017-11-19,2017.0,11,,5,"Harsh environmental conditions / lack of adequate shelter, food, water",,US-Mexico border crossing,POINT (-117.28843784 32.83194576)
2017-11-19,2017.0,11,CALIFORNIA,1,Drowning,57.7,US-Mexico border crossing,POINT (-115.46553581 32.69422005)
2017-01-30,2017.0,1,ARIZONA,1,Mixed or unknown,43.5,US-Mexico border crossing,POINT (-111.2435 31.4246)
2017-01-31,2017.0,1,TEXAS,1,Drowning,50.2,US-Mexico border crossing,POINT (-100.4995214 28.7091433)
2017-02-01,2017.0,2,TEXAS,1,Mixed or unknown,54.6,US-Mexico border crossing,POINT (-98.06452052 27.13414255)
2017-02-06,2017.0,2,TEXAS,1,Mixed or unknown,54.6,US-Mexico border crossing,POINT (-98.2058397 27.1058788)
2017-02-06,2017.0,2,TEXAS,1,Mixed or unknown,54.6,US-Mexico border crossing,POINT (-98.27326076 27.15613905)
2017-02-08,2017.0,2,ARIZONA,1,Mixed or unknown,45.8,US-Mexico border crossing,POINT (-110.40457 31.90777)
2017-02-09,2017.0,2,ARIZONA,1,Mixed or unknown,45.8,US-Mexico border crossing,POINT (-112.29913 32.08317)
2017-02-10,2017.0,2,ARIZONA,1,Mixed or unknown,45.8,US-Mexico border crossing,POINT (-113.08218 32.31615)
2017-02-10,2017.0,2,ARIZONA,1,Mixed or unknown,45.8,US-Mexico border crossing,POINT (-113.08218 32.28982)
2017-02-10,2017.0,2,TEXAS,1,Mixed or unknown,54.6,US-Mexico border crossing,POINT (-98.2058397 27.1058788)
2017-02-11,2017.0,2,ARIZONA,1,Mixed or unknown,45.8,US-Mexico border crossing,POINT (-113.11262 32.16779)
2017-02-12,2017.0,2,TEXAS,1,Mixed or unknown,54.6,US-Mexico border crossing,POINT (-98.0559246 27.1835782)
2017-02-12,2017.0,2,TEXAS,1,Mixed or unknown,54.6,US-Mexico border crossing,POINT (-104.684177 30.685279)
2017-02-13,2017.0,2,ARIZONA,1,Mixed or unknown,45.8,US-Mexico border crossing,POINT (-111.404717 31.847404)
2017-02-14,2017.0,2,ARIZONA,1,Mixed or unknown,45.8,US-Mexico border crossing,POINT (-113.08218 32.29002)
2017-02-17,2017.0,2,ARIZONA,1,Mixed or unknown,45.8,US-Mexico border crossing,POINT (-112.83267 31.95165)
2017-02-17,2017.0,2,ARIZONA,1,Mixed or unknown,45.8,US-Mexico border crossing,POINT (-111.855706 31.745261)
2017-02-18,2017.0,2,ARIZONA,1,Mixed or unknown,45.8,US-Mexico border crossing,POINT (-112.40396 31.85898)
2017-02-19,2017.0,2,TEXAS,1,Mixed or unknown,54.6,US-Mexico border crossing,POINT (-98.2044504 27.2403194)
2017-02-20,2017.0,2,ARIZONA,1,Mixed or unknown,45.8,US-Mexico border crossing,POINT (-113.1245 32.393333)
2017-02-22,2017.0,2,ARIZONA,1,Mixed or unknown,45.8,US-Mexico border crossing,POINT (-112.141433 31.820317)
2017-02-23,2017.0,2,NEW MEXICO,2,Vehicle accident / death linked to hazardous transport,40.8,US-Mexico border crossing,POINT (-108.307 32.1927)
2017-02-24,2017.0,2,ARIZONA,1,Sickness / lack of access to adequate healthcare,45.8,US-Mexico border crossing,POINT (-111.40696 31.49293)
2017-02-25,2017.0,2,ARIZONA,1,Mixed or unknown,45.8,US-Mexico border crossing,POINT (-111.23924 31.77614)
2017-02-27,2017.0,2,TEXAS,1,Mixed or unknown,54.6,US-Mexico border crossing,POINT (-98.22519557 27.11458647)
2017-02-28,2017.0,2,ARIZONA,1,Mixed or unknown,45.8,US-Mexico border crossing,POINT (-113.25421 32.08903)
2017-03-01,2017.0,3,TEXAS,1,Mixed or unknown,61.0,US-Mexico border crossing,POINT (-98.2212979 27.0273057)
2017-03-07,2017.0,3,ARIZONA,1,Mixed or unknown,53.0,US-Mexico border crossing,POINT (-112.376717 32.170217)
2017-03-10,2017.0,3,ARIZONA,1,Mixed or unknown,53.0,US-Mexico border crossing,POINT (-113.018383 31.9442)
2017-03-10,2017.0,3,ARIZONA,1,Mixed or unknown,53.0,US-Mexico border crossing,POINT (-113.115 32.39057)
2017-03-15,2017.0,3,ARIZONA,1,Mixed or unknown,53.0,US-Mexico border crossing,POINT (-112.15991 32.01978)
2017-03-16,2017.0,3,TEXAS,1,Mixed or unknown,61.0,US-Mexico border crossing,POINT (-98.29682891 27.0297523)
2017-03-21,2017.0,3,ARIZONA,1,Mixed or unknown,53.0,US-Mexico border crossing,POINT (-112.00406 31.70533)
2017-03-29,2017.0,3,ARIZONA,1,Mixed or unknown,53.0,US-Mexico border crossing,POINT (-112.254217 33.382683)
2017-04-07,2017.0,4,TEXAS,1,Mixed or unknown,65.4,US-Mexico border crossing,POINT (-98.19030762 27.08054477)
2017-04-14,2017.0,4,TEXAS,1,Mixed or unknown,65.4,US-Mexico border crossing,POINT (-98.55774029 26.24398248)
2017-04-15,2017.0,4,TEXAS,1,Mixed or unknown,65.4,US-Mexico border crossing,POINT (-98.0838125 26.5758125)
2017-04-17,2017.0,4,ARIZONA,1,Mixed or unknown,58.2,US-Mexico border crossing,POINT (-112.12161 31.79776)
2017-04-17,2017.0,4,TEXAS,1,Mixed or unknown,65.4,US-Mexico border crossing,POINT (-98.09280396 27.09277144)
2017-04-20,2017.0,4,TEXAS,1,Drowning,65.4,US-Mexico border crossing,POINT (-98.4066512 26.196888)
2017-04-21,2017.0,4,ARIZONA,1,Mixed or unknown,58.2,US-Mexico border crossing,POINT (-111.57253 32.2623)
2017-04-24,2017.0,4,ARIZONA,1,Mixed or unknown,58.2,US-Mexico border crossing,POINT (-113.11729 32.34637)
2017-04-26,2017.0,4,ARIZONA,1,Mixed or unknown,58.2,US-Mexico border crossing,POINT (-112.988183 31.9758)
2017-05-03,2017.0,5,ARIZONA,1,Mixed or unknown,63.0,US-Mexico border crossing,POINT (-113.118367 32.328767)
2017-05-06,2017.0,5,ARIZONA,1,Mixed or unknown,63.0,US-Mexico border crossing,POINT (-113.00212 32.11713)
2017-05-15,2017.0,5,ARIZONA,1,Mixed or unknown,63.0,US-Mexico border crossing,POINT (-111.806183 31.884333)
2017-05-19,2017.0,5,ARIZONA,1,Mixed or unknown,63.0,US-Mexico border crossing,POINT (-112.149283 31.98845)
2017-05-22,2017.0,5,TEXAS,1,"Harsh environmental conditions / lack of adequate shelter, food, water",69.6,US-Mexico border crossing,POINT (-98.1343864 27.1688614)
2017-05-22,2017.0,5,TEXAS,1,Drowning,69.6,US-Mexico border crossing,POINT (-97.9016701 26.1372696)
2017-05-25,2017.0,5,ARIZONA,1,"Harsh environmental conditions / lack of adequate shelter, food, water",63.0,US-Mexico border crossing,POINT (-112.3889235 33.4566486)
2017-05-25,2017.0,5,ARIZONA,1,"Harsh environmental conditions / lack of adequate shelter, food, water",63.0,US-Mexico border crossing,POINT (-112.40016 31.80328)
2017-05-25,2017.0,5,TEXAS,1,Mixed or unknown,69.6,US-Mexico border crossing,POINT (-98.18069458 27.0108273)
2017-05-26,2017.0,5,,1,Vehicle accident / death linked to hazardous transport,,US-Mexico border crossing,POINT (-100.514183 28.6919315)
2017-05-26,2017.0,5,MINNESOTA,1,"Harsh environmental conditions / lack of adequate shelter, food, water",49.0,,POINT (-96.3547818 48.9112874)
2017-05-27,2017.0,5,ARIZONA,1,Mixed or unknown,63.0,US-Mexico border crossing,POINT (-113.13601 32.41068)
2017-05-27,2017.0,5,ARIZONA,1,Mixed or unknown,63.0,US-Mexico border crossing,POINT (-113.13165 32.54941)
2017-05-29,2017.0,5,ARIZONA,1,Mixed or unknown,63.0,US-Mexico border crossing,POINT (-113.174067 32.757533)
2017-05-29,2017.0,5,TEXAS,1,"Harsh environmental conditions / lack of adequate shelter, food, water",69.6,US-Mexico border crossing,POINT (-100.4589115 28.7126267)
2017-05-31,2017.0,5,ARIZONA,1,Mixed or unknown,63.0,US-Mexico border crossing,POINT (-113.13721 32.4503)
2017-05-31,2017.0,5,ARIZONA,1,Mixed or unknown,63.0,US-Mexico border crossing,POINT (-113.13195 32.43983)
2017-05-31,2017.0,5,ARIZONA,1,Mixed or unknown,63.0,US-Mexico border crossing,POINT (-113.12862 32.43381)
2017-06-06,2017.0,6,ARIZONA,1,Mixed or unknown,72.9,US-Mexico border crossing,POINT (-112.16165 31.882383)
2017-06-07,2017.0,6,ARIZONA,1,Violence,72.9,US-Mexico border crossing,POINT (-112.671433 32.601267)
2017-06-08,2017.0,6,ARIZONA,1,"Harsh environmental conditions / lack of adequate shelter, food, water",72.9,US-Mexico border crossing,POINT (-111.339419 32.034241)
2017-06-12,2017.0,6,ARIZONA,1,"Harsh environmental conditions / lack of adequate shelter, food, water",72.9,US-Mexico border crossing,POINT (-111.42261 31.76012)
2017-06-12,2017.0,6,ARIZONA,1,Mixed or unknown,72.9,US-Mexico border crossing,POINT (-112.5273 32.31955)
2017-06-12,2017.0,6,CALIFORNIA,1,Drowning,68.1,US-Mexico border crossing,POINT (-115.52908291 32.66452279)
2017-06-13,2017.0,6,TEXAS,1,Mixed or unknown,76.3,US-Mexico border crossing,POINT (-98.4916346 26.2506568)
2017-06-15,2017.0,6,ARIZONA,1,Mixed or unknown,72.9,US-Mexico border crossing,POINT (-112.13511 31.98217)
2017-06-16,2017.0,6,ARIZONA,1,Mixed or unknown,72.9,US-Mexico border crossing,POINT (-111.45708 31.64953)
2017-06-16,2017.0,6,,1,Mixed or unknown,,US-Mexico border crossing,POINT (-100.20800131 28.16011482)
2017-06-17,2017.0,6,ARIZONA,1,Mixed or unknown,72.9,US-Mexico border crossing,POINT (-113.11978 32.44072)
2017-06-17,2017.0,6,ARIZONA,1,Mixed or unknown,72.9,US-Mexico border crossing,POINT (-113.13554 32.41934)
2017-06-17,2017.0,6,ARIZONA,1,Mixed or unknown,72.9,US-Mexico border crossing,POINT (-113.13784 32.41131)
2017-06-17,2017.0,6,ARIZONA,1,Mixed or unknown,72.9,US-Mexico border crossing,POINT (-113.13807 32.41175)
2017-06-17,2017.0,6,ARIZONA,1,Mixed or unknown,72.9,US-Mexico border crossing,POINT (-113.1268 32.41754)
2017-06-17,2017.0,6,ARIZONA,1,Mixed or unknown,72.9,US-Mexico border crossing,POINT (-113.12548 32.42663)
2017-06-17,2017.0,6,ARIZONA,1,Mixed or unknown,72.9,US-Mexico border crossing,POINT (-113.12954 32.45975)
2017-06-17,2017.0,6,ARIZONA,1,Mixed or unknown,72.9,US-Mexico border crossing,POINT (-113.13318 32.46414)
2017-06-18,2017.0,6,TEXAS,1,Drowning,76.3,US-Mexico border crossing,POINT (-98.26521003 26.11825501)
2017-06-18,2017.0,6,CALIFORNIA,1,Mixed or unknown,68.1,US-Mexico border crossing,POINT (-117.6838078 33.5063335)
2017-06-20,2017.0,6,TEXAS,1,"Harsh environmental conditions / lack of adequate shelter, food, water",76.3,US-Mexico border crossing,POINT (-100.3105718 28.5085892)
2017-06-20,2017.0,6,TEXAS,1,Sickness / lack of access to adequate healthcare,76.3,US-Mexico border crossing,POINT (-98.20047633 27.15247327)
2017-06-20,2017.0,6,TEXAS,1,"Harsh environmental conditions / lack of adequate shelter, food, water",76.3,US-Mexico border crossing,POINT (-98.5412384 27.0227822)
2017-06-20,2017.0,6,TEXAS,1,Mixed or unknown,76.3,US-Mexico border crossing,POINT (-98.1665859 27.2196887)
2017-06-24,2017.0,6,TEXAS,1,"Harsh environmental conditions / lack of adequate shelter, food, water",76.3,US-Mexico border crossing,POINT (-98.4030222 26.2024694)
2017-06-25,2017.0,6,TEXAS,1,Mixed or unknown,76.3,US-Mexico border crossing,POINT (-98.133014 27.211565)
2017-06-26,2017.0,6,ARIZONA,1,"Harsh environmental conditions / lack of adequate shelter, food, water",72.9,US-Mexico border crossing,POINT (-111.337367 31.90665)
2017-06-26,2017.0,6,ARIZONA,1,"Harsh environmental conditions / lack of adequate shelter, food, water",72.9,US-Mexico border crossing,POINT (-111.5488 32.40368)
2017-06-27,2017.0,6,ARIZONA,1,Mixed or unknown,72.9,US-Mexico border crossing,POINT (-113.1181 32.3334)
2017-06-27,2017.0,6,TEXAS,1,Mixed or unknown,76.3,US-Mexico border crossing,POINT (-98.23503081 27.13490569)
2017-06-28,2017.0,6,TEXAS,1,Mixed or unknown,76.3,US-Mexico border crossing,POINT (-98.23777739 27.14712643)
2017-06-28,2017.0,6,ARIZONA,1,"Harsh environmental conditions / lack of adequate shelter, food, water",72.9,US-Mexico border crossing,POINT (-111.852183 31.793083)
2017-06-28,2017.0,6,,1,Drowning,,US-Mexico border crossing,POINT (-100.514183 28.6919315)
2017-06-29,2017.0,6,TEXAS,1,Drowning,76.3,US-Mexico border crossing,POINT (-98.075316 26.0675271)
2017-06-29,2017.0,6,TEXAS,1,Mixed or unknown,76.3,US-Mexico border crossing,POINT (-98.29742432 26.97656426)
2017-06-30,2017.0,6,ARIZONA,1,Mixed or unknown,72.9,US-Mexico border crossing,POINT (-112.00154 31.70756)
2017-07-02,2017.0,7,TEXAS,1,Mixed or unknown,82.1,US-Mexico border crossing,POINT (-98.35785 27.39193)
2017-07-02,2017.0,7,ARIZONA,1,Mixed or unknown,80.6,US-Mexico border crossing,POINT (-112.969983 32.106783)
2017-07-05,2017.0,7,ARIZONA,1,Mixed or unknown,80.6,US-Mexico border crossing,POINT (-112.47641 32.06269)
2017-07-05,2017.0,7,ARIZONA,1,Mixed or unknown,80.6,US-Mexico border crossing,POINT (-113.0138 31.9984)
2017-07-05,2017.0,7,ARIZONA,1,"Harsh environmental conditions / lack of adequate shelter, food, water",80.6,US-Mexico border crossing,POINT (-112.923 32.22316)
2017-07-06,2017.0,7,TEXAS,1,Mixed or unknown,82.1,US-Mexico border crossing,POINT (-98.1645255 27.2200704)
2017-07-09,2017.0,7,ARIZONA,1,Mixed or unknown,80.6,US-Mexico border crossing,POINT (-111.390167 31.764317)
2017-07-09,2017.0,7,ARIZONA,1,Mixed or unknown,80.6,US-Mexico border crossing,POINT (-111.390147 31.764317)
2017-07-10,2017.0,7,TEXAS,1,"Harsh environmental conditions / lack of adequate shelter, food, water",82.1,US-Mexico border crossing,POINT (-99.876448 28.5285009)
2017-07-11,2017.0,7,ARIZONA,1,"Harsh environmental conditions / lack of adequate shelter, food, water",80.6,US-Mexico border crossing,POINT (-111.835983 31.735367)
2017-07-14,2017.0,7,TEXAS,1,Mixed or unknown,82.1,US-Mexico border crossing,POINT (-98.18893433 27.07687651)
2017-07-15,2017.0,7,ARIZONA,1,Mixed or unknown,80.6,US-Mexico border crossing,POINT (-112.89901374 31.92472444)
2017-07-17,2017.0,7,ARIZONA,1,Mixed or unknown,80.6,US-Mexico border crossing,POINT (-111.56925 32.35445)
2017-07-18,2017.0,7,TEXAS,1,Drowning,82.1,US-Mexico border crossing,POINT (-97.49791295 25.89896766)
2017-07-20,2017.0,7,TEXAS,1,Mixed or unknown,82.1,US-Mexico border crossing,POINT (-98.23892848 27.13047604)
2017-07-21,2017.0,7,ARIZONA,1,Mixed or unknown,80.6,US-Mexico border crossing,POINT (-112.410878 32.126939)
2017-07-23,2017.0,7,TEXAS,8,Mixed or unknown,82.1,US-Mexico border crossing,POINT (-98.55459899 29.45863204)
2017-07-23,2017.0,7,TEXAS,1,Mixed or unknown,82.1,US-Mexico border crossing,POINT (-98.55459899 29.45863204)
2017-07-23,2017.0,7,TEXAS,1,Mixed or unknown,82.1,US-Mexico border crossing,POINT (-98.55459899 29.45863204)
2017-07-23,2017.0,7,ARIZONA,1,Mixed or unknown,80.6,US-Mexico border crossing,POINT (-111.3925 31.91138)
2017-07-24,2017.0,7,,4,Drowning,,US-Mexico border crossing,POINT (-106.48776828 31.74771919)
2017-07-27,2017.0,7,,1,Drowning,,US-Mexico border crossing,POINT (-106.48776828 31.74771919)
2017-07-24,2017.0,7,,1,Drowning,,US-Mexico border crossing,POINT (-98.27660909 26.08430186)
2017-07-26,2017.0,7,ARIZONA,1,Mixed or unknown,80.6,US-Mexico border crossing,POINT (-113.1166 32.3624)
2017-07-30,2017.0,7,ARIZONA,1,Mixed or unknown,80.6,US-Mexico border crossing,POINT (-112.9088 31.9237)
2017-08-01,2017.0,8,CALIFORNIA,1,"Harsh environmental conditions / lack of adequate shelter, food, water",78.4,US-Mexico border crossing,POINT (-116.87255563 32.58088428)
2017-08-02,2017.0,8,ARIZONA,1,"Harsh environmental conditions / lack of adequate shelter, food, water",80.3,US-Mexico border crossing,POINT (-111.4761 32.19935)
2017-08-06,2017.0,8,TEXAS,1,Mixed or unknown,82.1,US-Mexico border crossing,POINT (-98.16970825 27.06831677)
2017-08-07,2017.0,8,TEXAS,1,"Harsh environmental conditions / lack of adequate shelter, food, water",82.1,US-Mexico border crossing,POINT (-97.89181457 27.47323245)
2017-08-07,2017.0,8,ARIZONA,1,Mixed or unknown,80.3,US-Mexico border crossing,POINT (-111.467866 31.493283)
2017-08-10,2017.0,8,TEXAS,1,Mixed or unknown,82.1,US-Mexico border crossing,POINT (-98.4269727 27.26203659)
2017-08-10,2017.0,8,TEXAS,1,Mixed or unknown,82.1,US-Mexico border crossing,POINT (-98.21914673 27.09521662)
2017-08-10,2017.0,8,CALIFORNIA,2,Vehicle accident / death linked to hazardous transport,78.4,US-Mexico border crossing,POINT (-117.0805825 33.0335773)
2017-08-11,2017.0,8,ARIZONA,1,Mixed or unknown,80.3,US-Mexico border crossing,POINT (-112.32331 32.36358)
2017-08-12,2017.0,8,ARIZONA,1,Mixed or unknown,80.3,US-Mexico border crossing,POINT (-112.323517 32.363583)
2017-08-15,2017.0,8,ARIZONA,1,Mixed or unknown,80.3,US-Mexico border crossing,POINT (-111.403083 32.336)
2017-08-16,2017.0,8,ARIZONA,1,Mixed or unknown,80.3,US-Mexico border crossing,POINT (-113.01675 32.03378)
2017-08-18,2017.0,8,ARIZONA,1,Mixed or unknown,80.3,US-Mexico border crossing,POINT (-111.3568 31.92835)
2017-08-20,2017.0,8,ARIZONA,1,"Harsh environmental conditions / lack of adequate shelter, food, water",80.3,US-Mexico border crossing,POINT (-112.77683 32.00386)
2017-08-22,2017.0,8,TEXAS,1,Mixed or unknown,82.1,US-Mexico border crossing,POINT (-98.18206787 27.09032622)
2017-08-22,2017.0,8,TEXAS,1,Mixed or unknown,82.1,US-Mexico border crossing,POINT (-98.2212979 27.0273057)
2017-08-25,2017.0,8,CALIFORNIA,1,Vehicle accident / death linked to hazardous transport,78.4,US-Mexico border crossing,POINT (-116.17549363 32.64182294)
2017-08-27,2017.0,8,ARIZONA,1,"Harsh environmental conditions / lack of adequate shelter, food, water",80.3,US-Mexico border crossing,POINT (-113.105733 32.376133)
2017-08-28,2017.0,8,ARIZONA,1,"Harsh environmental conditions / lack of adequate shelter, food, water",80.3,US-Mexico border crossing,POINT (-111.882317 32.181667)
2017-08-29,2017.0,8,TEXAS,1,Drowning,82.1,US-Mexico border crossing,POINT (-106.46843743 31.76015201)
2017-08-30,2017.0,8,CALIFORNIA,1,Mixed or unknown,78.4,US-Mexico border crossing,POINT (-115.07246 32.99659)
2017-08-31,2017.0,8,TEXAS,1,Mixed or unknown,82.1,US-Mexico border crossing,POINT (-98.2058397 27.1058788)
2017-09-02,2017.0,9,ARIZONA,1,Mixed or unknown,75.8,US-Mexico border crossing,POINT (-112.972 32.098)
2017-09-02,2017.0,9,TEXAS,1,"Harsh environmental conditions / lack of adequate shelter, food, water",78.6,US-Mexico border crossing,POINT (-98.09632842 27.11779443)
2017-09-04,2017.0,9,ARIZONA,1,Mixed or unknown,75.8,US-Mexico border crossing,POINT (-111.96225 31.76985)
2017-09-05,2017.0,9,ARIZONA,1,Mixed or unknown,75.8,US-Mexico border crossing,POINT (-111.954083 31.735967)
2017-09-06,2017.0,9,TEXAS,1,Mixed or unknown,78.6,US-Mexico border crossing,POINT (-98.2044504 27.2403194)
2017-09-06,2017.0,9,ARIZONA,1,Mixed or unknown,75.8,US-Mexico border crossing,POINT (-111.863267 31.684483)
2017-09-06,2017.0,9,TEXAS,1,Mixed or unknown,78.6,US-Mexico border crossing,POINT (-98.2650303 26.1083689)
2017-09-06,2017.0,9,TEXAS,1,Mixed or unknown,78.6,US-Mexico border crossing,POINT (-97.68449429 26.91870511)
2017-09-09,2017.0,9,TEXAS,1,"Harsh environmental conditions / lack of adequate shelter, food, water",78.6,US-Mexico border crossing,POINT (-100.3702763 29.5050864)
2017-09-09,2017.0,9,TEXAS,1,Drowning,78.6,US-Mexico border crossing,POINT (-98.37155556 26.19331675)
2017-09-11,2017.0,9,ARIZONA,1,Mixed or unknown,75.8,US-Mexico border crossing,POINT (-111.987583 31.751633)
2017-09-12,2017.0,9,ARIZONA,1,"Harsh environmental conditions / lack of adequate shelter, food, water",75.8,US-Mexico border crossing,POINT (-111.997033 32.06815)
2017-09-12,2017.0,9,ARIZONA,1,Mixed or unknown,75.8,US-Mexico border crossing,POINT (-113.07648 32.28838)
2017-09-14,2017.0,9,ARIZONA,1,"Harsh environmental conditions / lack of adequate shelter, food, water",75.8,US-Mexico border crossing,POINT (-111.86046 31.59205)
2017-09-16,2017.0,9,ARIZONA,1,Mixed or unknown,75.8,US-Mexico border crossing,POINT (-112.2128 31.71875)
2017-09-17,2017.0,9,CALIFORNIA,2,Vehicle accident / death linked to hazardous transport,73.9,US-Mexico border crossing,POINT (-117.03028321 32.54348496)
2017-09-18,2017.0,9,CALIFORNIA,1,Drowning,73.9,US-Mexico border crossing,POINT (-115.07246 32.99659)
2017-09-21,2017.0,9,,1,Drowning,,US-Mexico border crossing,POINT (-100.51020732 28.70903038)
2017-09-21,2017.0,9,,1,Drowning,,US-Mexico border crossing,POINT (-99.52633178 27.49700942)
2017-09-22,2017.0,9,TEXAS,1,"Harsh environmental conditions / lack of adequate shelter, food, water",78.6,US-Mexico border crossing,POINT (-100.4919683 28.71185333)
2017-09-25,2017.0,9,ARIZONA,1,Mixed or unknown,75.8,US-Mexico border crossing,POINT (-111.558767 32.216033)
2017-09-29,2017.0,9,TEXAS,1,Mixed or unknown,78.6,US-Mexico border crossing,POINT (-98.5141977 26.3447805)
2017-10-01,2017.0,10,TEXAS,1,Mixed or unknown,71.5,US-Mexico border crossing,POINT (-98.66389675 26.25566004)
2017-10-03,2017.0,10,ARIZONA,1,Mixed or unknown,68.8,US-Mexico border crossing,POINT (-111.3885 31.830667)
2017-10-04,2017.0,10,TEXAS,1,Mixed or unknown,71.5,US-Mexico border crossing,POINT (-98.1565009 27.2050726)
2017-10-07,2017.0,10,ARIZONA,1,Mixed or unknown,68.8,US-Mexico border crossing,POINT (-112.9916 32.19406)
2017-10-08,2017.0,10,TEXAS,1,Vehicle accident / death linked to hazardous transport,71.5,US-Mexico border crossing,POINT (-99.74805907 29.25013048)
2017-10-19,2017.0,10,ARIZONA,1,"Harsh environmental conditions / lack of adequate shelter, food, water",68.8,US-Mexico border crossing,POINT (-111.426033 31.490717)
2017-10-20,2017.0,10,ARIZONA,1,Mixed or unknown,68.8,US-Mexico border crossing,POINT (-113.016333 31.949)
2017-10-20,2017.0,10,ARIZONA,1,Mixed or unknown,68.8,US-Mexico border crossing,POINT (-111.32687 31.81731)
2017-10-20,2017.0,10,,1,Drowning,,US-Mexico border crossing,POINT (-100.44402817 28.60802401)
2017-10-23,2017.0,10,TEXAS,8,Mixed or unknown,71.5,US-Mexico border crossing,POINT (-98.7481167 26.6215167)
2017-10-24,2017.0,10,TEXAS,1,Mixed or unknown,71.5,US-Mexico border crossing,POINT (-97.79411242 27.21879974)
2017-10-27,2017.0,10,CALIFORNIA,1,Drowning,65.9,US-Mexico border crossing,POINT (-115.07246 32.99659)
2017-10-30,2017.0,10,ARIZONA,1,Mixed or unknown,68.8,US-Mexico border crossing,POINT (-112.92628 32.15686)
2017-11-01,2017.0,11,TEXAS,1,Mixed or unknown,63.4,US-Mexico border crossing,POINT (-98.238644 27.089268)
2017-11-03,2017.0,11,ARIZONA,1,Mixed or unknown,61.4,US-Mexico border crossing,POINT (-113.144967 32.150433)
2017-11-06,2017.0,11,TEXAS,1,Mixed or unknown,63.4,US-Mexico border crossing,POINT (-98.4213932 26.212256)
2017-11-06,2017.0,11,CALIFORNIA,1,Drowning,57.7,US-Mexico border crossing,POINT (-115.1648825 32.7373161)
2017-11-09,2017.0,11,TEXAS,1,Drowning,63.4,US-Mexico border crossing,POINT (-98.3309446 26.14330118)
2017-11-09,2017.0,11,ARIZONA,1,Mixed or unknown,61.4,US-Mexico border crossing,POINT (-112.89472 32.17897)
2017-11-15,2017.0,11,CALIFORNIA,1,Mixed or unknown,57.7,US-Mexico border crossing,POINT (-116.02645234 32.77645796)
2017-11-16,2017.0,11,ARIZONA,1,Mixed or unknown,61.4,US-Mexico border crossing,POINT (-110.2434 31.96283)
2017-11-17,2017.0,11,ARIZONA,1,Mixed or unknown,61.4,US-Mexico border crossing,POINT (-110.4074 31.90245)
2017-11-24,2017.0,11,ARIZONA,1,Mixed or unknown,61.4,US-Mexico border crossing,POINT (-112.90348 32.1505)
2017-11-27,2017.0,11,CALIFORNIA,1,Mixed or unknown,57.7,US-Mexico border crossing,POINT (-116.03022408 33.29373544)
2017-11-28,2017.0,11,ARIZONA,1,Mixed or unknown,61.4,US-Mexico border crossing,POINT (-111.40476 31.88146)
2017-11-29,2017.0,11,ARIZONA,1,Violence,61.4,US-Mexico border crossing,POINT (-111.6176713 31.8054091)
2017-11-29,2017.0,11,TEXAS,1,Mixed or unknown,63.4,US-Mexico border crossing,POINT (-98.2044504 27.2403194)
2017-12-03,2017.0,12,ARIZONA,1,Mixed or unknown,52.1,US-Mexico border crossing,POINT (-111.36656 31.86881)
2017-12-03,2017.0,12,ARIZONA,1,Mixed or unknown,52.1,US-Mexico border crossing,POINT (-110.42346 31.68535)
2017-12-07,2017.0,12,TEXAS,1,"Harsh environmental conditions / lack of adequate shelter, food, water",54.0,US-Mexico border crossing,POINT (-97.86333558 27.25232157)
2017-12-07,2017.0,12,TEXAS,1,"Harsh environmental conditions / lack of adequate shelter, food, water",54.0,US-Mexico border crossing,POINT (-98.20322291 27.15125131)
2017-12-07,2017.0,12,TEXAS,1,"Harsh environmental conditions / lack of adequate shelter, food, water",54.0,US-Mexico border crossing,POINT (-97.79945195 26.76431224)
2017-12-07,2017.0,12,TEXAS,1,"Harsh environmental conditions / lack of adequate shelter, food, water",54.0,US-Mexico border crossing,POINT (-98.2044504 27.2403194)
2017-12-07,2017.0,12,TEXAS,1,Drowning,54.0,US-Mexico border crossing,POINT (-98.44542785 26.22493055)
2017-12-08,2017.0,12,TEXAS,1,"Harsh environmental conditions / lack of adequate shelter, food, water",54.0,US-Mexico border crossing,POINT (-103.2425379 29.1274869)
2017-12-08,2017.0,12,TEXAS,1,"Harsh environmental conditions / lack of adequate shelter, food, water",54.0,US-Mexico border crossing,POINT (-98.22198455 26.45825543)
2017-12-09,2017.0,12,TEXAS,2,"Harsh environmental conditions / lack of adequate shelter, food, water",54.0,US-Mexico border crossing,POINT (-98.14019307 27.20583595)
2017-12-09,2017.0,12,TEXAS,2,"Harsh environmental conditions / lack of adequate shelter, food, water",54.0,US-Mexico border crossing,POINT (-98.2123346 27.1093699)
2017-12-09,2017.0,12,TEXAS,3,"Harsh environmental conditions / lack of adequate shelter, food, water",54.0,US-Mexico border crossing,POINT (-98.2044504 27.2403194)
2017-12-13,2017.0,12,TEXAS,7,"Harsh environmental conditions / lack of adequate shelter, food, water",54.0,US-Mexico border crossing,POINT (-99.0128926 27.8174487)
2017-12-14,2017.0,12,TEXAS,1,"Harsh environmental conditions / lack of adequate shelter, food, water",54.0,US-Mexico border crossing,POINT (-98.26502101 27.07179562)
2017-12-18,2017.0,12,ARIZONA,1,Mixed or unknown,52.1,US-Mexico border crossing,POINT (-112.429783 32.05535)
2017-12-23,2017.0,12,TEXAS,1,Mixed or unknown,54.0,US-Mexico border crossing,POINT (-100.6239711 28.9480229)
2017-12-30,2017.0,12,ARIZONA,1,Mixed or unknown,52.1,US-Mexico border crossing,POINT (-112.70402 32.09966)
2017-12-31,2017.0,12,TEXAS,2,Mixed or unknown,54.0,US-Mexico border crossing,POINT (-98.2212979 27.0273057)
2017-12-31,2017.0,12,TEXAS,1,Vehicle accident / death linked to hazardous transport,54.0,US-Mexico border crossing,POINT (-106.2051484 31.8039824)
2017-12-31,2017.0,12,CALIFORNIA,4,Mixed or unknown,50.4,US-Mexico border crossing,POINT (-117.1610966 32.7157305)
2017-12-31,2017.0,12,TEXAS,48,Mixed or unknown,54.0,US-Mexico border crossing,POINT (-99.0128926 27.8174487)
2017-12-31,2017.0,12,TEXAS,3,Mixed or unknown,54.0,US-Mexico border crossing,POINT (-99.1013498 26.9730763)
2017-12-31,2017.0,12,TEXAS,2,Mixed or unknown,54.0,US-Mexico border crossing,POINT (-98.7481167 26.995506)
2017-12-31,2017.0,12,TEXAS,1,Mixed or unknown,54.0,US-Mexico border crossing,POINT (-101.1617356 29.8687682)
2017-12-31,2017.0,12,TEXAS,2,Mixed or unknown,54.0,US-Mexico border crossing,POINT (-99.1013498 28.2758921)
2017-12-31,2017.0,12,TEXAS,4,Mixed or unknown,54.0,US-Mexico border crossing,POINT (-99.8124935 28.4116514)
2017-04-10,2017.0,4,ARIZONA,1,Mixed or unknown,58.2,US-Mexico border crossing,POINT (-112.2896 32.763517)
2017-05-29,2017.0,5,ARIZONA,1,Mixed or unknown,63.0,US-Mexico border crossing,POINT (-110.54183 31.88556)
2017-07-19,2017.0,7,ARIZONA,1,Mixed or unknown,80.6,US-Mexico border crossing,POINT (-112.817267 32.76645)
2017-09-21,2017.0,9,ARIZONA,1,Mixed or unknown,75.8,US-Mexico border crossing,POINT (-112.355117 32.734083)
2017-11-14,2017.0,11,ARIZONA,1,Mixed or unknown,61.4,US-Mexico border crossing,POINT (-113.2526 32.7873)
2017-06-22,2017.0,6,NEW MEXICO,1,"Harsh environmental conditions / lack of adequate shelter, food, water",66.4,US-Mexico border crossing,POINT (-108.579 31.545)
2017-08-08,2017.0,8,NEW MEXICO,1,Mixed or unknown,72.7,US-Mexico border crossing,POINT (-109.029 31.5271)
2017-06-14,2017.0,6,CALIFORNIA,1,Mixed or unknown,68.1,US-Mexico border crossing,POINT (-116.540278 32.618056)
2017-10-29,2017.0,10,CALIFORNIA,1,"Harsh environmental conditions / lack of adequate shelter, food, water",65.9,US-Mexico border crossing,POINT (-116.933333 32.654167)
2018-01-02,2018.0,1,ARIZONA,1,Mixed or unknown,47.1,US-Mexico border crossing,POINT (-111.661872 32.264014)
2018-01-02,2018.0,1,TEXAS,1,Mixed or unknown,45.8,US-Mexico border crossing,POINT (-98.3788079 27.2474839)
2018-01-02,2018.0,1,TEXAS,1,Mixed or unknown,45.8,US-Mexico border crossing,POINT (-98.146774 27.1058052)
2018-01-04,2018.0,1,TEXAS,1,Mixed or unknown,45.8,US-Mexico border crossing,POINT (-98.118294 26.8077686)
2018-01-14,2018.0,1,ARIZONA,1,Mixed or unknown,47.1,US-Mexico border crossing,POINT (-113.1346 32.39765)
2018-01-17,2018.0,1,ARIZONA,1,Mixed or unknown,47.1,US-Mexico border crossing,POINT (-112.816067 31.994183)
2018-01-19,2018.0,1,TEXAS,1,"Harsh environmental conditions / lack of adequate shelter, food, water",45.8,US-Mexico border crossing,POINT (-105.9942578 31.4434619)
2018-01-19,2018.0,1,ARIZONA,1,Mixed or unknown,47.1,US-Mexico border crossing,POINT (-112.134917 31.9843)
2018-01-20,2018.0,1,TEXAS,1,Mixed or unknown,45.8,US-Mexico border crossing,POINT (-98.4270255 27.1144162)
2018-01-21,2018.0,1,TEXAS,1,Mixed or unknown,45.8,US-Mexico border crossing,POINT (-97.6982272 26.8697147)
2018-01-21,2018.0,1,TEXAS,5,"Harsh environmental conditions / lack of adequate shelter, food, water",45.8,US-Mexico border crossing,POINT (-98.0548259 27.1941061)
2018-01-21,2018.0,1,TEXAS,0,"Harsh environmental conditions / lack of adequate shelter, food, water",45.8,US-Mexico border crossing,POINT (-98.0548259 27.1941061)
2018-01-24,2018.0,1,ARIZONA,1,Mixed or unknown,47.1,US-Mexico border crossing,POINT (-111.49673 32.34065)
2018-01-26,2018.0,1,TEXAS,1,Mixed or unknown,45.8,US-Mexico border crossing,POINT (-104.129113 30.2252871)
2018-01-31,2018.0,1,ARIZONA,1,Mixed or unknown,47.1,US-Mexico border crossing,POINT (-111.413387 31.4971335)
2018-02-01,2018.0,2,TEXAS,1,Mixed or unknown,48.0,US-Mexico border crossing,POINT (-97.6965488 26.8448584)
2018-02-03,2018.0,2,,1,Violence,,US-Mexico border crossing,POINT (-98.24819 26.07197)
2018-02-05,2018.0,2,TEXAS,1,Mixed or unknown,48.0,US-Mexico border crossing,POINT (-98.3722684 27.2636237)
2018-02-05,2018.0,2,ARIZONA,1,Mixed or unknown,47.2,US-Mexico border crossing,POINT (-112.635583 32.428333)
2018-02-07,2018.0,2,CALIFORNIA,1,Drowning,47.8,US-Mexico border crossing,POINT (-115.5132042 32.67175874)
2018-02-14,2018.0,2,TEXAS,1,Accidental death,48.0,US-Mexico border crossing,POINT (-101.5763329 29.80260006)
2018-02-14,2018.0,2,TEXAS,1,Mixed or unknown,48.0,US-Mexico border crossing,POINT (-97.9760844 27.0730842)
2018-02-14,2018.0,2,ARIZONA,1,Mixed or unknown,47.2,US-Mexico border crossing,POINT (-112.14395 31.84918)
2018-02-15,2018.0,2,TEXAS,1,Mixed or unknown,48.0,US-Mexico border crossing,POINT (-98.1861111 27.1266376)
2018-02-15,2018.0,2,TEXAS,1,Mixed or unknown,48.0,US-Mexico border crossing,POINT (-98.0192018 26.9238966)
2018-02-16,2018.0,2,TEXAS,1,Mixed or unknown,48.0,US-Mexico border crossing,POINT (-97.80449793 27.22376084)
2018-02-17,2018.0,2,ARIZONA,1,Mixed or unknown,47.2,US-Mexico border crossing,POINT (-112.74555 32.08516)
2018-02-17,2018.0,2,ARIZONA,1,Mixed or unknown,47.2,US-Mexico border crossing,POINT (-111.3952 32.09678)
2018-02-18,2018.0,2,TEXAS,3,Mixed or unknown,48.0,US-Mexico border crossing,POINT (-103.9722162 30.56280909)
2018-02-20,2018.0,2,ARIZONA,1,Mixed or unknown,47.2,US-Mexico border crossing,POINT (-113.184364 33.4445)
2018-02-27,2018.0,2,ARIZONA,1,Mixed or unknown,47.2,US-Mexico border crossing,POINT (-113.25851 32.31491)
2018-02-27,2018.0,2,ARIZONA,1,Mixed or unknown,47.2,US-Mexico border crossing,POINT (-113.25778 32.31471)
2018-02-27,2018.0,2,TEXAS,1,Drowning,48.0,US-Mexico border crossing,POINT (-98.44773956 26.22438132)
2018-02-28,2018.0,2,CALIFORNIA,1,Drowning,47.8,US-Mexico border crossing,POINT (-115.4652329 32.70841027)
2018-02-28,2018.0,2,TEXAS,1,Mixed or unknown,48.0,US-Mexico border crossing,POINT (-98.365447 26.8291611)
2018-03-06,2018.0,3,TEXAS,1,Mixed or unknown,57.0,US-Mexico border crossing,POINT (-97.85859711 26.83995716)
2018-03-07,2018.0,3,TEXAS,1,Drowning,57.0,US-Mexico border crossing,POINT (-98.20875839 26.06827888)
2018-03-08,2018.0,3,ARIZONA,1,Mixed or unknown,49.5,US-Mexico border crossing,POINT (-112.73953 32.01236)
2018-03-10,2018.0,3,TEXAS,1,Mixed or unknown,57.0,US-Mexico border crossing,POINT (-98.3172529 27.1536729)
2018-03-11,2018.0,3,NEW MEXICO,1,Mixed or unknown,44.2,US-Mexico border crossing,POINT (-106.5919701 31.78891415)
2018-03-13,2018.0,3,ARIZONA,1,Mixed or unknown,49.5,US-Mexico border crossing,POINT (-110.977602 31.344117)
2018-03-13,2018.0,3,TEXAS,1,Drowning,57.0,US-Mexico border crossing,POINT (-98.13360007 26.07368836)
2018-03-15,2018.0,3,TEXAS,1,Mixed or unknown,57.0,US-Mexico border crossing,POINT (-97.7893059 27.2217001)
2018-03-18,2018.0,3,TEXAS,1,Drowning,57.0,US-Mexico border crossing,POINT (-100.5325561 28.77543116)
2018-03-20,2018.0,3,TEXAS,1,Mixed or unknown,57.0,US-Mexico border crossing,POINT (-98.1443491 27.0645936)
2018-03-21,2018.0,3,ARIZONA,1,Mixed or unknown,49.5,US-Mexico border crossing,POINT (-113.0134 32.20056)
2018-03-21,2018.0,3,ARIZONA,1,Mixed or unknown,49.5,US-Mexico border crossing,POINT (-111.57908 32.30224)
2018-03-23,2018.0,3,ARIZONA,1,Mixed or unknown,49.5,US-Mexico border crossing,POINT (-111.954156 31.914025)
2018-03-27,2018.0,3,TEXAS,1,Drowning,57.0,US-Mexico border crossing,POINT (-98.52141675 26.23522474)
2018-03-27,2018.0,3,ARIZONA,1,Mixed or unknown,49.5,US-Mexico border crossing,POINT (-112.16112 32.02534)
2018-03-27,2018.0,3,ARIZONA,1,Mixed or unknown,49.5,US-Mexico border crossing,POINT (-112.86071 32.371725)
2018-03-28,2018.0,3,ARIZONA,1,Mixed or unknown,49.5,US-Mexico border crossing,POINT (-112.99006 32.09068)
2018-03-28,2018.0,3,TEXAS,1,Drowning,57.0,US-Mexico border crossing,POINT (-98.48265329 26.21810962)
2018-03-29,2018.0,3,TEXAS,1,Drowning,57.0,US-Mexico border crossing,POINT (-98.40559339 26.18298778)
2018-03-29,2018.0,3,CALIFORNIA,1,Drowning,47.8,US-Mexico border crossing,POINT (-115.6563535 32.65360197)
2018-04-01,2018.0,4,TEXAS,1,Mixed or unknown,62.4,US-Mexico border crossing,POINT (-98.0672338 27.0348724)
2018-04-02,2018.0,4,TEXAS,1,Mixed or unknown,62.4,US-Mexico border crossing,POINT (-98.2291293 27.1192579)
2018-04-03,2018.0,4,TEXAS,1,Drowning,62.4,US-Mexico border crossing,POINT (-98.26578126 26.11688747)
2018-04-03,2018.0,4,TEXAS,1,Drowning,62.4,US-Mexico border crossing,POINT (-98.26563276 26.11715037)
2018-04-06,2018.0,4,ARIZONA,1,Mixed or unknown,57.6,US-Mexico border crossing,POINT (-112.37983 32.06248)
2018-04-09,2018.0,4,TEXAS,1,Mixed or unknown,62.4,US-Mexico border crossing,POINT (-98.0653006 26.9768234)
2018-04-10,2018.0,4,ARIZONA,1,Mixed or unknown,57.6,US-Mexico border crossing,POINT (-112.94112 31.92082)
2018-04-10,2018.0,4,ARIZONA,1,Mixed or unknown,57.6,US-Mexico border crossing,POINT (-111.2589 31.4426)
2018-04-13,2018.0,4,ARIZONA,1,Mixed or unknown,57.6,US-Mexico border crossing,POINT (-111.394667 31.816167)
2018-04-14,2018.0,4,ARIZONA,1,Mixed or unknown,57.6,US-Mexico border crossing,POINT (-111.43385 31.855347)
2018-04-16,2018.0,4,TEXAS,1,Mixed or unknown,62.4,US-Mexico border crossing,POINT (-103.9471519 30.20212717)
2018-04-18,2018.0,4,ARIZONA,1,Mixed or unknown,57.6,US-Mexico border crossing,POINT (-112.65538 31.9107)
2018-04-23,2018.0,4,TEXAS,1,Vehicle accident / death linked to hazardous transport,62.4,US-Mexico border crossing,POINT (-97.92837408 26.08691167)
2018-04-24,2018.0,4,ARIZONA,1,Mixed or unknown,57.6,US-Mexico border crossing,POINT (-111.51375 31.620933)
2018-04-24,2018.0,4,ARIZONA,1,Mixed or unknown,57.6,US-Mexico border crossing,POINT (-112.12455 31.99903)
2018-04-25,2018.0,4,ARIZONA,1,Mixed or unknown,57.6,US-Mexico border crossing,POINT (-112.361361 31.831667)
2018-04-25,2018.0,4,ARIZONA,1,"Harsh environmental conditions / lack of adequate shelter, food, water",57.6,US-Mexico border crossing,POINT (-113.137283 32.401967)
2018-04-25,2018.0,4,TEXAS,1,Mixed or unknown,62.4,US-Mexico border crossing,POINT (-98.4359566 26.3337438)
2018-05-02,2018.0,5,ARIZONA,1,Mixed or unknown,65.7,US-Mexico border crossing,POINT (-111.04718 31.58603)
2018-05-03,2018.0,5,TEXAS,1,Drowning,70.5,US-Mexico border crossing,POINT (-98.40740425 26.18352445)
2018-05-06,2018.0,5,ARIZONA,1,"Harsh environmental conditions / lack of adequate shelter, food, water",65.7,US-Mexico border crossing,POINT (-111.741385 31.941118)
2018-05-07,2018.0,5,TEXAS,1,Mixed or unknown,70.5,US-Mexico border crossing,POINT (-97.721268 26.98418383)
2018-05-08,2018.0,5,ARIZONA,1,Mixed or unknown,65.7,US-Mexico border crossing,POINT (-113.08683 32.31893)
2018-05-09,2018.0,5,ARIZONA,1,Mixed or unknown,65.7,US-Mexico border crossing,POINT (-112.1402 31.94245)
2018-05-10,2018.0,5,TEXAS,1,Mixed or unknown,70.5,US-Mexico border crossing,POINT (-98.3998009 27.2251015)
2018-05-10,2018.0,5,TEXAS,1,Mixed or unknown,70.5,US-Mexico border crossing,POINT (-97.84757452 26.90287734)
2018-05-11,2018.0,5,TEXAS,1,Drowning,70.5,US-Mexico border crossing,POINT (-100.7497015 29.1996732)
2018-05-11,2018.0,5,TEXAS,1,Mixed or unknown,70.5,US-Mexico border crossing,POINT (-98.3654793 27.2542405)
2018-05-12,2018.0,5,TEXAS,1,Drowning,70.5,US-Mexico border crossing,POINT (-99.48017889 27.48707358)
2018-05-13,2018.0,5,ARIZONA,1,"Harsh environmental conditions / lack of adequate shelter, food, water",65.7,US-Mexico border crossing,POINT (-112.096667 31.9704)
2018-05-16,2018.0,5,TEXAS,1,Mixed or unknown,70.5,US-Mexico border crossing,POINT (-97.82014496 26.97235332)
2018-05-16,2018.0,5,ARIZONA,1,Mixed or unknown,65.7,US-Mexico border crossing,POINT (-112.9487 32.07687)
2018-05-16,2018.0,5,TEXAS,1,Mixed or unknown,70.5,US-Mexico border crossing,POINT (-98.2500554 27.0469674)
2018-05-17,2018.0,5,ARIZONA,1,Mixed or unknown,65.7,US-Mexico border crossing,POINT (-111.63427 31.53072)
2018-05-19,2018.0,5,TEXAS,1,Mixed or unknown,70.5,US-Mexico border crossing,POINT (-100.0308988 28.44226217)
2018-05-21,2018.0,5,ARIZONA,1,"Harsh environmental conditions / lack of adequate shelter, food, water",65.7,US-Mexico border crossing,POINT (-110.121633 31.578467)
2018-05-21,2018.0,5,TEXAS,1,Mixed or unknown,70.5,US-Mexico border crossing,POINT (-104.8766045 30.69536885)
2018-05-23,2018.0,5,TEXAS,1,Violence,70.5,US-Mexico border crossing,POINT (-99.4918003 27.36266416)
2018-05-23,2018.0,5,TEXAS,1,Mixed or unknown,70.5,US-Mexico border crossing,POINT (-98.0664756 27.1572959)
2018-05-23,2018.0,5,TEXAS,1,Mixed or unknown,70.5,US-Mexico border crossing,POINT (-97.82834845 26.8747065)
2018-05-24,2018.0,5,TEXAS,2,Drowning,70.5,US-Mexico border crossing,POINT (-99.48124509 27.47701975)
2018-05-29,2018.0,5,ARIZONA,1,Mixed or unknown,65.7,US-Mexico border crossing,POINT (-111.979733 31.663483)
2018-05-29,2018.0,5,ARIZONA,1,"Harsh environmental conditions / lack of adequate shelter, food, water",65.7,US-Mexico border crossing,POINT (-111.275058 31.977252)
2018-05-31,2018.0,5,TEXAS,1,Drowning,70.5,US-Mexico border crossing,POINT (-98.44992824 26.22326487)
2018-05-31,2018.0,5,TEXAS,1,"Harsh environmental conditions / lack of adequate shelter, food, water",70.5,US-Mexico border crossing,POINT (-102.9143941 29.54303384)
2018-06-01,2018.0,6,TEXAS,1,Drowning,80.9,US-Mexico border crossing,POINT (-98.5616885 26.2434051)
2018-06-02,2018.0,6,CALIFORNIA,1,Drowning,67.2,US-Mexico border crossing,POINT (-115.5160286 32.70859404)
2018-06-04,2018.0,6,TEXAS,1,Mixed or unknown,80.9,US-Mexico border crossing,POINT (-98.172621 27.18872)
2018-06-04,2018.0,6,TEXAS,1,Mixed or unknown,80.9,US-Mexico border crossing,POINT (-97.51670987 25.92027579)
2018-06-04,2018.0,6,TEXAS,1,Mixed or unknown,80.9,US-Mexico border crossing,POINT (-98.35825218 26.19126342)
2018-06-04,2018.0,6,ARIZONA,1,Mixed or unknown,73.6,US-Mexico border crossing,POINT (-111.721767 32.246133)
2018-06-05,2018.0,6,CALIFORNIA,1,Drowning,67.2,US-Mexico border crossing,POINT (-115.5190298 32.67151668)
2018-06-06,2018.0,6,ARIZONA,1,Mixed or unknown,73.6,US-Mexico border crossing,POINT (-112.672922 31.883433)
2018-06-07,2018.0,6,ARIZONA,1,Mixed or unknown,73.6,US-Mexico border crossing,POINT (-111.36856 32.29341)
2018-06-07,2018.0,6,TEXAS,1,"Harsh environmental conditions / lack of adequate shelter, food, water",80.9,US-Mexico border crossing,POINT (-100.1589541 28.6280361)
2018-06-08,2018.0,6,TEXAS,1,Mixed or unknown,80.9,US-Mexico border crossing,POINT (-98.1457171 26.5813322)
2018-06-08,2018.0,6,TEXAS,1,Drowning,80.9,US-Mexico border crossing,POINT (-98.44456954 26.22477656)
2018-06-09,2018.0,6,TEXAS,1,Drowning,80.9,US-Mexico border crossing,POINT (-98.44975658 26.22353436)
2018-06-11,2018.0,6,TEXAS,1,"Harsh environmental conditions / lack of adequate shelter, food, water",80.9,US-Mexico border crossing,POINT (-99.8093986 28.2616536)
2018-06-11,2018.0,6,ARIZONA,1,Mixed or unknown,73.6,US-Mexico border crossing,POINT (-110.99307 31.34262)
2018-06-12,2018.0,6,ARIZONA,1,Mixed or unknown,73.6,US-Mexico border crossing,POINT (-111.3615 31.5337)
2018-06-13,2018.0,6,TEXAS,1,Mixed or unknown,80.9,US-Mexico border crossing,POINT (-97.81739838 26.83260484)
2018-06-13,2018.0,6,TEXAS,1,Mixed or unknown,80.9,US-Mexico border crossing,POINT (-98.405339 26.9819963)
2018-06-13,2018.0,6,ARIZONA,1,"Harsh environmental conditions / lack of adequate shelter, food, water",73.6,US-Mexico border crossing,POINT (-111.787717 31.928817)
2018-06-13,2018.0,6,ARIZONA,1,Mixed or unknown,73.6,US-Mexico border crossing,POINT (-111.77463 32.20998)
2018-06-14,2018.0,6,TEXAS,1,Mixed or unknown,80.9,US-Mexico border crossing,POINT (-98.4526138 27.0756302)
2018-06-15,2018.0,6,ARIZONA,1,Mixed or unknown,73.6,US-Mexico border crossing,POINT (-112.933617 32.068833)
2018-06-16,2018.0,6,TEXAS,1,Mixed or unknown,80.9,US-Mexico border crossing,POINT (-98.4312437 27.2469995)
2018-06-17,2018.0,6,TEXAS,5,Vehicle accident / death linked to hazardous transport,80.9,US-Mexico border crossing,POINT (-99.55968769 28.57339039)
2018-06-17,2018.0,6,ARIZONA,1,"Harsh environmental conditions / lack of adequate shelter, food, water",73.6,US-Mexico border crossing,POINT (-113.134567 32.420833)
2018-06-18,2018.0,6,TEXAS,1,Mixed or unknown,80.9,US-Mexico border crossing,POINT (-98.3827415 27.1817247)
2018-06-18,2018.0,6,ARIZONA,1,"Harsh environmental conditions / lack of adequate shelter, food, water",73.6,US-Mexico border crossing,POINT (-111.12683 31.66155)
2018-06-18,2018.0,6,TEXAS,1,"Harsh environmental conditions / lack of adequate shelter, food, water",80.9,US-Mexico border crossing,POINT (-100.5010491 28.9289428)
2018-06-19,2018.0,6,TEXAS,1,Drowning,80.9,US-Mexico border crossing,POINT (-98.45023436 26.21584469)
2018-06-19,2018.0,6,ARIZONA,1,Mixed or unknown,73.6,US-Mexico border crossing,POINT (-112.03636 31.95801)
2018-06-20,2018.0,6,ARIZONA,1,Mixed or unknown,73.6,US-Mexico border crossing,POINT (-112.84393 32.17427)
2018-06-21,2018.0,6,ARIZONA,1,Mixed or unknown,73.6,US-Mexico border crossing,POINT (-113.008267 32.166867)
2018-06-21,2018.0,6,ARIZONA,1,Mixed or unknown,73.6,US-Mexico border crossing,POINT (-111.71621 32.3895)
2018-06-21,2018.0,6,ARIZONA,1,Mixed or unknown,73.6,US-Mexico border crossing,POINT (-112.0187 31.76476)
2018-06-21,2018.0,6,ARIZONA,1,Mixed or unknown,73.6,US-Mexico border crossing,POINT (-112.01851 31.76463)
2018-06-22,2018.0,6,TEXAS,1,Mixed or unknown,80.9,US-Mexico border crossing,POINT (-98.3953063 27.2637595)
2018-06-22,2018.0,6,TEXAS,1,Drowning,80.9,US-Mexico border crossing,POINT (-97.8605978 27.2445426)
2018-06-23,2018.0,6,TEXAS,1,Mixed or unknown,80.9,US-Mexico border crossing,POINT (-98.2920335 27.0140839)
2018-06-23,2018.0,6,TEXAS,1,Mixed or unknown,80.9,US-Mexico border crossing,POINT (-98.3953063 27.2637595)
2018-06-23,2018.0,6,CALIFORNIA,1,"Harsh environmental conditions / lack of adequate shelter, food, water",67.2,US-Mexico border crossing,POINT (-115.9950278 32.70876641)
2018-06-24,2018.0,6,ARIZONA,1,"Harsh environmental conditions / lack of adequate shelter, food, water",73.6,US-Mexico border crossing,POINT (-111.961767 32.560667)
2018-06-25,2018.0,6,TEXAS,1,"Harsh environmental conditions / lack of adequate shelter, food, water",80.9,US-Mexico border crossing,POINT (-100.3305634 28.64226414)
2018-06-26,2018.0,6,ARIZONA,1,"Harsh environmental conditions / lack of adequate shelter, food, water",73.6,US-Mexico border crossing,POINT (-110.072227 32.02263)
2018-06-26,2018.0,6,ARIZONA,1,Mixed or unknown,73.6,US-Mexico border crossing,POINT (-111.913967 31.772583)
2018-06-26,2018.0,6,ARIZONA,1,Mixed or unknown,73.6,US-Mexico border crossing,POINT (-111.796533 32.026033)
2018-06-27,2018.0,6,ARIZONA,1,"Harsh environmental conditions / lack of adequate shelter, food, water",73.6,US-Mexico border crossing,POINT (-111.320816 31.463733)
2018-06-27,2018.0,6,TEXAS,1,Mixed or unknown,80.9,US-Mexico border crossing,POINT (-98.56431965 26.29203835)
2018-06-27,2018.0,6,TEXAS,1,"Harsh environmental conditions / lack of adequate shelter, food, water",80.9,US-Mexico border crossing,POINT (-98.1436497 26.3759813)
2018-06-27,2018.0,6,TEXAS,1,Drowning,80.9,US-Mexico border crossing,POINT (-98.44542785 26.22469956)
2018-06-29,2018.0,6,TEXAS,1,Mixed or unknown,80.9,US-Mexico border crossing,POINT (-98.21558253 27.20011906)
2018-06-30,2018.0,6,CALIFORNIA,1,"Harsh environmental conditions / lack of adequate shelter, food, water",67.2,US-Mexico border crossing,POINT (-115.9914334 32.70632156)
2018-06-30,2018.0,6,ARIZONA,1,Mixed or unknown,73.6,US-Mexico border crossing,POINT (-113.1325 32.39908)
2018-07-05,2018.0,7,ARIZONA,1,"Harsh environmental conditions / lack of adequate shelter, food, water",80.4,US-Mexico border crossing,POINT (-113.0092 31.98108)
2018-07-06,2018.0,7,CALIFORNIA,1,Drowning,75.5,US-Mexico border crossing,POINT (-115.4481011 32.68075667)
2018-07-06,2018.0,7,ARIZONA,1,Mixed or unknown,80.4,US-Mexico border crossing,POINT (-109.65946 31.34503)
2018-07-06,2018.0,7,,1,"Harsh environmental conditions / lack of adequate shelter, food, water",,US-Mexico border crossing,POINT (-115.8858753 32.36727858)
2018-07-07,2018.0,7,ARIZONA,1,Mixed or unknown,80.4,US-Mexico border crossing,POINT (-112.0571052 31.89888997)
2018-07-07,2018.0,7,CALIFORNIA,1,Mixed or unknown,75.5,US-Mexico border crossing,POINT (-116.206269 32.808158)
2018-07-08,2018.0,7,ARIZONA,1,"Harsh environmental conditions / lack of adequate shelter, food, water",80.4,US-Mexico border crossing,POINT (-112.004178 31.706)
2018-07-08,2018.0,7,ARIZONA,1,Mixed or unknown,80.4,US-Mexico border crossing,POINT (-111.690817 31.5789)
2018-07-09,2018.0,7,ARIZONA,1,Mixed or unknown,80.4,US-Mexico border crossing,POINT (-111.72683 32.44866)
2018-07-15,2018.0,7,TEXAS,1,"Harsh environmental conditions / lack of adequate shelter, food, water",84.2,US-Mexico border crossing,POINT (-99.54943728 27.6222604)
2018-07-15,2018.0,7,ARIZONA,1,Mixed or unknown,80.4,US-Mexico border crossing,POINT (-111.57985 31.527017)
2018-07-16,2018.0,7,ARIZONA,1,Mixed or unknown,80.4,US-Mexico border crossing,POINT (-110.36345 31.45098)
2018-07-18,2018.0,7,ARIZONA,1,"Harsh environmental conditions / lack of adequate shelter, food, water",80.4,US-Mexico border crossing,POINT (-110.082667 31.460833)
2018-07-19,2018.0,7,TEXAS,1,"Harsh environmental conditions / lack of adequate shelter, food, water",84.2,US-Mexico border crossing,POINT (-99.8093986 28.2616536)
2018-07-21,2018.0,7,TEXAS,1,"Harsh environmental conditions / lack of adequate shelter, food, water",84.2,US-Mexico border crossing,POINT (-98.64676591 27.13573851)
2018-07-21,2018.0,7,TEXAS,1,"Harsh environmental conditions / lack of adequate shelter, food, water",84.2,US-Mexico border crossing,POINT (-99.39906191 27.60461584)
2018-07-20,2018.0,7,CALIFORNIA,1,"Harsh environmental conditions / lack of adequate shelter, food, water",75.5,US-Mexico border crossing,POINT (-115.1729994 32.70537292)
2018-07-22,2018.0,7,TEXAS,1,"Harsh environmental conditions / lack of adequate shelter, food, water",84.2,US-Mexico border crossing,POINT (-99.40592836 27.59122842)
2018-07-22,2018.0,7,ARIZONA,1,Mixed or unknown,80.4,US-Mexico border crossing,POINT (-111.33135 32.02695)
2018-07-23,2018.0,7,ARIZONA,1,Mixed or unknown,80.4,US-Mexico border crossing,POINT (-113.14806 32.38738)
2018-07-23,2018.0,7,ARIZONA,1,Mixed or unknown,80.4,US-Mexico border crossing,POINT (-113.14552 32.39185)
2018-07-24,2018.0,7,ARIZONA,1,"Harsh environmental conditions / lack of adequate shelter, food, water",80.4,US-Mexico border crossing,POINT (-112.722683 31.853633)
2018-07-24,2018.0,7,TEXAS,1,Sickness / lack of access to adequate healthcare,84.2,US-Mexico border crossing,POINT (-98.56500629 26.29603975)
2018-07-24,2018.0,7,CALIFORNIA,1,"Harsh environmental conditions / lack of adequate shelter, food, water",75.5,US-Mexico border crossing,POINT (-115.2280386 32.69922199)
2018-07-25,2018.0,7,CALIFORNIA,1,"Harsh environmental conditions / lack of adequate shelter, food, water",75.5,US-Mexico border crossing,POINT (-115.2280386 32.69922199)
2018-07-26,2018.0,7,TEXAS,1,Mixed or unknown,84.2,US-Mexico border crossing,POINT (-98.32654037 27.01836874)
2018-07-28,2018.0,7,CALIFORNIA,1,Drowning,75.5,US-Mexico border crossing,POINT (-114.9430239 32.71264677)
2018-07-29,2018.0,7,CALIFORNIA,1,Drowning,75.5,US-Mexico border crossing,POINT (-114.9430239 32.71264677)
2018-07-30,2018.0,7,ARIZONA,1,Mixed or unknown,80.4,US-Mexico border crossing,POINT (-111.724883 32.124)
2018-07-30,2018.0,7,ARIZONA,1,"Harsh environmental conditions / lack of adequate shelter, food, water",80.4,US-Mexico border crossing,POINT (-111.724883 32.124)
2018-07-30,2018.0,7,CALIFORNIA,1,Drowning,75.5,US-Mexico border crossing,POINT (-115.5902407 32.65909363)
2018-07-30,2018.0,7,TEXAS,1,Drowning,84.2,US-Mexico border crossing,POINT (-106.2268486 31.58363647)
2018-07-31,2018.0,7,TEXAS,1,Mixed or unknown,84.2,US-Mexico border crossing,POINT (-98.178919 26.15417936)
2018-08-01,2018.0,8,ARIZONA,1,"Harsh environmental conditions / lack of adequate shelter, food, water",81.2,US-Mexico border crossing,POINT (-112.866818 31.950013)
2018-08-01,2018.0,8,TEXAS,38,Mixed or unknown,83.8,US-Mexico border crossing,POINT (-99.0128926 27.8174487)
2018-08-02,2018.0,8,ARIZONA,1,"Harsh environmental conditions / lack of adequate shelter, food, water",81.2,US-Mexico border crossing,POINT (-111.73235 31.59575)
2018-08-03,2018.0,8,ARIZONA,1,"Harsh environmental conditions / lack of adequate shelter, food, water",81.2,US-Mexico border crossing,POINT (-112.849739 32.39424)
2018-08-05,2018.0,8,ARIZONA,1,Mixed or unknown,81.2,US-Mexico border crossing,POINT (-111.1197 31.77237)
2018-08-05,2018.0,8,ARIZONA,1,Drowning,81.2,US-Mexico border crossing,POINT (-110.07636 31.38236)
2018-08-06,2018.0,8,CALIFORNIA,1,"Harsh environmental conditions / lack of adequate shelter, food, water",78.0,US-Mexico border crossing,POINT (-115.4174504 32.67425459)
2018-08-07,2018.0,8,ARIZONA,1,Mixed or unknown,81.2,US-Mexico border crossing,POINT (-111.401711 32.096161)
2018-08-08,2018.0,8,TEXAS,1,Drowning,83.8,US-Mexico border crossing,POINT (-103.7825871 29.26502564)
2018-08-10,2018.0,8,ARIZONA,1,Mixed or unknown,81.2,US-Mexico border crossing,POINT (-111.854867 31.7894)
2018-08-12,2018.0,8,ARIZONA,1,Mixed or unknown,81.2,US-Mexico border crossing,POINT (-112.12925 31.79556)
2018-08-13,2018.0,8,TEXAS,1,Mixed or unknown,83.8,US-Mexico border crossing,POINT (-100.3497895 28.7410473)
2018-08-14,2018.0,8,CALIFORNIA,1,Sickness / lack of access to adequate healthcare,78.0,US-Mexico border crossing,POINT (-117.0683147 32.545311)
2018-08-15,2018.0,8,ARIZONA,1,Mixed or unknown,81.2,US-Mexico border crossing,POINT (-111.74853 31.58755)
2018-08-17,2018.0,8,TEXAS,1,Mixed or unknown,83.8,US-Mexico border crossing,POINT (-97.04659796 28.67079735)
2018-08-17,2018.0,8,TEXAS,1,Drowning,83.8,US-Mexico border crossing,POINT (-98.26890489 26.0937258)
2018-08-17,2018.0,8,TEXAS,1,Drowning,83.8,US-Mexico border crossing,POINT (-97.91292455 26.13253824)
2018-08-18,2018.0,8,ARIZONA,1,"Harsh environmental conditions / lack of adequate shelter, food, water",81.2,US-Mexico border crossing,POINT (-111.9729 31.9122)
2018-08-18,2018.0,8,TEXAS,1,"Harsh environmental conditions / lack of adequate shelter, food, water",83.8,US-Mexico border crossing,POINT (-99.431383 28.03081382)
2018-08-19,2018.0,8,TEXAS,2,Drowning,83.8,US-Mexico border crossing,POINT (-98.47187118 26.23076399)
2018-08-19,2018.0,8,TEXAS,1,"Harsh environmental conditions / lack of adequate shelter, food, water",83.8,US-Mexico border crossing,POINT (-99.8124935 28.4116514)
2018-08-19,2018.0,8,CALIFORNIA,1,Drowning,78.0,US-Mexico border crossing,POINT (-115.6071333 32.65718689)
2018-08-21,2018.0,8,ARIZONA,1,"Harsh environmental conditions / lack of adequate shelter, food, water",81.2,US-Mexico border crossing,POINT (-111.77861 32.45311)
2018-08-21,2018.0,8,TEXAS,1,Drowning,83.8,US-Mexico border crossing,POINT (-97.91412618 26.13007239)
2018-08-21,2018.0,8,TEXAS,1,Mixed or unknown,83.8,US-Mexico border crossing,POINT (-97.6982272 26.8697147)
2018-08-24,2018.0,8,TEXAS,1,Mixed or unknown,83.8,US-Mexico border crossing,POINT (-98.64990635 26.26328036)
2018-08-25,2018.0,8,,1,"Harsh environmental conditions / lack of adequate shelter, food, water",,US-Mexico border crossing,POINT (-116.2139882 32.52525101)
2018-08-26,2018.0,8,TEXAS,1,Mixed or unknown,83.8,US-Mexico border crossing,POINT (-98.71254998 27.7771392)
2018-08-27,2018.0,8,TEXAS,1,"Harsh environmental conditions / lack of adequate shelter, food, water",83.8,US-Mexico border crossing,POINT (-98.19337731 27.23036379)
2018-08-27,2018.0,8,ARIZONA,1,Mixed or unknown,81.2,US-Mexico border crossing,POINT (-112.1315 31.980617)
2018-08-28,2018.0,8,TEXAS,1,Mixed or unknown,83.8,US-Mexico border crossing,POINT (-100.3632389 29.22662159)
2018-08-28,2018.0,8,TEXAS,1,Mixed or unknown,83.8,US-Mexico border crossing,POINT (-98.67285844 27.20904229)
2018-08-28,2018.0,8,TEXAS,2,Drowning,83.8,US-Mexico border crossing,POINT (-106.2563086 31.66104153)
2018-08-29,2018.0,8,TEXAS,1,"Harsh environmental conditions / lack of adequate shelter, food, water",83.8,US-Mexico border crossing,POINT (-99.56709719 28.00440754)
2018-08-29,2018.0,8,ARIZONA,1,Mixed or unknown,81.2,US-Mexico border crossing,POINT (-111.694 31.7164)
2018-08-30,2018.0,8,,1,Drowning,,US-Mexico border crossing,POINT (-100.5102425 28.69848011)
2018-08-31,2018.0,8,TEXAS,1,Drowning,83.8,US-Mexico border crossing,POINT (-98.1665895 26.0655875)
2018-01-09,2018.0,1,TEXAS,1,Mixed or unknown,45.8,US-Mexico border crossing,POINT (-103.9873224 30.56753899)
2018-09-02,2018.0,9,TEXAS,1,Mixed or unknown,79.6,US-Mexico border crossing,POINT (-97.85512762 26.88328098)
2018-09-03,2018.0,9,TEXAS,1,"Harsh environmental conditions / lack of adequate shelter, food, water",79.6,US-Mexico border crossing,POINT (-99.35648989 27.62286878)
2018-09-04,2018.0,9,ARIZONA,1,Mixed or unknown,78.1,US-Mexico border crossing,POINT (-112.108889 31.798639)
2018-09-10,2018.0,9,ARIZONA,1,"Harsh environmental conditions / lack of adequate shelter, food, water",78.1,US-Mexico border crossing,POINT (-111.45824 31.50396)
2018-09-11,2018.0,9,ARIZONA,1,"Harsh environmental conditions / lack of adequate shelter, food, water",78.1,US-Mexico border crossing,POINT (-111.837679 31.830128)
2018-09-11,2018.0,9,ARIZONA,1,Mixed or unknown,78.1,US-Mexico border crossing,POINT (-113.14794 32.34815)
2018-09-11,2018.0,9,CALIFORNIA,1,"Harsh environmental conditions / lack of adequate shelter, food, water",73.8,US-Mexico border crossing,POINT (-116.0231094 32.65754929)
2018-09-12,2018.0,9,CALIFORNIA,1,"Harsh environmental conditions / lack of adequate shelter, food, water",73.8,US-Mexico border crossing,POINT (-115.7393001 32.67416106)
2018-09-13,2018.0,9,ARIZONA,1,Mixed or unknown,78.1,US-Mexico border crossing,POINT (-111.8524 31.8182)
2018-09-14,2018.0,9,ARIZONA,1,Mixed or unknown,78.1,US-Mexico border crossing,POINT (-112.682916 31.911233)
2018-09-16,2018.0,9,CALIFORNIA,1,Drowning,73.8,US-Mexico border crossing,POINT (-115.3172392 32.68249709)
2018-09-19,2018.0,9,TEXAS,1,Mixed or unknown,79.6,US-Mexico border crossing,POINT (-100.1589541 28.6280361)
2018-09-19,2018.0,9,ARIZONA,4,Vehicle accident / death linked to hazardous transport,78.1,US-Mexico border crossing,POINT (-111.3743769 33.00647747)
2018-09-20,2018.0,9,TEXAS,1,Mixed or unknown,79.6,US-Mexico border crossing,POINT (-98.42262821 26.21143636)
2018-09-20,2018.0,9,TEXAS,1,Mixed or unknown,79.6,US-Mexico border crossing,POINT (-98.19017665 27.19614936)
2018-09-20,2018.0,9,ARIZONA,1,Mixed or unknown,78.1,US-Mexico border crossing,POINT (-111.00856 31.5212)
2018-09-20,2018.0,9,ARIZONA,1,"Harsh environmental conditions / lack of adequate shelter, food, water",78.1,US-Mexico border crossing,POINT (-111.99743 31.68541)
2018-09-21,2018.0,9,ARIZONA,1,Mixed or unknown,78.1,US-Mexico border crossing,POINT (-113.03571 32.39284)
2018-09-21,2018.0,9,TEXAS,1,Mixed or unknown,79.6,US-Mexico border crossing,POINT (-98.20946731 27.0281556)
2018-09-25,2018.0,9,ARIZONA,1,Mixed or unknown,78.1,US-Mexico border crossing,POINT (-111.846017 31.841567)
2018-09-25,2018.0,9,ARIZONA,1,Mixed or unknown,78.1,US-Mexico border crossing,POINT (-112.87121 32.19413)
2018-09-25,2018.0,9,TEXAS,1,Drowning,79.6,US-Mexico border crossing,POINT (-98.44510598 26.22443895)
2018-09-25,2018.0,9,TEXAS,1,Mixed or unknown,79.6,US-Mexico border crossing,POINT (-98.0555171 26.278674)
2018-09-26,2018.0,9,TEXAS,1,Mixed or unknown,79.6,US-Mexico border crossing,POINT (-98.47598489 26.22235335)
2018-09-26,2018.0,9,TEXAS,1,Mixed or unknown,79.6,US-Mexico border crossing,POINT (-99.35648989 27.60339887)
2018-09-27,2018.0,9,TEXAS,1,Mixed or unknown,79.6,US-Mexico border crossing,POINT (-98.5649342 26.23975657)
2018-09-29,2018.0,9,ARIZONA,1,"Harsh environmental conditions / lack of adequate shelter, food, water",78.1,US-Mexico border crossing,POINT (-112.815713 31.882568)
2018-09-30,2018.0,9,TEXAS,1,Mixed or unknown,79.6,US-Mexico border crossing,POINT (-98.3784375 26.1576875)
2018-09-30,2018.0,9,TEXAS,1,Drowning,79.6,US-Mexico border crossing,POINT (-100.333312 28.497581)
2018-10-01,2018.0,10,TEXAS,1,Drowning,70.8,US-Mexico border crossing,POINT (-100.3032934 28.33246077)
2018-10-02,2018.0,10,ARIZONA,1,Mixed or unknown,67.9,US-Mexico border crossing,POINT (-112.34303 32.12783)
2018-10-03,2018.0,10,,1,"Harsh environmental conditions / lack of adequate shelter, food, water",,US-Mexico border crossing,POINT (-112.92918 31.91468)
2018-10-06,2018.0,10,CALIFORNIA,1,Mixed or unknown,66.0,US-Mexico border crossing,POINT (-116.0125638 32.65666899)
2018-10-09,2018.0,10,TEXAS,1,Mixed or unknown,70.8,US-Mexico border crossing,POINT (-97.39860685 26.01009812)
2018-10-09,2018.0,10,TEXAS,1,Drowning,70.8,US-Mexico border crossing,POINT (-98.45591776 26.22230745)
2018-10-10,2018.0,10,TEXAS,1,Drowning,70.8,US-Mexico border crossing,POINT (-99.50347328 27.36357889)
2018-10-10,2018.0,10,TEXAS,1,Mixed or unknown,70.8,US-Mexico border crossing,POINT (-98.2259109 26.1871099)
2018-10-11,2018.0,10,,1,Drowning,,US-Mexico border crossing,POINT (-99.31296755 26.86714711)
2018-10-16,2018.0,10,ARIZONA,1,Mixed or unknown,67.9,US-Mexico border crossing,POINT (-111.4485 31.928333)
2018-10-16,2018.0,10,ARIZONA,1,Mixed or unknown,67.9,US-Mexico border crossing,POINT (-111.74916 31.89933)
2018-10-17,2018.0,10,ARIZONA,1,Mixed or unknown,67.9,US-Mexico border crossing,POINT (-113.01205 31.94448)
2018-10-18,2018.0,10,ARIZONA,1,Mixed or unknown,67.9,US-Mexico border crossing,POINT (-113.11801 32.45227)
2018-10-19,2018.0,10,TEXAS,1,Mixed or unknown,70.8,US-Mexico border crossing,POINT (-99.931529 28.492892)
2018-10-20,2018.0,10,TEXAS,1,Mixed or unknown,70.8,US-Mexico border crossing,POINT (-98.30209987 27.22454491)
2018-10-21,2018.0,10,TEXAS,1,Mixed or unknown,70.8,US-Mexico border crossing,POINT (-100.3245713 28.505442)
2018-10-22,2018.0,10,TEXAS,1,Mixed or unknown,70.8,US-Mexico border crossing,POINT (-99.40112185 27.28593786)
2018-10-23,2018.0,10,ARIZONA,1,Mixed or unknown,67.9,US-Mexico border crossing,POINT (-113.128783 32.41575)
2018-10-25,2018.0,10,ARIZONA,1,Mixed or unknown,67.9,US-Mexico border crossing,POINT (-111.542051 31.488702)
2018-10-29,2018.0,10,TEXAS,1,Sickness / lack of access to adequate healthcare,70.8,US-Mexico border crossing,POINT (-99.0156554 26.4088523)
2018-10-31,2018.0,10,TEXAS,3,Mixed or unknown,70.8,US-Mexico border crossing,POINT (-98.2212979 27.0273057)
2018-11-02,2018.0,11,ARIZONA,1,Violence,54.6,US-Mexico border crossing,POINT (-109.72831 31.8129)
2018-11-03,2018.0,11,ARIZONA,1,Mixed or unknown,54.6,US-Mexico border crossing,POINT (-110.9173 31.68235)
2018-11-03,2018.0,11,TEXAS,1,Drowning,58.6,US-Mexico border crossing,POINT (-100.3182198 28.50710135)
2018-11-05,2018.0,11,ARIZONA,1,Mixed or unknown,54.6,US-Mexico border crossing,POINT (-113.0117 31.9488)
2018-11-09,2018.0,11,TEXAS,1,Mixed or unknown,58.6,US-Mexico border crossing,POINT (-97.97017135 27.03121382)
2018-11-13,2018.0,11,TEXAS,1,Mixed or unknown,58.6,US-Mexico border crossing,POINT (-98.27463405 27.19401176)
2018-11-14,2018.0,11,TEXAS,1,Mixed or unknown,58.6,US-Mexico border crossing,POINT (-99.44828538 27.38181879)
2018-11-17,2018.0,11,TEXAS,1,Mixed or unknown,58.6,US-Mexico border crossing,POINT (-98.261871 26.097296)
2018-11-18,2018.0,11,TEXAS,1,Mixed or unknown,58.6,US-Mexico border crossing,POINT (-97.8283847 26.95508123)
2018-11-19,2018.0,11,TEXAS,1,Mixed or unknown,58.6,US-Mexico border crossing,POINT (-98.63074618 27.33021052)
2018-11-20,2018.0,11,CALIFORNIA,1,Mixed or unknown,56.8,US-Mexico border crossing,POINT (-115.3912517 32.67309514)
2018-11-21,2018.0,11,TEXAS,2,Mixed or unknown,58.6,US-Mexico border crossing,POINT (-98.22404448 27.08845474)
2018-11-29,2018.0,11,CALIFORNIA,2,Vehicle accident / death linked to hazardous transport,56.8,US-Mexico border crossing,POINT (-116.3577617 32.70505562)
2018-11-29,2018.0,11,CALIFORNIA,3,Vehicle accident / death linked to hazardous transport,56.8,US-Mexico border crossing,POINT (-116.223979 32.662275)
2018-11-29,2018.0,11,TEXAS,1,Mixed or unknown,58.6,US-Mexico border crossing,POINT (-98.724081 27.778512)
2018-12-01,2018.0,12,TEXAS,1,Sickness / lack of access to adequate healthcare,50.1,US-Mexico border crossing,POINT (-102.8835701 29.60816059)
2018-12-01,2018.0,12,TEXAS,1,Mixed or unknown,50.1,US-Mexico border crossing,POINT (-98.0936 27.122955)
2018-12-01,2018.0,12,ARIZONA,1,Mixed or unknown,46.1,US-Mexico border crossing,POINT (-112.92636 31.9188)
2018-12-02,2018.0,12,,1,Drowning,,US-Mexico border crossing,POINT (-97.518249 25.886732)
2018-12-03,2018.0,12,TEXAS,1,Drowning,50.1,US-Mexico border crossing,POINT (-98.349042 26.16075)
2018-12-05,2018.0,12,CALIFORNIA,1,Drowning,48.7,US-Mexico border crossing,POINT (-115.5774445 32.65921362)
2018-12-07,2018.0,12,,1,Drowning,,US-Mexico border crossing,POINT (-99.491763 27.427587)
2018-12-08,2018.0,12,TEXAS,1,Sickness / lack of access to adequate healthcare,50.1,US-Mexico border crossing,POINT (-106.499407 31.770748)
2018-12-09,2018.0,12,TEXAS,1,Mixed or unknown,50.1,US-Mexico border crossing,POINT (-98.37982216 26.18245506)
2018-12-10,2018.0,12,CALIFORNIA,1,Drowning,48.7,US-Mexico border crossing,POINT (-115.502037 32.66548452)
2018-12-11,2018.0,12,ARIZONA,1,Mixed or unknown,46.1,US-Mexico border crossing,POINT (-113.18275 32.4532)
2018-12-14,2018.0,12,TEXAS,1,Mixed or unknown,50.1,US-Mexico border crossing,POINT (-102.5924324 29.82761191)
2018-12-18,2018.0,12,ARIZONA,1,Mixed or unknown,46.1,US-Mexico border crossing,POINT (-111.81162 31.81854)
2018-12-18,2018.0,12,ARIZONA,1,Mixed or unknown,46.1,US-Mexico border crossing,POINT (-111.4995 32.34495)
2018-12-18,2018.0,12,ARIZONA,1,Mixed or unknown,46.1,US-Mexico border crossing,POINT (-112.86985 31.92433)
2018-12-18,2018.0,12,ARIZONA,1,Mixed or unknown,46.1,US-Mexico border crossing,POINT (-111.3585 31.5865)
2018-12-18,2018.0,12,TEXAS,1,Vehicle accident / death linked to hazardous transport,50.1,US-Mexico border crossing,POINT (-106.4391036 31.89718908)
2018-12-20,2018.0,12,ARIZONA,1,Mixed or unknown,46.1,US-Mexico border crossing,POINT (-111.46495 31.781883)
2018-12-20,2018.0,12,TEXAS,1,Drowning,50.1,US-Mexico border crossing,POINT (-100.4806113 28.6558304)
2018-12-24,2018.0,12,NEW MEXICO,1,Sickness / lack of access to adequate healthcare,38.4,US-Mexico border crossing,POINT (-105.9331643 32.92523881)
2018-12-25,2018.0,12,TEXAS,1,"Harsh environmental conditions / lack of adequate shelter, food, water",50.1,US-Mexico border crossing,POINT (-100.5193484 28.75900692)
2018-12-27,2018.0,12,TEXAS,1,Mixed or unknown,50.1,US-Mexico border crossing,POINT (-98.07034531 27.02891699)
2018-12-28,2018.0,12,,1,Drowning,,US-Mexico border crossing,POINT (-117.1337341 32.54188202)
2018-12-31,2018.0,12,ARIZONA,1,Mixed or unknown,46.1,US-Mexico border crossing,POINT (-112.8548 32.27932)
2018-12-31,2018.0,12,ARIZONA,2,Mixed or unknown,46.1,US-Mexico border crossing,POINT (-114.6276916 32.6926512)
2018-02-17,2018.0,2,ARIZONA,1,Mixed or unknown,47.2,US-Mexico border crossing,POINT (-113.367348 33.061615)
2018-02-20,2018.0,2,ARIZONA,1,Mixed or unknown,47.2,US-Mexico border crossing,POINT (-110.57696 31.89326)
2018-10-05,2018.0,10,ARIZONA,1,Mixed or unknown,67.9,US-Mexico border crossing,POINT (-112.777867 32.648467)
2018-10-09,2018.0,10,ARIZONA,1,Mixed or unknown,67.9,US-Mexico border crossing,POINT (-112.121783 31.73185)
2018-03-26,2018.0,3,ARIZONA,1,Mixed or unknown,49.5,US-Mexico border crossing,POINT (-112.817947 32.668282)
2018-05-14,2018.0,5,ARIZONA,1,Mixed or unknown,65.7,US-Mexico border crossing,POINT (-113.02035 32.912367)
2018-05-18,2018.0,5,ARIZONA,1,Mixed or unknown,65.7,US-Mexico border crossing,POINT (-113.10065 32.83735)
2018-06-30,2018.0,6,ARIZONA,1,Mixed or unknown,73.6,US-Mexico border crossing,POINT (-111.363716 32.279068)
2018-01-29,2018.0,1,NEW MEXICO,1,Mixed or unknown,37.8,US-Mexico border crossing,POINT (-106.607 32.0087)
2018-03-11,2018.0,3,NEW MEXICO,1,"Harsh environmental conditions / lack of adequate shelter, food, water",44.2,US-Mexico border crossing,POINT (-109.029 31.5271)
2018-08-20,2018.0,8,TEXAS,1,"Harsh environmental conditions / lack of adequate shelter, food, water",83.8,US-Mexico border crossing,POINT (-106.537 31.7909)
2018-08-26,2018.0,8,NEW MEXICO,1,Mixed or unknown,74.0,US-Mexico border crossing,POINT (-108.379 31.6226)
2018-09-27,2018.0,9,NEW MEXICO,1,Mixed or unknown,69.9,US-Mexico border crossing,POINT (-106.58797 31.8106574)
2018-06-04,2018.0,6,CALIFORNIA,1,"Harsh environmental conditions / lack of adequate shelter, food, water",67.2,US-Mexico border crossing,POINT (-116.79051 32.625516)
2018-07-08,2018.0,7,CALIFORNIA,1,Mixed or unknown,75.5,US-Mexico border crossing,POINT (-116.829996 32.590416)
2018-10-05,2018.0,10,CALIFORNIA,1,Mixed or unknown,66.0,US-Mexico border crossing,POINT (-116.884088 32.608597)
2018-11-09,2018.0,11,CALIFORNIA,1,Violence,56.8,US-Mexico border crossing,POINT (-116.813612 32.673688)
2019-01-03,2019.0,1,CALIFORNIA,1,Sickness / lack of access to adequate healthcare,45.4,US-Mexico border crossing,POINT (-116.268879535 32.656797994)
2019-01-06,2019.0,1,ARIZONA,1,Mixed or unknown,42.6,US-Mexico border crossing,POINT (-112.97794 32.20587)
2019-01-08,2019.0,1,TEXAS,1,Mixed or unknown,47.8,US-Mexico border crossing,POINT (-98.1668337 27.0663108)
2019-01-10,2019.0,1,CALIFORNIA,1,Mixed or unknown,45.4,US-Mexico border crossing,POINT (-115.277954119 32.822143433)
2019-01-14,2019.0,1,ARIZONA,1,Mixed or unknown,42.6,US-Mexico border crossing,POINT (-112.228508 33.388137)
2019-01-17,2019.0,1,ARIZONA,1,Mixed or unknown,42.6,US-Mexico border crossing,POINT (-111.666239 32.484934)
2019-01-17,2019.0,1,ARIZONA,1,"Harsh environmental conditions / lack of adequate shelter, food, water",42.6,US-Mexico border crossing,POINT (-111.955733 31.748033)
2019-01-19,2019.0,1,ARIZONA,1,Mixed or unknown,42.6,US-Mexico border crossing,POINT (-113.242333 32.199917)
2019-01-19,2019.0,1,ARIZONA,1,Mixed or unknown,42.6,US-Mexico border crossing,POINT (-113.110767 32.788117)
2019-01-21,2019.0,1,ARIZONA,1,Mixed or unknown,42.6,US-Mexico border crossing,POINT (-113.13683 32.46409)
2019-01-21,2019.0,1,ARIZONA,1,Mixed or unknown,42.6,US-Mexico border crossing,POINT (-113.13738 32.45611)
2019-01-21,2019.0,1,ARIZONA,1,Mixed or unknown,42.6,US-Mexico border crossing,POINT (-113.14 32.45311)
2019-01-21,2019.0,1,ARIZONA,1,Mixed or unknown,42.6,US-Mexico border crossing,POINT (-113.15696 32.42882)
2019-01-21,2019.0,1,ARIZONA,1,Mixed or unknown,42.6,US-Mexico border crossing,POINT (-113.15253 32.4231)
2019-01-23,2019.0,1,TEXAS,1,Mixed or unknown,47.8,US-Mexico border crossing,POINT (-104.1930918 30.750805)
2019-01-23,2019.0,1,ARIZONA,1,Mixed or unknown,42.6,US-Mexico border crossing,POINT (-112.621267 32.825717)
2019-01-23,2019.0,1,TEXAS,1,Drowning,47.8,US-Mexico border crossing,POINT (-100.507503434 28.741004209)
2019-01-24,2019.0,1,ARIZONA,1,Mixed or unknown,42.6,US-Mexico border crossing,POINT (-110.110767 31.365883)
2019-01-26,2019.0,1,ARIZONA,1,Mixed or unknown,42.6,US-Mexico border crossing,POINT (-110.4444 31.669)
2019-01-26,2019.0,1,CALIFORNIA,1,Drowning,45.4,US-Mexico border crossing,POINT (-115.442020569 32.674794575)
2019-01-30,2019.0,1,TEXAS,1,Mixed or unknown,47.8,US-Mexico border crossing,POINT (-98.2224843 27.1251894)
2019-02-01,2019.0,2,TEXAS,1,Drowning,49.6,US-Mexico border crossing,POINT (-98.258656088 26.082034155)
2019-02-07,2019.0,2,ARIZONA,1,Mixed or unknown,41.6,US-Mexico border crossing,POINT (-112.5682 32.7855)
2019-02-11,2019.0,2,TEXAS,1,Mixed or unknown,49.6,US-Mexico border crossing,POINT (-98.1827426 27.0839226)
2019-02-14,2019.0,2,,1,Drowning,,US-Mexico border crossing,POINT (-100.510757707 28.70036057)
2019-02-14,2019.0,2,TEXAS,1,Mixed or unknown,49.6,US-Mexico border crossing,POINT (-98.1668337 27.0663108)
2019-02-17,2019.0,2,TEXAS,1,Mixed or unknown,49.6,US-Mexico border crossing,POINT (-98.4664938 27.1599135)
2019-02-19,2019.0,2,CALIFORNIA,1,Vehicle accident / death linked to hazardous transport,43.4,US-Mexico border crossing,POINT (-116.9407905 32.5630235)
2019-02-19,2019.0,2,ARIZONA,1,Mixed or unknown,41.6,US-Mexico border crossing,POINT (-113.12753 32.3966)
2019-02-19,2019.0,2,ARIZONA,1,Mixed or unknown,41.6,US-Mexico border crossing,POINT (-113.132583 32.3974)
2019-02-19,2019.0,2,ARIZONA,1,Mixed or unknown,41.6,US-Mexico border crossing,POINT (-112.457 32.7725)
2019-02-20,2019.0,2,TEXAS,1,Mixed or unknown,49.6,US-Mexico border crossing,POINT (-98.2668689 27.1754316)
2019-02-20,2019.0,2,CALIFORNIA,1,Drowning,43.4,US-Mexico border crossing,POINT (-115.159694516 32.705996627)
2019-02-22,2019.0,2,ARIZONA,1,Mixed or unknown,41.6,US-Mexico border crossing,POINT (-112.911483 32.09755)
2019-02-22,2019.0,2,TEXAS,1,Drowning,49.6,US-Mexico border crossing,POINT (-100.506647433 28.718723271)
2019-02-25,2019.0,2,CALIFORNIA,1,"Harsh environmental conditions / lack of adequate shelter, food, water",43.4,US-Mexico border crossing,POINT (-115.448329124 32.680466979)
2019-02-25,2019.0,2,ARIZONA,1,Mixed or unknown,41.6,US-Mexico border crossing,POINT (-110.2663 31.797767)
2019-02-25,2019.0,2,ARIZONA,1,Mixed or unknown,41.6,US-Mexico border crossing,POINT (-112.87799 32.12564)
2019-02-25,2019.0,2,TEXAS,1,Drowning,49.6,US-Mexico border crossing,POINT (-100.160775038 28.620958685)
2019-02-26,2019.0,2,ARIZONA,1,Mixed or unknown,41.6,US-Mexico border crossing,POINT (-111.3771 32.2902)
2019-02-26,2019.0,2,ARIZONA,1,Mixed or unknown,41.6,US-Mexico border crossing,POINT (-112.15048 31.78875)
2019-02-27,2019.0,2,ARIZONA,1,Mixed or unknown,41.6,US-Mexico border crossing,POINT (-112.438933 31.84255)
2019-03-03,2019.0,3,CALIFORNIA,1,Drowning,44.8,US-Mexico border crossing,POINT (-115.52755085 32.666091672)
2019-03-06,2019.0,3,ARIZONA,1,Mixed or unknown,46.3,US-Mexico border crossing,POINT (-111.935167 32.249683)
2019-03-11,2019.0,3,ARIZONA,1,Mixed or unknown,46.3,US-Mexico border crossing,POINT (-112.123567 31.784017)
2019-03-13,2019.0,3,ARIZONA,1,Mixed or unknown,46.3,US-Mexico border crossing,POINT (-112.433433 31.78935)
2019-03-15,2019.0,3,ARIZONA,1,Mixed or unknown,46.3,US-Mexico border crossing,POINT (-112.6818 31.9746)
2019-03-21,2019.0,3,ARIZONA,1,Mixed or unknown,46.3,US-Mexico border crossing,POINT (-113.1166 32.34555)
2019-03-24,2019.0,3,TEXAS,2,Vehicle accident / death linked to hazardous transport,53.8,US-Mexico border crossing,POINT (-99.478838605 27.403037242)
2019-03-26,2019.0,3,ARIZONA,1,"Harsh environmental conditions / lack of adequate shelter, food, water",46.3,US-Mexico border crossing,POINT (-111.569833 31.823)
2019-03-27,2019.0,3,CALIFORNIA,1,Mixed or unknown,44.8,US-Mexico border crossing,POINT (-115.603940163 32.663359493)
2019-03-30,2019.0,3,ARIZONA,1,Mixed or unknown,46.3,US-Mexico border crossing,POINT (-112.72103 32.1248)
2019-04-02,2019.0,4,ARIZONA,1,Mixed or unknown,56.0,US-Mexico border crossing,POINT (-112.418722 31.760028)
2019-04-05,2019.0,4,TEXAS,1,Vehicle accident / death linked to hazardous transport,60.4,US-Mexico border crossing,POINT (-99.480615395 27.425562771)
2019-04-06,2019.0,4,ARIZONA,1,Mixed or unknown,56.0,US-Mexico border crossing,POINT (-109.16429 31.56635)
2019-04-06,2019.0,4,NEW MEXICO,2,Vehicle accident / death linked to hazardous transport,49.8,US-Mexico border crossing,POINT (-106.799261943 31.813108233)
2019-04-08,2019.0,4,CALIFORNIA,1,Drowning,53.6,US-Mexico border crossing,POINT (-115.449979362 32.679779166)
2019-04-10,2019.0,4,TEXAS,1,Mixed or unknown,60.4,US-Mexico border crossing,POINT (-98.1844026 27.2164741)
2019-04-10,2019.0,4,TEXAS,1,Mixed or unknown,60.4,US-Mexico border crossing,POINT (-98.1775638 27.170058)
2019-04-10,2019.0,4,ARIZONA,1,Mixed or unknown,56.0,US-Mexico border crossing,POINT (-111.985583 32.277567)
2019-04-11,2019.0,4,,1,Drowning,,US-Mexico border crossing,POINT (-100.511306505 28.707883038)
2019-04-12,2019.0,4,,1,Vehicle accident / death linked to hazardous transport,,US-Mexico border crossing,POINT (-106.50243075 31.759988641)
2019-04-17,2019.0,4,TEXAS,2,Mixed or unknown,60.4,US-Mexico border crossing,POINT (-98.367782303 26.951081889)
2019-04-19,2019.0,4,ARIZONA,1,Mixed or unknown,56.0,US-Mexico border crossing,POINT (-110.889 31.35387)
2019-04-20,2019.0,4,ARIZONA,1,Mixed or unknown,56.0,US-Mexico border crossing,POINT (-112.9085 32.666)
2019-04-21,2019.0,4,ARIZONA,1,Mixed or unknown,56.0,US-Mexico border crossing,POINT (-113.25417 32.3992)
2019-04-21,2019.0,4,ARIZONA,1,Mixed or unknown,56.0,US-Mexico border crossing,POINT (-113.2377 32.40185)
2019-04-21,2019.0,4,ARIZONA,1,Drowning,56.0,US-Mexico border crossing,POINT (-114.707759931 32.728409434)
2019-04-22,2019.0,4,ARIZONA,1,"Harsh environmental conditions / lack of adequate shelter, food, water",56.0,US-Mexico border crossing,POINT (-111.979067 31.620583)
2019-04-22,2019.0,4,ARIZONA,1,Mixed or unknown,56.0,US-Mexico border crossing,POINT (-113.10806 32.4326)
2019-04-22,2019.0,4,,1,Drowning,,US-Mexico border crossing,POINT (-97.154688461 26.068308626)
2019-04-23,2019.0,4,ARIZONA,1,Drowning,56.0,US-Mexico border crossing,POINT (-114.71685045 32.720561238)
2019-04-23,2019.0,4,ARIZONA,1,Drowning,56.0,US-Mexico border crossing,POINT (-114.71685045 32.720561238)
2019-04-23,2019.0,4,TEXAS,1,Drowning,60.4,US-Mexico border crossing,POINT (-100.507374644 28.740755681)
2019-04-24,2019.0,4,,1,Drowning,,US-Mexico border crossing,POINT (-100.508120252 28.711263268)
2019-04-25,2019.0,4,CALIFORNIA,1,Vehicle accident / death linked to hazardous transport,53.6,US-Mexico border crossing,POINT (-116.971303002 32.631914997)
2019-04-30,2019.0,4,TEXAS,1,Sickness / lack of access to adequate healthcare,60.4,US-Mexico border crossing,POINT (-97.3863474 27.7490298)
2019-04-30,2019.0,4,,1,Vehicle accident / death linked to hazardous transport,,US-Mexico border crossing,POINT (-100.507718231 28.706848427)
2019-05-01,2019.0,5,,4,Drowning,,US-Mexico border crossing,POINT (-100.939984374 29.333146234)
2019-05-07,2019.0,5,ARIZONA,1,Mixed or unknown,60.5,US-Mexico border crossing,POINT (-113.23042 32.29458)
2019-05-09,2019.0,5,ARIZONA,1,Mixed or unknown,60.5,US-Mexico border crossing,POINT (-113.135886 32.135866)
2019-05-10,2019.0,5,,1,Vehicle accident / death linked to hazardous transport,,US-Mexico border crossing,POINT (-106.506078588 31.763443183)
2019-05-10,2019.0,5,ARIZONA,1,Mixed or unknown,60.5,US-Mexico border crossing,POINT (-112.824617 32.731083)
2019-05-12,2019.0,5,ARIZONA,1,Mixed or unknown,60.5,US-Mexico border crossing,POINT (-113.11957 32.40015)
2019-05-12,2019.0,5,ARIZONA,1,Mixed or unknown,60.5,US-Mexico border crossing,POINT (-113.12102 32.40818)
2019-05-13,2019.0,5,ARIZONA,1,Mixed or unknown,60.5,US-Mexico border crossing,POINT (-113.1353 32.4073)
2019-05-13,2019.0,5,CALIFORNIA,1,Drowning,58.4,US-Mexico border crossing,POINT (-114.741105154 32.721602777)
2019-05-14,2019.0,5,TEXAS,1,Sickness / lack of access to adequate healthcare,68.8,US-Mexico border crossing,POINT (-106.4850217 31.7618778)
2019-05-15,2019.0,5,CALIFORNIA,1,Drowning,58.4,US-Mexico border crossing,POINT (-115.686670062 32.788874333)
2019-05-15,2019.0,5,ARIZONA,1,Mixed or unknown,60.5,US-Mexico border crossing,POINT (-113.002083 32.085083)
2019-05-16,2019.0,5,,1,Drowning,,,POINT (-73.363652063 45.015152345)
2019-05-19,2019.0,5,NEW MEXICO,1,Mixed or unknown,56.0,US-Mexico border crossing,POINT (-107.209294207 31.783890468)
2019-05-20,2019.0,5,TEXAS,1,Mixed or unknown,68.8,US-Mexico border crossing,POINT (-98.078634913 27.070487529)
2019-05-21,2019.0,5,ARIZONA,1,"Harsh environmental conditions / lack of adequate shelter, food, water",60.5,US-Mexico border crossing,POINT (-111.324317 32.264533)
2019-05-23,2019.0,5,,1,Drowning,,US-Mexico border crossing,POINT (-100.510720789 28.699966873)
2019-05-24,2019.0,5,ARIZONA,1,Mixed or unknown,60.5,US-Mexico border crossing,POINT (-111.52195 32.2867)
2019-05-24,2019.0,5,ARIZONA,1,Mixed or unknown,60.5,US-Mexico border crossing,POINT (-111.57955 32.251733)
2019-05-28,2019.0,5,ARIZONA,1,Mixed or unknown,60.5,US-Mexico border crossing,POINT (-112.279483 32.02095)
2019-05-29,2019.0,5,ARIZONA,1,Mixed or unknown,60.5,US-Mexico border crossing,POINT (-113.3139 32.2254)
2019-05-29,2019.0,5,TEXAS,1,Vehicle accident / death linked to hazardous transport,68.8,US-Mexico border crossing,POINT (-106.51968731 31.792900428)
2019-05-30,2019.0,5,CALIFORNIA,1,Drowning,58.4,US-Mexico border crossing,POINT (-115.4988834 32.6789476)
2019-05-30,2019.0,5,ARIZONA,1,Mixed or unknown,60.5,US-Mexico border crossing,POINT (-111.2981 31.9742)
2019-05-30,2019.0,5,ARIZONA,1,Mixed or unknown,60.5,US-Mexico border crossing,POINT (-112.3756 31.8351)
2019-06-01,2019.0,6,TEXAS,1,"Harsh environmental conditions / lack of adequate shelter, food, water",75.8,US-Mexico border crossing,POINT (-98.089773823 27.11553629)
2019-06-01,2019.0,6,ARIZONA,1,Mixed or unknown,67.9,US-Mexico border crossing,POINT (-111.863967 31.690917)
2019-06-02,2019.0,6,ARIZONA,1,Mixed or unknown,67.9,US-Mexico border crossing,POINT (-113.1393 32.509583)
2019-06-02,2019.0,6,TEXAS,1,Sickness / lack of access to adequate healthcare,75.8,US-Mexico border crossing,POINT (-99.0156554 26.4088523)
2019-06-03,2019.0,6,CALIFORNIA,1,Mixed or unknown,64.8,US-Mexico border crossing,POINT (-114.757467601 32.7270367)
2019-06-03,2019.0,6,TEXAS,1,Mixed or unknown,75.8,US-Mexico border crossing,POINT (-100.4995214 28.7091433)
2019-06-03,2019.0,6,ARIZONA,1,Mixed or unknown,67.9,US-Mexico border crossing,POINT (-113.02456 32.17028)
2019-06-03,2019.0,6,ARIZONA,1,Mixed or unknown,67.9,US-Mexico border crossing,POINT (-113.07858 32.29151)
2019-06-04,2019.0,6,ARIZONA,1,Mixed or unknown,67.9,US-Mexico border crossing,POINT (-111.5417 31.81871)
2019-06-04,2019.0,6,TEXAS,1,"Harsh environmental conditions / lack of adequate shelter, food, water",75.8,US-Mexico border crossing,POINT (-98.1447463 27.2052855)
2019-06-04,2019.0,6,TEXAS,1,Mixed or unknown,75.8,US-Mexico border crossing,POINT (-100.502868797 28.720512236)
2019-06-05,2019.0,6,TEXAS,6,Vehicle accident / death linked to hazardous transport,75.8,US-Mexico border crossing,POINT (-97.664032 27.7791692)
2019-06-05,2019.0,6,TEXAS,1,"Harsh environmental conditions / lack of adequate shelter, food, water",75.8,US-Mexico border crossing,POINT (-99.915542341 28.461656365)
2019-06-07,2019.0,6,TEXAS,1,Mixed or unknown,75.8,US-Mexico border crossing,POINT (-99.975967145 28.521344741)
2019-06-07,2019.0,6,,2,Drowning,,US-Mexico border crossing,POINT (-100.51177581 28.706046434)
2019-06-07,2019.0,6,ARIZONA,1,"Harsh environmental conditions / lack of adequate shelter, food, water",67.9,US-Mexico border crossing,POINT (-112.254017 31.96955)
2019-06-07,2019.0,6,CALIFORNIA,1,Mixed or unknown,64.8,US-Mexico border crossing,POINT (-115.527679596 32.667714006)
2019-06-08,2019.0,6,TEXAS,1,Drowning,75.8,US-Mexico border crossing,POINT (-106.27608 31.6220619)
2019-06-10,2019.0,6,TEXAS,3,Drowning,75.8,US-Mexico border crossing,POINT (-106.333742785 31.675628312)
2019-06-10,2019.0,6,TEXAS,1,Drowning,75.8,US-Mexico border crossing,POINT (-106.61163513 31.870028154)
2019-06-10,2019.0,6,ARIZONA,1,Mixed or unknown,67.9,US-Mexico border crossing,POINT (-111.795 32.42877)
2019-06-12,2019.0,6,TEXAS,2,Drowning,75.8,US-Mexico border crossing,POINT (-106.337425829 31.674166603)
2019-06-12,2019.0,6,ARIZONA,1,"Harsh environmental conditions / lack of adequate shelter, food, water",67.9,US-Mexico border crossing,POINT (-112.925537844 31.915388342)
2019-06-13,2019.0,6,ARIZONA,1,Violence,67.9,US-Mexico border crossing,POINT (-112.01338 31.858)
2019-06-14,2019.0,6,ARIZONA,1,"Harsh environmental conditions / lack of adequate shelter, food, water",67.9,US-Mexico border crossing,POINT (-111.938567 32.007317)
2019-06-15,2019.0,6,CALIFORNIA,1,Drowning,64.8,US-Mexico border crossing,POINT (-115.593696092 32.769644102)
2019-06-15,2019.0,6,ARIZONA,1,Mixed or unknown,67.9,US-Mexico border crossing,POINT (-113.06755 32.407)
2019-06-18,2019.0,6,ARIZONA,1,Mixed or unknown,67.9,US-Mexico border crossing,POINT (-114.646219328 32.729203679)
2019-06-19,2019.0,6,TEXAS,1,Mixed or unknown,75.8,US-Mexico border crossing,POINT (-99.8647247 28.4799508)
2019-06-20,2019.0,6,CALIFORNIA,1,"Harsh environmental conditions / lack of adequate shelter, food, water",64.8,US-Mexico border crossing,POINT (-115.982532 32.7574944)
2019-06-20,2019.0,6,TEXAS,1,Mixed or unknown,75.8,US-Mexico border crossing,POINT (-99.8398913 28.5225016)
2019-06-20,2019.0,6,,1,Mixed or unknown,,US-Mexico border crossing,POINT (-100.6337614 28.9085319)
2019-06-21,2019.0,6,TEXAS,1,Vehicle accident / death linked to hazardous transport,75.8,US-Mexico border crossing,POINT (-100.4242719 29.3019486)
2019-06-23,2019.0,6,TEXAS,4,"Harsh environmental conditions / lack of adequate shelter, food, water",75.8,US-Mexico border crossing,POINT (-98.3287687 26.1384047)
2019-06-25,2019.0,6,,1,Drowning,,US-Mexico border crossing,POINT (-100.507155909 28.714321973)
2019-06-25,2019.0,6,ARIZONA,1,Mixed or unknown,67.9,US-Mexico border crossing,POINT (-113.138917 32.412667)
2019-06-25,2019.0,6,TEXAS,1,Mixed or unknown,75.8,US-Mexico border crossing,POINT (-98.1383995 27.0250973)
2019-06-26,2019.0,6,TEXAS,1,Drowning,75.8,US-Mexico border crossing,POINT (-106.2437563 31.5676869)
2019-06-29,2019.0,6,ARIZONA,1,Mixed or unknown,67.9,US-Mexico border crossing,POINT (-112.75097 32.02615)
2019-06-29,2019.0,6,TEXAS,1,Mixed or unknown,75.8,US-Mexico border crossing,POINT (-98.1383995 27.0250973)
2019-06-30,2019.0,6,TEXAS,1,Mixed or unknown,75.8,US-Mexico border crossing,POINT (-98.2207185 26.186448)
2019-07-01,2019.0,7,TEXAS,1,Drowning,80.9,US-Mexico border crossing,POINT (-101.2523792 29.7696231)
2019-07-01,2019.0,7,ARIZONA,1,"Harsh environmental conditions / lack of adequate shelter, food, water",78.6,US-Mexico border crossing,POINT (-111.921584 31.773414)
2019-07-03,2019.0,7,,1,Mixed or unknown,,US-Mexico border crossing,POINT (-113.2217 32.00395)
2019-07-03,2019.0,7,ARIZONA,1,Mixed or unknown,78.6,US-Mexico border crossing,POINT (-113.2068 32.23272)
2019-07-03,2019.0,7,TEXAS,1,Mixed or unknown,80.9,US-Mexico border crossing,POINT (-98.1383995 27.0250973)
2019-07-04,2019.0,7,TEXAS,1,Vehicle accident / death linked to hazardous transport,80.9,US-Mexico border crossing,POINT (-106.446077661 31.762964919)
2019-07-05,2019.0,7,ARIZONA,1,Mixed or unknown,78.6,US-Mexico border crossing,POINT (-110.9462013 32.2429301)
2019-07-05,2019.0,7,TEXAS,1,Sickness / lack of access to adequate healthcare,80.9,US-Mexico border crossing,POINT (-98.507496359 29.207827735)
2019-07-06,2019.0,7,CALIFORNIA,1,"Harsh environmental conditions / lack of adequate shelter, food, water",73.3,US-Mexico border crossing,POINT (-115.614549813 32.662812602)
2019-07-06,2019.0,7,ARIZONA,1,Mixed or unknown,78.6,US-Mexico border crossing,POINT (-113.15771 32.35157)
2019-07-07,2019.0,7,ARIZONA,1,Mixed or unknown,78.6,US-Mexico border crossing,POINT (-112.088278 31.655038)
2019-07-07,2019.0,7,ARIZONA,1,"Harsh environmental conditions / lack of adequate shelter, food, water",78.6,US-Mexico border crossing,POINT (-111.853333 31.721667)
2019-07-07,2019.0,7,TEXAS,1,"Harsh environmental conditions / lack of adequate shelter, food, water",80.9,US-Mexico border crossing,POINT (-98.25433289 27.253449767)
2019-07-11,2019.0,7,TEXAS,1,Mixed or unknown,80.9,US-Mexico border crossing,POINT (-98.073091891 27.067851841)
2019-07-12,2019.0,7,ARIZONA,1,"Harsh environmental conditions / lack of adequate shelter, food, water",78.6,US-Mexico border crossing,POINT (-113.035133 32.088533)
2019-07-12,2019.0,7,ARIZONA,1,"Harsh environmental conditions / lack of adequate shelter, food, water",78.6,US-Mexico border crossing,POINT (-111.711982 31.60112)
2019-07-13,2019.0,7,ARIZONA,1,"Harsh environmental conditions / lack of adequate shelter, food, water",78.6,US-Mexico border crossing,POINT (-112.4654 31.857367)
2019-07-14,2019.0,7,,1,Drowning,,US-Mexico border crossing,POINT (-97.5256331 25.900962109)
2019-07-14,2019.0,7,TEXAS,1,Mixed or unknown,80.9,US-Mexico border crossing,POINT (-98.238623337 27.208588229)
2019-07-15,2019.0,7,ARIZONA,1,"Harsh environmental conditions / lack of adequate shelter, food, water",78.6,US-Mexico border crossing,POINT (-112.1861 31.764)
2019-07-15,2019.0,7,TEXAS,1,Mixed or unknown,80.9,US-Mexico border crossing,POINT (-98.187075045 26.975792985)
2019-07-16,2019.0,7,,1,Drowning,,US-Mexico border crossing,POINT (-100.511613685 28.705314967)
2019-07-17,2019.0,7,ARIZONA,1,"Harsh environmental conditions / lack of adequate shelter, food, water",78.6,US-Mexico border crossing,POINT (-111.812279 31.797302)
2019-07-17,2019.0,7,TEXAS,1,Mixed or unknown,80.9,US-Mexico border crossing,POINT (-98.197718051 26.985855503)
2019-07-18,2019.0,7,TEXAS,1,Mixed or unknown,80.9,US-Mexico border crossing,POINT (-98.230383591 27.13759256)
2019-07-19,2019.0,7,ARIZONA,1,Mixed or unknown,78.6,US-Mexico border crossing,POINT (-111.389112 31.544827)
2019-07-20,2019.0,7,CALIFORNIA,1,"Harsh environmental conditions / lack of adequate shelter, food, water",73.3,US-Mexico border crossing,POINT (-115.643388924 32.75680046)
2019-07-20,2019.0,7,ARIZONA,1,Mixed or unknown,78.6,US-Mexico border crossing,POINT (-111.922967 32.563317)
2019-07-20,2019.0,7,ARIZONA,1,Mixed or unknown,78.6,US-Mexico border crossing,POINT (-112.241578804 33.179906061)
2019-07-21,2019.0,7,TEXAS,1,Drowning,80.9,US-Mexico border crossing,POINT (-100.394364241 28.715580849)
2019-07-22,2019.0,7,ARIZONA,2,"Harsh environmental conditions / lack of adequate shelter, food, water",78.6,US-Mexico border crossing,POINT (-112.006083363 31.994554633)
2019-07-22,2019.0,7,ARIZONA,1,Mixed or unknown,78.6,US-Mexico border crossing,POINT (-111.457633 32.37215)
2019-07-22,2019.0,7,ARIZONA,1,Mixed or unknown,78.6,US-Mexico border crossing,POINT (-112.937713 32.066712)
2019-07-22,2019.0,7,ARIZONA,1,"Harsh environmental conditions / lack of adequate shelter, food, water",78.6,US-Mexico border crossing,POINT (-111.15009 32.1267)
2019-07-22,2019.0,7,ARIZONA,1,Mixed or unknown,78.6,US-Mexico border crossing,POINT (-113.113811 32.214267)
2019-07-23,2019.0,7,TEXAS,1,Mixed or unknown,80.9,US-Mexico border crossing,POINT (-98.242094456 26.929552244)
2019-07-24,2019.0,7,ARIZONA,1,Mixed or unknown,78.6,US-Mexico border crossing,POINT (-112.026133 31.722667)
2019-07-25,2019.0,7,,1,Drowning,,US-Mexico border crossing,POINT (-98.141739029 26.054200042)
2019-07-27,2019.0,7,CALIFORNIA,1,Drowning,73.3,US-Mexico border crossing,POINT (-115.53437397 32.663059933)
2019-07-27,2019.0,7,ARIZONA,1,"Harsh environmental conditions / lack of adequate shelter, food, water",78.6,US-Mexico border crossing,POINT (-113.705843931 32.403532528)
2019-07-28,2019.0,7,TEXAS,1,Mixed or unknown,80.9,US-Mexico border crossing,POINT (-98.061468796 27.276826239)
2019-07-29,2019.0,7,TEXAS,1,Drowning,80.9,US-Mexico border crossing,POINT (-106.368404027 31.710822977)
2019-07-29,2019.0,7,TEXAS,1,Mixed or unknown,80.9,US-Mexico border crossing,POINT (-98.076525119 27.00907065)
2019-07-29,2019.0,7,CALIFORNIA,1,"Harsh environmental conditions / lack of adequate shelter, food, water",73.3,US-Mexico border crossing,POINT (-116.882542493 32.677073001)
2019-07-30,2019.0,7,CALIFORNIA,1,"Harsh environmental conditions / lack of adequate shelter, food, water",73.3,US-Mexico border crossing,POINT (-116.621845407 32.57900819)
2019-07-31,2019.0,7,TEXAS,1,"Harsh environmental conditions / lack of adequate shelter, food, water",80.9,US-Mexico border crossing,POINT (-100.399340051 28.78804684)
2019-07-31,2019.0,7,TEXAS,2,Mixed or unknown,80.9,US-Mexico border crossing,POINT (-98.200171188 27.08111754)
2019-08-01,2019.0,8,NEW MEXICO,1,Sickness / lack of access to adequate healthcare,75.4,US-Mexico border crossing,POINT (-108.7454867 32.34823)
2019-08-02,2019.0,8,TEXAS,1,"Harsh environmental conditions / lack of adequate shelter, food, water",84.4,US-Mexico border crossing,POINT (-100.600107188 28.908961809)
2019-08-03,2019.0,8,TEXAS,1,Drowning,84.4,US-Mexico border crossing,POINT (-98.335677747 26.166204168)
2019-08-03,2019.0,8,TEXAS,1,"Harsh environmental conditions / lack of adequate shelter, food, water",84.4,US-Mexico border crossing,POINT (-100.158129173 28.624902867)
2019-08-03,2019.0,8,CALIFORNIA,1,"Harsh environmental conditions / lack of adequate shelter, food, water",76.2,US-Mexico border crossing,POINT (-115.591580544 32.65873492)
2019-08-06,2019.0,8,TEXAS,1,Drowning,84.4,US-Mexico border crossing,POINT (-100.453633473 28.749602003)
2019-08-08,2019.0,8,TEXAS,1,Mixed or unknown,84.4,US-Mexico border crossing,POINT (-98.593158757 26.270817082)
2019-08-09,2019.0,8,ARIZONA,1,"Harsh environmental conditions / lack of adequate shelter, food, water",81.9,US-Mexico border crossing,POINT (-112.149233 31.9876)
2019-08-09,2019.0,8,ARIZONA,1,"Harsh environmental conditions / lack of adequate shelter, food, water",81.9,US-Mexico border crossing,POINT (-111.881234 31.912022)
2019-08-09,2019.0,8,TEXAS,1,Mixed or unknown,84.4,US-Mexico border crossing,POINT (-97.812651847 27.19853325)
2019-08-10,2019.0,8,TEXAS,1,Mixed or unknown,84.4,US-Mexico border crossing,POINT (-98.636932433 26.25710809)
2019-08-11,2019.0,8,CALIFORNIA,3,Vehicle accident / death linked to hazardous transport,76.2,US-Mexico border crossing,POINT (-117.0445837 32.6848591)
2019-08-12,2019.0,8,ARIZONA,1,Mixed or unknown,81.9,US-Mexico border crossing,POINT (-111.66111 32.10409)
2019-08-12,2019.0,8,ARIZONA,1,Mixed or unknown,81.9,US-Mexico border crossing,POINT (-111.7249 32.123983)
2019-08-13,2019.0,8,TEXAS,1,Mixed or unknown,84.4,US-Mexico border crossing,POINT (-98.101282161 26.800871463)
2019-08-14,2019.0,8,ARIZONA,1,"Harsh environmental conditions / lack of adequate shelter, food, water",81.9,US-Mexico border crossing,POINT (-112.1173 31.96933)
2019-08-15,2019.0,8,ARIZONA,1,"Harsh environmental conditions / lack of adequate shelter, food, water",81.9,US-Mexico border crossing,POINT (-110.08011 31.36073)
2019-08-17,2019.0,8,ARIZONA,1,Mixed or unknown,81.9,US-Mexico border crossing,POINT (-112.125 32.13277)
2019-08-20,2019.0,8,TEXAS,1,"Harsh environmental conditions / lack of adequate shelter, food, water",84.4,US-Mexico border crossing,POINT (-98.168535617 27.049847012)
2019-08-21,2019.0,8,TEXAS,2,Mixed or unknown,84.4,US-Mexico border crossing,POINT (-98.096525608 26.982052175)
2019-08-22,2019.0,8,TEXAS,1,Drowning,84.4,US-Mexico border crossing,POINT (-98.516633819 26.226310823)
2019-08-22,2019.0,8,ARIZONA,1,"Harsh environmental conditions / lack of adequate shelter, food, water",81.9,US-Mexico border crossing,POINT (-112.126617 31.975983)
2019-08-23,2019.0,8,ARIZONA,1,"Harsh environmental conditions / lack of adequate shelter, food, water",81.9,US-Mexico border crossing,POINT (-111.3573 31.7549)
2019-08-24,2019.0,8,ARIZONA,1,Mixed or unknown,81.9,US-Mexico border crossing,POINT (-111.803333 32.313611)
2019-08-24,2019.0,8,TEXAS,1,"Harsh environmental conditions / lack of adequate shelter, food, water",84.4,US-Mexico border crossing,POINT (-99.8124935 28.4116514)
2019-08-24,2019.0,8,TEXAS,1,Drowning,84.4,US-Mexico border crossing,POINT (-98.337147645 26.166658691)
2019-08-24,2019.0,8,TEXAS,1,Mixed or unknown,84.4,US-Mexico border crossing,POINT (-97.6982272 26.8697147)
2019-08-26,2019.0,8,ARIZONA,1,Mixed or unknown,81.9,US-Mexico border crossing,POINT (-111.73503 31.58733)
2019-08-27,2019.0,8,ARIZONA,1,"Harsh environmental conditions / lack of adequate shelter, food, water",81.9,US-Mexico border crossing,POINT (-111.36 31.9473)
2019-08-28,2019.0,8,TEXAS,1,"Harsh environmental conditions / lack of adequate shelter, food, water",84.4,US-Mexico border crossing,POINT (-99.8124935 28.4116514)
2019-08-31,2019.0,8,ARIZONA,1,"Harsh environmental conditions / lack of adequate shelter, food, water",81.9,US-Mexico border crossing,POINT (-111.30734 31.54398)
2019-09-01,2019.0,9,,1,Drowning,,US-Mexico border crossing,POINT (-106.492510925 31.751634696)
2019-09-04,2019.0,9,TEXAS,1,Drowning,83.7,US-Mexico border crossing,POINT (-100.507124167 28.719389777)
2019-09-05,2019.0,9,CALIFORNIA,1,"Harsh environmental conditions / lack of adequate shelter, food, water",72.9,US-Mexico border crossing,POINT (-115.532443199 32.665583629)
2019-09-06,2019.0,9,ARIZONA,1,Mixed or unknown,77.9,US-Mexico border crossing,POINT (-111.956967 31.9518)
2019-09-06,2019.0,9,TEXAS,1,Sickness / lack of access to adequate healthcare,83.7,US-Mexico border crossing,POINT (-98.4936282 29.4241219)
2019-09-07,2019.0,9,ARIZONA,1,"Harsh environmental conditions / lack of adequate shelter, food, water",77.9,US-Mexico border crossing,POINT (-113.11045 32.326217)
2019-09-09,2019.0,9,ARIZONA,1,Mixed or unknown,77.9,US-Mexico border crossing,POINT (-110.13665 31.346883)
2019-09-11,2019.0,9,TEXAS,2,Drowning,83.7,US-Mexico border crossing,POINT (-100.91930746 29.326039842)
2019-09-13,2019.0,9,TEXAS,1,Mixed or unknown,83.7,US-Mexico border crossing,POINT (-98.226225376 26.932000971)
2019-09-13,2019.0,9,TEXAS,1,"Harsh environmental conditions / lack of adequate shelter, food, water",83.7,US-Mexico border crossing,POINT (-98.236322802 26.975419021)
2019-09-14,2019.0,9,TEXAS,1,Mixed or unknown,83.7,US-Mexico border crossing,POINT (-98.293211367 26.962501413)
2019-09-14,2019.0,9,CALIFORNIA,1,Drowning,72.9,US-Mexico border crossing,POINT (-115.537249718 32.66240434)
2019-09-16,2019.0,9,ARIZONA,1,Mixed or unknown,77.9,US-Mexico border crossing,POINT (-112.040817 31.954233)
2019-09-16,2019.0,9,ARIZONA,1,Mixed or unknown,77.9,US-Mexico border crossing,POINT (-111.80837 31.900456)
2019-09-17,2019.0,9,ARIZONA,1,Mixed or unknown,77.9,US-Mexico border crossing,POINT (-112.113217 31.9477)
2019-09-17,2019.0,9,ARIZONA,1,Mixed or unknown,77.9,US-Mexico border crossing,POINT (-112.436776 32.068495)
2019-09-17,2019.0,9,TEXAS,1,Drowning,83.7,US-Mexico border crossing,POINT (-106.417258985 31.753616299)
2019-09-20,2019.0,9,,1,Drowning,,US-Mexico border crossing,POINT (-100.511400588 28.707751108)
2019-09-22,2019.0,9,TEXAS,2,"Harsh environmental conditions / lack of adequate shelter, food, water",83.7,US-Mexico border crossing,POINT (-99.919967483 28.482962437)
2019-09-22,2019.0,9,ARIZONA,1,"Harsh environmental conditions / lack of adequate shelter, food, water",77.9,US-Mexico border crossing,POINT (-112.076083 31.752577)
2019-09-22,2019.0,9,ARIZONA,1,Mixed or unknown,77.9,US-Mexico border crossing,POINT (-111.939583 31.737639)
2019-09-25,2019.0,9,TEXAS,1,Mixed or unknown,83.7,US-Mexico border crossing,POINT (-98.090651851 27.120335347)
2019-09-25,2019.0,9,TEXAS,1,Mixed or unknown,83.7,US-Mexico border crossing,POINT (-98.202154892 27.159316849)
2019-09-26,2019.0,9,ARIZONA,1,Mixed or unknown,77.9,US-Mexico border crossing,POINT (-109.509383 31.350967)
2019-09-26,2019.0,9,ARIZONA,1,Mixed or unknown,77.9,US-Mexico border crossing,POINT (-110.173233 31.361417)
2019-09-26,2019.0,9,ARIZONA,1,Mixed or unknown,77.9,US-Mexico border crossing,POINT (-113.184031 32.424197)
2019-09-29,2019.0,9,TEXAS,1,Drowning,83.7,US-Mexico border crossing,POINT (-100.507007749 28.738417959)
2019-09-30,2019.0,9,ARIZONA,1,Mixed or unknown,77.9,US-Mexico border crossing,POINT (-111.62408 31.78558)
2019-09-30,2019.0,9,TEXAS,1,Mixed or unknown,83.7,US-Mexico border crossing,POINT (-98.082678573 27.137185177)
2019-10-01,2019.0,10,ARIZONA,1,Mixed or unknown,66.9,US-Mexico border crossing,POINT (-112.2587 32.04319)
2019-10-01,2019.0,10,ARIZONA,1,Mixed or unknown,66.9,US-Mexico border crossing,POINT (-112.6246 31.8646)
2019-10-01,2019.0,10,ARIZONA,1,Mixed or unknown,66.9,US-Mexico border crossing,POINT (-113.16973 32.14744)
2019-10-01,2019.0,10,ARIZONA,1,Mixed or unknown,66.9,US-Mexico border crossing,POINT (-113.18874 32.15341)
2019-10-01,2019.0,10,ARIZONA,1,"Harsh environmental conditions / lack of adequate shelter, food, water",66.9,US-Mexico border crossing,POINT (-112.142933 32.62113)
2019-10-02,2019.0,10,TEXAS,1,"Harsh environmental conditions / lack of adequate shelter, food, water",73.4,US-Mexico border crossing,POINT (-99.5489187 28.0251478)
2019-10-05,2019.0,10,ARIZONA,1,"Harsh environmental conditions / lack of adequate shelter, food, water",66.9,US-Mexico border crossing,POINT (-111.875 32.609483)
2019-10-05,2019.0,10,TEXAS,1,"Harsh environmental conditions / lack of adequate shelter, food, water",73.4,US-Mexico border crossing,POINT (-99.924087356 28.470756945)
2019-10-06,2019.0,10,ARIZONA,1,Mixed or unknown,66.9,US-Mexico border crossing,POINT (-113.1528 32.24401)
2019-10-06,2019.0,10,ARIZONA,1,Mixed or unknown,66.9,US-Mexico border crossing,POINT (-113.26588 32.33532)
2019-10-06,2019.0,10,ARIZONA,1,Mixed or unknown,66.9,US-Mexico border crossing,POINT (-113.26946 32.2104)
2019-10-15,2019.0,10,ARIZONA,1,Mixed or unknown,66.9,US-Mexico border crossing,POINT (-112.1375 32.124444)
2019-10-15,2019.0,10,ARIZONA,1,Mixed or unknown,66.9,US-Mexico border crossing,POINT (-112.218056 32.121944)
2019-10-21,2019.0,10,ARIZONA,1,Mixed or unknown,66.9,US-Mexico border crossing,POINT (-111.35238 32.00822)
2019-10-21,2019.0,10,ARIZONA,1,Sickness / lack of access to adequate healthcare,66.9,US-Mexico border crossing,POINT (-111.8762944 33.387601)
2019-10-21,2019.0,10,KANSAS,1,Vehicle accident / death linked to hazardous transport,63.1,US-Mexico border crossing,POINT (-96.2434722 38.4067887)
2019-10-26,2019.0,10,ARIZONA,1,"Harsh environmental conditions / lack of adequate shelter, food, water",66.9,US-Mexico border crossing,POINT (-111.01434 31.48776)
2019-10-30,2019.0,10,ARIZONA,1,Mixed or unknown,66.9,US-Mexico border crossing,POINT (-112.066944 31.840278)
2019-11-10,2019.0,11,TEXAS,1,Mixed or unknown,59.2,US-Mexico border crossing,POINT (-98.2429794 27.0387839)
2019-11-12,2019.0,11,TEXAS,1,"Harsh environmental conditions / lack of adequate shelter, food, water",59.2,US-Mexico border crossing,POINT (-100.2151578 28.7974674)
2019-11-12,2019.0,11,TEXAS,1,Mixed or unknown,59.2,US-Mexico border crossing,POINT (-98.1330806 27.2267642)
2019-11-13,2019.0,11,ARIZONA,1,Mixed or unknown,56.0,US-Mexico border crossing,POINT (-111.45592 32.29266)
2019-11-13,2019.0,11,ARIZONA,1,Mixed or unknown,56.0,US-Mexico border crossing,POINT (-112.69825 31.9686)
2019-11-14,2019.0,11,TEXAS,1,Mixed or unknown,59.2,US-Mexico border crossing,POINT (-98.3396799 26.276297)
2019-11-15,2019.0,11,ARIZONA,1,Mixed or unknown,56.0,US-Mexico border crossing,POINT (-112.98709 32.1748)
2019-11-15,2019.0,11,ARIZONA,1,Mixed or unknown,56.0,US-Mexico border crossing,POINT (-112.99142 32.19423)
2019-11-17,2019.0,11,ARIZONA,1,Mixed or unknown,56.0,US-Mexico border crossing,POINT (-113.14618 32.39445)
2019-11-18,2019.0,11,CALIFORNIA,1,Drowning,55.9,US-Mexico border crossing,POINT (-115.428030167 32.670748604)
2019-11-22,2019.0,11,ARIZONA,1,Mixed or unknown,56.0,US-Mexico border crossing,POINT (-111.822433 31.822433)
2019-11-23,2019.0,11,TEXAS,1,Mixed or unknown,59.2,US-Mexico border crossing,POINT (-99.9016414 31.9675919)
2019-11-27,2019.0,11,ARIZONA,1,Mixed or unknown,56.0,US-Mexico border crossing,POINT (-111.892367 31.846367)
2019-11-30,2019.0,11,TEXAS,1,Sickness / lack of access to adequate healthcare,59.2,US-Mexico border crossing,POINT (-98.231694303 27.145345722)
2019-12-04,2019.0,12,ARIZONA,1,"Harsh environmental conditions / lack of adequate shelter, food, water",47.2,US-Mexico border crossing,POINT (-111.15306 31.55379)
2019-12-05,2019.0,12,ARIZONA,1,Mixed or unknown,47.2,US-Mexico border crossing,POINT (-113.139717 32.3953)
2019-12-05,2019.0,12,ARIZONA,1,Mixed or unknown,47.2,US-Mexico border crossing,POINT (-113.139717 32.3953)
2019-12-05,2019.0,12,ARIZONA,1,Mixed or unknown,47.2,US-Mexico border crossing,POINT (-111.41795 31.7061)
2019-12-08,2019.0,12,TEXAS,1,Sickness / lack of access to adequate healthcare,52.0,US-Mexico border crossing,POINT (-106.5001332 31.7710272)
2019-12-10,2019.0,12,ARIZONA,1,Mixed or unknown,47.2,US-Mexico border crossing,POINT (-113.28033 32.27454)
2019-12-10,2019.0,12,ARIZONA,1,Mixed or unknown,47.2,US-Mexico border crossing,POINT (-113.27757 32.25981)
2019-12-10,2019.0,12,ARIZONA,1,Mixed or unknown,47.2,US-Mexico border crossing,POINT (-113.17062 32.41635)
2019-12-10,2019.0,12,ARIZONA,1,Mixed or unknown,47.2,US-Mexico border crossing,POINT (-113.20544 32.41371)
2019-12-18,2019.0,12,ARIZONA,1,Mixed or unknown,47.2,US-Mexico border crossing,POINT (-112.17123 32.029)
2019-12-19,2019.0,12,ARIZONA,1,Mixed or unknown,47.2,US-Mexico border crossing,POINT (-111.517477 32.351832)
2019-12-20,2019.0,12,TEXAS,84,Mixed or unknown,52.0,US-Mexico border crossing,POINT (-99.4284852 27.5313645)
2019-12-25,2019.0,12,TEXAS,1,Sickness / lack of access to adequate healthcare,52.0,US-Mexico border crossing,POINT (-99.47808 27.53305)
2019-12-30,2019.0,12,ARIZONA,1,Mixed or unknown,47.2,US-Mexico border crossing,POINT (-111.9679 32.07991)
2019-12-31,2019.0,12,TEXAS,1,Mixed or unknown,52.0,US-Mexico border crossing,POINT (-104.38260596 30.578414945)
2019-12-31,2019.0,12,TEXAS,2,Mixed or unknown,52.0,US-Mexico border crossing,POINT (-103.3587288 29.6629938)
2019-12-31,2019.0,12,ARIZONA,10,Mixed or unknown,47.2,US-Mexico border crossing,POINT (-114.6276916 32.6926512)
2019-08-10,2019.0,8,TEXAS,1,Drowning,84.4,US-Mexico border crossing,POINT (-106.292585 31.605061)
2019-08-14,2019.0,8,TEXAS,1,Drowning,84.4,US-Mexico border crossing,POINT (-106.2159916 31.5016461)
2019-01-02,2019.0,1,NEW MEXICO,1,Mixed or unknown,35.6,US-Mexico border crossing,POINT (-106.62361 31.826908)
2019-05-20,2019.0,5,NEW MEXICO,1,Mixed or unknown,56.0,US-Mexico border crossing,POINT (-106.80379 31.7840561)
2019-06-30,2019.0,6,NEW MEXICO,2,Mixed or unknown,63.8,US-Mexico border crossing,POINT (-108.59991 32.3072074)
2019-07-30,2019.0,7,NEW MEXICO,1,"Harsh environmental conditions / lack of adequate shelter, food, water",72.4,US-Mexico border crossing,POINT (-108.43828 31.7211864)
2019-09-04,2019.0,9,NEW MEXICO,1,Mixed or unknown,72.2,US-Mexico border crossing,POINT (-106.562 31.7839)
2019-12-04,2019.0,12,NEW MEXICO,1,"Harsh environmental conditions / lack of adequate shelter, food, water",40.4,US-Mexico border crossing,POINT (-108.235 32.1239)
2019-06-19,2019.0,6,,1,Drowning,,US-Mexico border crossing,POINT (-117.134048 32.576281)
2019-07-24,2019.0,7,CALIFORNIA,1,"Harsh environmental conditions / lack of adequate shelter, food, water",73.3,US-Mexico border crossing,POINT (-117.011509 32.567652)
2019-11-25,2019.0,11,,1,Mixed or unknown,,US-Mexico border crossing,POINT (-117.257251 32.739583)
2019-12-21,2019.0,12,CALIFORNIA,1,Mixed or unknown,48.7,US-Mexico border crossing,POINT (-117.05632 32.541977)
2020-01-02,2020.0,1,ARIZONA,1,Mixed or unknown,43.0,US-Mexico border crossing,POINT (-112.33691 32.35061)
2020-01-03,2020.0,1,ARIZONA,1,Mixed or unknown,43.0,US-Mexico border crossing,POINT (-113.11031 32.44845)
2020-01-04,2020.0,1,ARIZONA,1,Mixed or unknown,43.0,US-Mexico border crossing,POINT (-113.255983 32.4147)
2020-01-05,2020.0,1,ARIZONA,1,Mixed or unknown,43.0,US-Mexico border crossing,POINT (-110.4881 31.969466)
2020-01-07,2020.0,1,ARIZONA,1,"Harsh environmental conditions / lack of adequate shelter, food, water",43.0,US-Mexico border crossing,POINT (-111.60035 31.751483)
2020-01-09,2020.0,1,ARIZONA,1,Mixed or unknown,43.0,US-Mexico border crossing,POINT (-112.08075 32.047117)
2020-01-09,2020.0,1,ARIZONA,1,Mixed or unknown,43.0,US-Mexico border crossing,POINT (-112.747633 31.864)
2020-01-11,2020.0,1,ARIZONA,1,Mixed or unknown,43.0,US-Mexico border crossing,POINT (-111.254167 32.023833)
2020-01-12,2020.0,1,ARIZONA,1,Mixed or unknown,43.0,US-Mexico border crossing,POINT (-113.11811 32.4021)
2020-01-13,2020.0,1,ARIZONA,1,Mixed or unknown,43.0,US-Mexico border crossing,POINT (-111.881234 31.912022)
2020-01-16,2020.0,1,ARIZONA,1,Mixed or unknown,43.0,US-Mexico border crossing,POINT (-112.69848 31.96866)
2020-01-20,2020.0,1,ARIZONA,1,Mixed or unknown,43.0,US-Mexico border crossing,POINT (-113.37216 32.24304)
2020-01-20,2020.0,1,,1,Drowning,,US-Mexico border crossing,POINT (-100.64948189 28.94115795)
2020-01-21,2020.0,1,ARIZONA,1,Mixed or unknown,43.0,US-Mexico border crossing,POINT (-112.1455 32.0272)
2020-01-22,2020.0,1,ARIZONA,1,Mixed or unknown,43.0,US-Mexico border crossing,POINT (-112.4549 31.9085)
2020-01-23,2020.0,1,ARIZONA,1,Mixed or unknown,43.0,US-Mexico border crossing,POINT (-111.36335 32.27956)
2020-01-26,2020.0,1,ARIZONA,1,Violence,43.0,US-Mexico border crossing,POINT (-112.755616 32.226253)
2020-01-28,2020.0,1,,1,Drowning,,US-Mexico border crossing,POINT (-100.51019685 28.69733301)
2020-01-28,2020.0,1,ARIZONA,1,Mixed or unknown,43.0,US-Mexico border crossing,POINT (-110.40713 31.90225)
2020-01-29,2020.0,1,ARIZONA,1,Violence,43.0,US-Mexico border crossing,POINT (-111.444283 31.636158)
2020-01-29,2020.0,1,ARIZONA,1,Violence,43.0,US-Mexico border crossing,POINT (-111.444297 31.636158)
2020-01-29,2020.0,1,ARIZONA,1,Mixed or unknown,43.0,US-Mexico border crossing,POINT (-112.13485 32.0793)
2020-01-29,2020.0,1,TEXAS,1,Vehicle accident / death linked to hazardous transport,50.7,US-Mexico border crossing,POINT (-106.4850217 31.7618778)
2020-01-30,2020.0,1,ARIZONA,1,Mixed or unknown,43.0,US-Mexico border crossing,POINT (-112.007 31.702367)
2020-02-03,2020.0,2,ARIZONA,1,Mixed or unknown,44.8,US-Mexico border crossing,POINT (-112.0101 32.686417)
2020-02-03,2020.0,2,,2,Drowning,,US-Mexico border crossing,POINT (-117.15277684 32.60140276)
2020-02-04,2020.0,2,ARIZONA,1,Mixed or unknown,44.8,US-Mexico border crossing,POINT (-113.14226 32.40772)
2020-02-04,2020.0,2,ARIZONA,1,Mixed or unknown,44.8,US-Mexico border crossing,POINT (-113.128656 32.415803)
2020-02-04,2020.0,2,ARIZONA,1,Mixed or unknown,44.8,US-Mexico border crossing,POINT (-113.14226 32.40772)
2020-02-06,2020.0,2,ARIZONA,1,Mixed or unknown,44.8,US-Mexico border crossing,POINT (-112.76071 32.01272)
2020-02-06,2020.0,2,ARIZONA,1,Mixed or unknown,44.8,US-Mexico border crossing,POINT (-112.77413 31.93266)
2020-02-07,2020.0,2,ARIZONA,1,Mixed or unknown,44.8,US-Mexico border crossing,POINT (-112.009333 31.706783)
2020-02-10,2020.0,2,CALIFORNIA,3,"Harsh environmental conditions / lack of adequate shelter, food, water",47.2,US-Mexico border crossing,POINT (-116.41412131 32.84037075)
2020-02-10,2020.0,2,TEXAS,1,Vehicle accident / death linked to hazardous transport,50.0,US-Mexico border crossing,POINT (-100.62177766 28.94317266)
2020-02-15,2020.0,2,ARIZONA,1,Mixed or unknown,44.8,US-Mexico border crossing,POINT (-113.110167 32.449056)
2020-02-15,2020.0,2,ARIZONA,1,Mixed or unknown,44.8,US-Mexico border crossing,POINT (-113.254306 32.327528)
2020-02-15,2020.0,2,ARIZONA,1,Mixed or unknown,44.8,US-Mexico border crossing,POINT (-113.149583 32.372167)
2020-02-15,2020.0,2,ARIZONA,1,Mixed or unknown,44.8,US-Mexico border crossing,POINT (-113.098806 32.362444)
2020-02-15,2020.0,2,ARIZONA,1,Mixed or unknown,44.8,US-Mexico border crossing,POINT (-113.105778 32.363083)
2020-02-15,2020.0,2,ARIZONA,1,Mixed or unknown,44.8,US-Mexico border crossing,POINT (-113.110167 32.449056)
2020-02-18,2020.0,2,ARIZONA,1,Mixed or unknown,44.8,US-Mexico border crossing,POINT (-110.308167 31.438168)
2020-02-18,2020.0,2,ARIZONA,1,Mixed or unknown,44.8,US-Mexico border crossing,POINT (-112.4998 31.97955)
2020-02-18,2020.0,2,ARIZONA,1,Mixed or unknown,44.8,US-Mexico border crossing,POINT (-112.345533 32.15145)
2020-02-19,2020.0,2,TEXAS,1,Mixed or unknown,50.0,US-Mexico border crossing,POINT (-97.856109 27.5158689)
2020-02-21,2020.0,2,TEXAS,1,"Harsh environmental conditions / lack of adequate shelter, food, water",50.0,US-Mexico border crossing,POINT (-98.14100793 27.22274177)
2020-02-24,2020.0,2,ARIZONA,1,Mixed or unknown,44.8,US-Mexico border crossing,POINT (-113.070889 32.052417)
2020-02-25,2020.0,2,ARIZONA,1,Mixed or unknown,44.8,US-Mexico border crossing,POINT (-112.705382 31.99733)
2020-02-26,2020.0,2,ARIZONA,1,Mixed or unknown,44.8,US-Mexico border crossing,POINT (-112.7587 32.19055)
2020-02-28,2020.0,2,CALIFORNIA,3,Drowning,47.2,US-Mexico border crossing,POINT (-117.2653146 32.9594891)
2020-02-28,2020.0,2,ARIZONA,1,Violence,44.8,US-Mexico border crossing,POINT (-111.1419 31.89729)
2020-03-04,2020.0,3,TEXAS,1,Mixed or unknown,56.3,US-Mexico border crossing,POINT (-98.1441714 27.2269872)
2020-03-08,2020.0,3,ARIZONA,1,Mixed or unknown,48.4,US-Mexico border crossing,POINT (-112.13957 31.94393)
2020-03-08,2020.0,3,ARIZONA,1,Mixed or unknown,48.4,US-Mexico border crossing,POINT (-112.11625 31.983535)
2020-03-08,2020.0,3,ARIZONA,1,Mixed or unknown,48.4,US-Mexico border crossing,POINT (-112.14168 31.91249)
2020-03-09,2020.0,3,ARIZONA,1,Drowning,48.4,US-Mexico border crossing,POINT (-114.730072 32.701309)
2020-03-09,2020.0,3,ARIZONA,1,Mixed or unknown,48.4,US-Mexico border crossing,POINT (-112.12443 31.95953)
2020-03-09,2020.0,3,ARIZONA,1,Mixed or unknown,48.4,US-Mexico border crossing,POINT (-112.12783 31.94985)
2020-03-09,2020.0,3,ARIZONA,1,Mixed or unknown,48.4,US-Mexico border crossing,POINT (-112.12998 31.92176)
2020-03-09,2020.0,3,ARIZONA,1,Mixed or unknown,48.4,US-Mexico border crossing,POINT (-112.1238 31.93034)
2020-03-09,2020.0,3,ARIZONA,1,Mixed or unknown,48.4,US-Mexico border crossing,POINT (-112.141605 31.91245)
2020-03-10,2020.0,3,TEXAS,1,Accidental death,56.3,US-Mexico border crossing,POINT (-106.4850217 31.7618778)
2020-03-11,2020.0,3,ARIZONA,1,Mixed or unknown,48.4,US-Mexico border crossing,POINT (-112.98088 32.1333)
2020-03-12,2020.0,3,ARIZONA,1,Violence,48.4,US-Mexico border crossing,POINT (-112.73811 32.265396)
2020-03-18,2020.0,3,TEXAS,1,Drowning,56.3,US-Mexico border crossing,POINT (-106.33688751 31.67159214)
2020-03-19,2020.0,3,ARIZONA,1,"Harsh environmental conditions / lack of adequate shelter, food, water",48.4,US-Mexico border crossing,POINT (-112.9161399 32.2480009)
2020-03-20,2020.0,3,TEXAS,1,Mixed or unknown,56.3,US-Mexico border crossing,POINT (-98.5762224 26.2587712)
2020-03-20,2020.0,3,,1,Drowning,,US-Mexico border crossing,POINT (-100.50810447 28.71072416)
2020-03-20,2020.0,3,TEXAS,1,"Harsh environmental conditions / lack of adequate shelter, food, water",56.3,US-Mexico border crossing,POINT (-99.42858767 27.49747071)
2020-03-22,2020.0,3,ARIZONA,1,Mixed or unknown,48.4,US-Mexico border crossing,POINT (-110.3218 31.4536)
2020-03-24,2020.0,3,ARIZONA,1,Mixed or unknown,48.4,US-Mexico border crossing,POINT (-111.49897 32.057043)
2020-03-24,2020.0,3,ARIZONA,1,Violence,48.4,US-Mexico border crossing,POINT (-110.9375 31.338056)
2020-03-25,2020.0,3,TEXAS,1,Mixed or unknown,56.3,US-Mexico border crossing,POINT (-100.3980824 28.697183)
2020-03-25,2020.0,3,TEXAS,1,Drowning,56.3,US-Mexico border crossing,POINT (-106.30185996 31.6422683)
2020-04-01,2020.0,4,ARIZONA,1,Vehicle accident / death linked to hazardous transport,55.2,US-Mexico border crossing,POINT (-110.9747108 32.2226066)
2020-04-02,2020.0,4,ARIZONA,1,Mixed or unknown,55.2,US-Mexico border crossing,POINT (-112.1398 31.9845)
2020-04-02,2020.0,4,ARIZONA,1,Mixed or unknown,55.2,US-Mexico border crossing,POINT (-113.01702 32.17729)
2020-04-05,2020.0,4,,1,Drowning,,US-Mexico border crossing,POINT (-100.50771823 28.71177805)
2020-04-06,2020.0,4,ARIZONA,1,Mixed or unknown,55.2,US-Mexico border crossing,POINT (-113.1964 32.14407)
2020-04-09,2020.0,4,ARIZONA,1,Mixed or unknown,55.2,US-Mexico border crossing,POINT (-112.97143 31.9694)
2020-04-14,2020.0,4,ARIZONA,1,Mixed or unknown,55.2,US-Mexico border crossing,POINT (-111.838583 31.87595)
2020-04-15,2020.0,4,ARIZONA,1,Mixed or unknown,55.2,US-Mexico border crossing,POINT (-113.29698 32.03033)
2020-04-21,2020.0,4,ARIZONA,1,Mixed or unknown,55.2,US-Mexico border crossing,POINT (-113.121167 32.424167)
2020-04-21,2020.0,4,ARIZONA,1,Mixed or unknown,55.2,US-Mexico border crossing,POINT (-113.103833 32.3)
2020-04-21,2020.0,4,ARIZONA,1,Mixed or unknown,55.2,US-Mexico border crossing,POINT (-113.1025 32.300167)
2020-04-22,2020.0,4,ARIZONA,1,Mixed or unknown,55.2,US-Mexico border crossing,POINT (-112.53535 32.074583)
2020-04-22,2020.0,4,,1,Drowning,,US-Mexico border crossing,POINT (-100.50861945 28.70982081)
2020-04-24,2020.0,4,ARIZONA,1,Mixed or unknown,55.2,US-Mexico border crossing,POINT (-109.57788 31.35428)
2020-04-26,2020.0,4,ARIZONA,1,Mixed or unknown,55.2,US-Mexico border crossing,POINT (-110.76714 31.49509)
2020-04-29,2020.0,4,CALIFORNIA,1,Drowning,52.3,US-Mexico border crossing,POINT (-115.1096461 32.709256)
2020-05-01,2020.0,5,ARIZONA,1,Mixed or unknown,64.9,US-Mexico border crossing,POINT (-113.04771 31.99278)
2020-05-06,2020.0,5,ARIZONA,1,Mixed or unknown,64.9,US-Mexico border crossing,POINT (-112.50055 32.12533)
2020-05-06,2020.0,5,ARIZONA,1,Mixed or unknown,64.9,US-Mexico border crossing,POINT (-111.90345 31.67128)
2020-05-10,2020.0,5,CALIFORNIA,1,Drowning,60.6,US-Mexico border crossing,POINT (-115.3813444 32.6757178)
2020-05-14,2020.0,5,ARIZONA,1,Mixed or unknown,64.9,US-Mexico border crossing,POINT (-111.94921 31.71351)
2020-05-15,2020.0,5,ARIZONA,1,Mixed or unknown,64.9,US-Mexico border crossing,POINT (-113.11008 32.3548)
2020-05-15,2020.0,5,ARIZONA,1,Drowning,64.9,US-Mexico border crossing,POINT (-114.71695552 32.7209622)
2020-05-20,2020.0,5,ARIZONA,1,Mixed or unknown,64.9,US-Mexico border crossing,POINT (-113.12708 32.23443)
2020-05-20,2020.0,5,ARIZONA,1,Mixed or unknown,64.9,US-Mexico border crossing,POINT (-113.10949 32.31363)
2020-05-20,2020.0,5,ARIZONA,1,Mixed or unknown,64.9,US-Mexico border crossing,POINT (-113.104 32.30002)
2020-05-20,2020.0,5,ARIZONA,1,Mixed or unknown,64.9,US-Mexico border crossing,POINT (-113.11809 32.31554)
2020-05-21,2020.0,5,TEXAS,1,Mixed or unknown,69.8,US-Mexico border crossing,POINT (-100.52492728 28.77868781)
2020-05-24,2020.0,5,ARIZONA,1,Mixed or unknown,64.9,US-Mexico border crossing,POINT (-110.956833 31.418333)
2020-05-27,2020.0,5,ARIZONA,1,"Harsh environmental conditions / lack of adequate shelter, food, water",64.9,US-Mexico border crossing,POINT (-111.7114 31.95737)
2020-05-29,2020.0,5,ARIZONA,1,Mixed or unknown,64.9,US-Mexico border crossing,POINT (-111.38731 31.91318)
2020-05-30,2020.0,5,CALIFORNIA,1,"Harsh environmental conditions / lack of adequate shelter, food, water",60.6,US-Mexico border crossing,POINT (-115.9801536 32.6823297)
2020-06-02,2020.0,6,ARIZONA,1,Violence,73.6,US-Mexico border crossing,POINT (-109.21 31.623)
2020-06-02,2020.0,6,ARIZONA,1,Vehicle accident / death linked to hazardous transport,73.6,US-Mexico border crossing,POINT (-109.8274255 31.4430017)
2020-06-04,2020.0,6,TEXAS,1,Drowning,77.6,US-Mexico border crossing,POINT (-106.279259 31.5628152)
2020-06-05,2020.0,6,TEXAS,1,"Harsh environmental conditions / lack of adequate shelter, food, water",77.6,US-Mexico border crossing,POINT (-98.8203046 26.3797874)
2020-06-06,2020.0,6,TEXAS,1,"Harsh environmental conditions / lack of adequate shelter, food, water",77.6,US-Mexico border crossing,POINT (-99.0839196 26.4070058)
2020-06-07,2020.0,6,CALIFORNIA,1,Drowning,67.5,US-Mexico border crossing,POINT (-115.6207551 32.6566341)
2020-06-07,2020.0,6,TEXAS,1,"Harsh environmental conditions / lack of adequate shelter, food, water",77.6,US-Mexico border crossing,POINT (-98.6783516 27.3067057)
2020-06-08,2020.0,6,CALIFORNIA,1,"Harsh environmental conditions / lack of adequate shelter, food, water",67.5,US-Mexico border crossing,POINT (-115.9993459 32.644379)
2020-06-08,2020.0,6,ARIZONA,1,Mixed or unknown,73.6,US-Mexico border crossing,POINT (-111.974333 31.73)
2020-06-09,2020.0,6,ARIZONA,1,Mixed or unknown,73.6,US-Mexico border crossing,POINT (-112.164167 31.79445)
2020-06-10,2020.0,6,ARIZONA,1,Mixed or unknown,73.6,US-Mexico border crossing,POINT (-111.7757 31.9038)
2020-06-10,2020.0,6,CALIFORNIA,1,Drowning,67.5,US-Mexico border crossing,POINT (-115.4284813 32.6697377)
2020-06-11,2020.0,6,ARIZONA,1,Mixed or unknown,73.6,US-Mexico border crossing,POINT (-113.09191 32.231692)
2020-06-11,2020.0,6,ARIZONA,1,Mixed or unknown,73.6,US-Mexico border crossing,POINT (-113.09191 32.231692)
2020-06-12,2020.0,6,ARIZONA,1,Mixed or unknown,73.6,US-Mexico border crossing,POINT (-111.78005 31.90199)
2020-06-16,2020.0,6,ARIZONA,1,Mixed or unknown,73.6,US-Mexico border crossing,POINT (-112.05361 31.68722)
2020-06-16,2020.0,6,ARIZONA,1,Mixed or unknown,73.6,US-Mexico border crossing,POINT (-112.73805 32.845283)
2020-06-18,2020.0,6,ARIZONA,1,Mixed or unknown,73.6,US-Mexico border crossing,POINT (-112.18583 31.70055)
2020-06-21,2020.0,6,TEXAS,1,"Harsh environmental conditions / lack of adequate shelter, food, water",77.6,US-Mexico border crossing,POINT (-100.3497895 28.7410473)
2020-06-22,2020.0,6,TEXAS,1,"Harsh environmental conditions / lack of adequate shelter, food, water",77.6,US-Mexico border crossing,POINT (-99.45213562 27.38679511)
2020-06-22,2020.0,6,ARIZONA,1,"Harsh environmental conditions / lack of adequate shelter, food, water",73.6,US-Mexico border crossing,POINT (-111.892067 31.774333)
2020-06-23,2020.0,6,ARIZONA,1,Mixed or unknown,73.6,US-Mexico border crossing,POINT (-112.1516 32.0694)
2020-06-23,2020.0,6,CALIFORNIA,1,"Harsh environmental conditions / lack of adequate shelter, food, water",67.5,US-Mexico border crossing,POINT (-115.56863879 32.78023684)
2020-06-23,2020.0,6,TEXAS,1,Mixed or unknown,77.6,US-Mexico border crossing,POINT (-98.7481167 26.6215167)
2020-06-25,2020.0,6,TEXAS,3,Vehicle accident / death linked to hazardous transport,77.6,US-Mexico border crossing,POINT (-106.45412265 31.76131223)
2020-06-27,2020.0,6,CALIFORNIA,1,Drowning,67.5,US-Mexico border crossing,POINT (-114.69925958 32.75287789)
2020-06-29,2020.0,6,ARIZONA,1,"Harsh environmental conditions / lack of adequate shelter, food, water",73.6,US-Mexico border crossing,POINT (-111.947733 31.77615)
2020-06-29,2020.0,6,ARIZONA,1,Mixed or unknown,73.6,US-Mexico border crossing,POINT (-113.3313 32.4208)
2020-07-03,2020.0,7,,1,Drowning,,US-Mexico border crossing,POINT (-114.4686826 32.34016)
2020-07-04,2020.0,7,TEXAS,1,Sickness / lack of access to adequate healthcare,82.9,US-Mexico border crossing,POINT (-99.0156554 26.4088523)
2020-07-05,2020.0,7,ARIZONA,2,"Harsh environmental conditions / lack of adequate shelter, food, water",79.8,US-Mexico border crossing,POINT (-114.1468821 32.6728256)
2020-07-05,2020.0,7,ARIZONA,1,"Harsh environmental conditions / lack of adequate shelter, food, water",79.8,US-Mexico border crossing,POINT (-114.00981 32.27037)
2020-07-05,2020.0,7,ARIZONA,1,"Harsh environmental conditions / lack of adequate shelter, food, water",79.8,US-Mexico border crossing,POINT (-114.05183 32.472066)
2020-07-06,2020.0,7,TEXAS,1,"Harsh environmental conditions / lack of adequate shelter, food, water",82.9,US-Mexico border crossing,POINT (-99.4456705 27.5282358)
2020-07-07,2020.0,7,ARIZONA,1,"Harsh environmental conditions / lack of adequate shelter, food, water",79.8,US-Mexico border crossing,POINT (-109.716 31.3815)
2020-07-08,2020.0,7,ARIZONA,1,Mixed or unknown,79.8,US-Mexico border crossing,POINT (-111.37283 32.36791)
2020-07-08,2020.0,7,ARIZONA,1,Mixed or unknown,79.8,US-Mexico border crossing,POINT (-113.41009 32.41009)
2020-07-08,2020.0,7,NEW MEXICO,1,Accidental death,74.6,US-Mexico border crossing,POINT (-106.56634202 31.78620953)
2020-07-09,2020.0,7,CALIFORNIA,1,Violence,73.5,US-Mexico border crossing,POINT (-115.496521 32.66519192)
2020-07-09,2020.0,7,TEXAS,1,Sickness / lack of access to adequate healthcare,82.9,US-Mexico border crossing,POINT (-98.6472456 26.2695148)
2020-07-10,2020.0,7,ARIZONA,1,"Harsh environmental conditions / lack of adequate shelter, food, water",79.8,US-Mexico border crossing,POINT (-110.97229 31.362569)
2020-07-10,2020.0,7,ARIZONA,1,"Harsh environmental conditions / lack of adequate shelter, food, water",79.8,US-Mexico border crossing,POINT (-110.81322 31.36113)
2020-07-11,2020.0,7,ARIZONA,1,Mixed or unknown,79.8,US-Mexico border crossing,POINT (-110.99484 31.38197)
2020-07-12,2020.0,7,ARIZONA,1,Mixed or unknown,79.8,US-Mexico border crossing,POINT (-110.949593 32.075822)
2020-07-12,2020.0,7,TEXAS,1,"Harsh environmental conditions / lack of adequate shelter, food, water",82.9,US-Mexico border crossing,POINT (-98.5742691 29.2223979)
2020-07-13,2020.0,7,ARIZONA,1,"Harsh environmental conditions / lack of adequate shelter, food, water",79.8,US-Mexico border crossing,POINT (-109.7131 31.3656)
2020-07-13,2020.0,7,ARIZONA,1,Mixed or unknown,79.8,US-Mexico border crossing,POINT (-112.15888 31.95916)
2020-07-13,2020.0,7,ARIZONA,1,Mixed or unknown,79.8,US-Mexico border crossing,POINT (-111.93245 32.05787)
2020-07-16,2020.0,7,ARIZONA,1,Mixed or unknown,79.8,US-Mexico border crossing,POINT (-112.70515 32.04505)
2020-07-16,2020.0,7,ARIZONA,1,Mixed or unknown,79.8,US-Mexico border crossing,POINT (-112.45735 31.851617)
2020-07-16,2020.0,7,ARIZONA,1,"Harsh environmental conditions / lack of adequate shelter, food, water",79.8,US-Mexico border crossing,POINT (-110.07505 31.398367)
2020-07-16,2020.0,7,TEXAS,1,"Harsh environmental conditions / lack of adequate shelter, food, water",82.9,US-Mexico border crossing,POINT (-99.33360172 27.53345327)
2020-07-17,2020.0,7,,1,Drowning,,US-Mexico border crossing,POINT (-106.52452457 31.77748508)
2020-07-19,2020.0,7,ARIZONA,2,"Harsh environmental conditions / lack of adequate shelter, food, water",79.8,US-Mexico border crossing,POINT (-113.18875 32.22518)
2020-07-20,2020.0,7,ARIZONA,1,"Harsh environmental conditions / lack of adequate shelter, food, water",79.8,US-Mexico border crossing,POINT (-114.622583 32.493171)
2020-07-20,2020.0,7,TEXAS,1,Drowning,82.9,US-Mexico border crossing,POINT (-106.45763774 31.7632855)
2020-07-20,2020.0,7,ARIZONA,1,Mixed or unknown,79.8,US-Mexico border crossing,POINT (-113.142 32.0501)
2020-07-20,2020.0,7,ARIZONA,1,Mixed or unknown,79.8,US-Mexico border crossing,POINT (-113.142 32.0503)
2020-07-20,2020.0,7,ARIZONA,1,Mixed or unknown,79.8,US-Mexico border crossing,POINT (-111.994608 31.695593)
2020-07-20,2020.0,7,ARIZONA,1,"Harsh environmental conditions / lack of adequate shelter, food, water",79.8,US-Mexico border crossing,POINT (-111.934564 32.549492)
2020-07-21,2020.0,7,ARIZONA,1,Mixed or unknown,79.8,US-Mexico border crossing,POINT (-111.490555 32.376944)
2020-07-21,2020.0,7,ARIZONA,1,Mixed or unknown,79.8,US-Mexico border crossing,POINT (-111.723683 31.908717)
2020-07-21,2020.0,7,ARIZONA,1,"Harsh environmental conditions / lack of adequate shelter, food, water",79.8,US-Mexico border crossing,POINT (-111.987833 31.991083)
2020-07-21,2020.0,7,ARIZONA,1,"Harsh environmental conditions / lack of adequate shelter, food, water",79.8,US-Mexico border crossing,POINT (-111.542623 31.887571)
2020-07-21,2020.0,7,TEXAS,5,Mixed or unknown,82.9,US-Mexico border crossing,POINT (-99.5075519 27.5035613)
2020-07-24,2020.0,7,CALIFORNIA,1,Drowning,73.5,US-Mexico border crossing,POINT (-114.73750026 32.71808946)
2020-07-24,2020.0,7,,1,Drowning,,US-Mexico border crossing,POINT (-100.44355531 28.60811401)
2020-07-25,2020.0,7,ARIZONA,1,"Harsh environmental conditions / lack of adequate shelter, food, water",79.8,US-Mexico border crossing,POINT (-113.249109 32.317421)
2020-07-26,2020.0,7,ARIZONA,1,Accidental death,79.8,US-Mexico border crossing,POINT (-114.63339247 32.44253543)
2020-07-26,2020.0,7,TEXAS,2,Vehicle accident / death linked to hazardous transport,82.9,US-Mexico border crossing,POINT (-100.4087977 29.3277564)
2020-07-29,2020.0,7,ARIZONA,1,"Harsh environmental conditions / lack of adequate shelter, food, water",79.8,US-Mexico border crossing,POINT (-111.24279 31.46315)
2020-07-30,2020.0,7,ARIZONA,1,"Harsh environmental conditions / lack of adequate shelter, food, water",79.8,US-Mexico border crossing,POINT (-111.79165 31.59165)
2020-07-30,2020.0,7,ARIZONA,1,"Harsh environmental conditions / lack of adequate shelter, food, water",79.8,US-Mexico border crossing,POINT (-111.82095 31.80255)
2020-08-01,2020.0,8,ARIZONA,1,Accidental death,83.4,US-Mexico border crossing,POINT (-114.80818646 32.49269316)
2020-08-02,2020.0,8,TEXAS,1,"Harsh environmental conditions / lack of adequate shelter, food, water",84.8,US-Mexico border crossing,POINT (-98.1441714 27.2269872)
2020-08-02,2020.0,8,CALIFORNIA,2,Drowning,77.8,US-Mexico border crossing,POINT (-117.2470353 32.7494988)
2020-08-03,2020.0,8,ARIZONA,1,Mixed or unknown,83.4,US-Mexico border crossing,POINT (-111.75064 31.620381)
2020-08-03,2020.0,8,ARIZONA,1,"Harsh environmental conditions / lack of adequate shelter, food, water",83.4,US-Mexico border crossing,POINT (-112.57685 31.963667)
2020-08-09,2020.0,8,ARIZONA,1,"Harsh environmental conditions / lack of adequate shelter, food, water",83.4,US-Mexico border crossing,POINT (-111.76245 32.19238)
2020-08-10,2020.0,8,ARIZONA,1,Mixed or unknown,83.4,US-Mexico border crossing,POINT (-111.84205 31.704967)
2020-08-10,2020.0,8,ARIZONA,1,"Harsh environmental conditions / lack of adequate shelter, food, water",83.4,US-Mexico border crossing,POINT (-111.89444 31.89555)
2020-08-09,2020.0,8,CALIFORNIA,1,Drowning,77.8,US-Mexico border crossing,POINT (-115.4137376 32.7155792)
2020-08-11,2020.0,8,ARIZONA,1,"Harsh environmental conditions / lack of adequate shelter, food, water",83.4,US-Mexico border crossing,POINT (-111.50681 31.84451)
2020-08-12,2020.0,8,ARIZONA,1,Mixed or unknown,83.4,US-Mexico border crossing,POINT (-111.62151 31.59327)
2020-08-15,2020.0,8,ARIZONA,1,"Harsh environmental conditions / lack of adequate shelter, food, water",83.4,US-Mexico border crossing,POINT (-111.673817 32.44195)
2020-08-16,2020.0,8,ARIZONA,1,"Harsh environmental conditions / lack of adequate shelter, food, water",83.4,US-Mexico border crossing,POINT (-112.606917 32.132167)
2020-08-16,2020.0,8,ARIZONA,1,"Harsh environmental conditions / lack of adequate shelter, food, water",83.4,US-Mexico border crossing,POINT (-111.239067 31.447517)
2020-08-16,2020.0,8,ARIZONA,2,"Harsh environmental conditions / lack of adequate shelter, food, water",83.4,US-Mexico border crossing,POINT (-113.41962 32.14783)
2020-08-16,2020.0,8,,1,Drowning,,US-Mexico border crossing,POINT (-100.51003566 28.70869162)
2020-08-17,2020.0,8,NEW MEXICO,1,"Harsh environmental conditions / lack of adequate shelter, food, water",76.4,US-Mexico border crossing,POINT (-107.7978734 32.1232535)
2020-08-17,2020.0,8,ARIZONA,1,Mixed or unknown,83.4,US-Mexico border crossing,POINT (-111.680783 31.7092)
2020-08-18,2020.0,8,TEXAS,1,Drowning,84.8,US-Mexico border crossing,POINT (-106.45755191 31.7632855)
2020-08-18,2020.0,8,ARIZONA,1,"Harsh environmental conditions / lack of adequate shelter, food, water",83.4,US-Mexico border crossing,POINT (-112.9161399 32.2480009)
2020-08-18,2020.0,8,ARIZONA,1,Mixed or unknown,83.4,US-Mexico border crossing,POINT (-112.073668 31.920578)
2020-08-18,2020.0,8,ARIZONA,1,"Harsh environmental conditions / lack of adequate shelter, food, water",83.4,US-Mexico border crossing,POINT (-110.756196 31.539538)
2020-08-19,2020.0,8,ARIZONA,1,"Harsh environmental conditions / lack of adequate shelter, food, water",83.4,US-Mexico border crossing,POINT (-111.821 31.80283)
2020-08-20,2020.0,8,CALIFORNIA,1,"Harsh environmental conditions / lack of adequate shelter, food, water",77.8,US-Mexico border crossing,POINT (-115.9993459 32.644379)
2020-08-20,2020.0,8,CALIFORNIA,1,"Harsh environmental conditions / lack of adequate shelter, food, water",77.8,US-Mexico border crossing,POINT (-115.9993459 32.644379)
2020-08-23,2020.0,8,ARIZONA,1,"Harsh environmental conditions / lack of adequate shelter, food, water",83.4,US-Mexico border crossing,POINT (-110.13821 31.34813)
2020-08-24,2020.0,8,TEXAS,1,Sickness / lack of access to adequate healthcare,84.8,US-Mexico border crossing,POINT (-98.8203046 26.3797874)
2020-08-25,2020.0,8,TEXAS,1,"Harsh environmental conditions / lack of adequate shelter, food, water",84.8,US-Mexico border crossing,POINT (-99.8518583 28.5377132)
2020-08-26,2020.0,8,TEXAS,1,Accidental death,84.8,US-Mexico border crossing,POINT (-98.7742858 26.3451481)
2020-08-26,2020.0,8,ARIZONA,1,Mixed or unknown,83.4,US-Mexico border crossing,POINT (-112.091467 31.959)
2020-08-26,2020.0,8,ARIZONA,1,"Harsh environmental conditions / lack of adequate shelter, food, water",83.4,US-Mexico border crossing,POINT (-111.5744 32.270367)
2020-08-27,2020.0,8,ARIZONA,1,Mixed or unknown,83.4,US-Mexico border crossing,POINT (-110.230556 31.351389)
2020-08-27,2020.0,8,ARIZONA,1,Mixed or unknown,83.4,US-Mexico border crossing,POINT (-111.65183 32.48429)
2020-08-28,2020.0,8,ARIZONA,1,"Harsh environmental conditions / lack of adequate shelter, food, water",83.4,US-Mexico border crossing,POINT (-112.86071 32.371725)
2020-08-28,2020.0,8,ARIZONA,1,"Harsh environmental conditions / lack of adequate shelter, food, water",83.4,US-Mexico border crossing,POINT (-111.65695 32.46711)
2020-08-29,2020.0,8,ARIZONA,1,"Harsh environmental conditions / lack of adequate shelter, food, water",83.4,US-Mexico border crossing,POINT (-109.35206 31.46676)
2020-08-29,2020.0,8,ARIZONA,1,"Harsh environmental conditions / lack of adequate shelter, food, water",83.4,US-Mexico border crossing,POINT (-113.131 32.334183)
2020-08-31,2020.0,8,CALIFORNIA,1,"Harsh environmental conditions / lack of adequate shelter, food, water",77.8,US-Mexico border crossing,POINT (-114.8005594 32.83975333)
2020-08-31,2020.0,8,ARIZONA,1,Mixed or unknown,83.4,US-Mexico border crossing,POINT (-113.1392 32.41185)
2020-09-01,2020.0,9,ARIZONA,1,Mixed or unknown,79.8,US-Mexico border crossing,POINT (-111.3765 32.0676)
2020-09-01,2020.0,9,TEXAS,1,Mixed or unknown,79.2,US-Mexico border crossing,POINT (-100.088037 29.054559)
2020-09-01,2020.0,9,CALIFORNIA,1,"Harsh environmental conditions / lack of adequate shelter, food, water",76.4,US-Mexico border crossing,POINT (-115.45675484 32.67700743)
2020-09-04,2020.0,9,ARIZONA,1,"Harsh environmental conditions / lack of adequate shelter, food, water",79.8,US-Mexico border crossing,POINT (-111.7779 31.93338)
2020-09-06,2020.0,9,ARIZONA,1,"Harsh environmental conditions / lack of adequate shelter, food, water",79.8,US-Mexico border crossing,POINT (-111.198859 31.880269)
2020-09-06,2020.0,9,ARIZONA,1,Mixed or unknown,79.8,US-Mexico border crossing,POINT (-113.124 32.361)
2020-09-06,2020.0,9,ARIZONA,1,"Harsh environmental conditions / lack of adequate shelter, food, water",79.8,US-Mexico border crossing,POINT (-109.51202 31.3986)
2020-09-07,2020.0,9,ARIZONA,1,"Harsh environmental conditions / lack of adequate shelter, food, water",79.8,US-Mexico border crossing,POINT (-112.47558 32.45706)
2020-09-07,2020.0,9,ARIZONA,1,"Harsh environmental conditions / lack of adequate shelter, food, water",79.8,US-Mexico border crossing,POINT (-109.534133 31.385617)
2020-09-08,2020.0,9,ARIZONA,1,Mixed or unknown,79.8,US-Mexico border crossing,POINT (-111.881234 31.912022)
2020-09-09,2020.0,9,TEXAS,1,Vehicle accident / death linked to hazardous transport,79.2,US-Mexico border crossing,POINT (-102.8793222 30.8940431)
2020-09-10,2020.0,9,ARIZONA,1,Mixed or unknown,79.8,US-Mexico border crossing,POINT (-111.8122 31.8034)
2020-09-10,2020.0,9,ARIZONA,1,"Harsh environmental conditions / lack of adequate shelter, food, water",79.8,US-Mexico border crossing,POINT (-114.37219 32.61819)
2020-09-11,2020.0,9,CALIFORNIA,1,Drowning,76.4,US-Mexico border crossing,POINT (-114.9430346 32.7119875)
2020-09-12,2020.0,9,ARIZONA,1,Mixed or unknown,79.8,US-Mexico border crossing,POINT (-111.35365 32.05906)
2020-09-14,2020.0,9,TEXAS,1,"Harsh environmental conditions / lack of adequate shelter, food, water",79.2,US-Mexico border crossing,POINT (-98.1383995 27.0250973)
2020-09-14,2020.0,9,ARIZONA,1,Mixed or unknown,79.8,US-Mexico border crossing,POINT (-111.81945 31.80622)
2020-09-14,2020.0,9,ARIZONA,1,Mixed or unknown,79.8,US-Mexico border crossing,POINT (-112.471497 31.9267)
2020-09-14,2020.0,9,ARIZONA,1,Mixed or unknown,79.8,US-Mexico border crossing,POINT (-112.3249 32.03228)
2020-09-14,2020.0,9,ARIZONA,1,Mixed or unknown,79.8,US-Mexico border crossing,POINT (-111.628262 31.783138)
2020-09-15,2020.0,9,ARIZONA,1,Mixed or unknown,79.8,US-Mexico border crossing,POINT (-111.4629 31.816)
2020-09-18,2020.0,9,ARIZONA,1,Mixed or unknown,79.8,US-Mexico border crossing,POINT (-111.3314522 31.5773351)
2020-09-18,2020.0,9,ARIZONA,1,"Harsh environmental conditions / lack of adequate shelter, food, water",79.8,US-Mexico border crossing,POINT (-112.0740373 33.4483771)
2020-09-18,2020.0,9,ARIZONA,1,Mixed or unknown,79.8,US-Mexico border crossing,POINT (-113.18921 32.137243)
2020-09-19,2020.0,9,ARIZONA,1,Mixed or unknown,79.8,US-Mexico border crossing,POINT (-112.78981 31.8913)
2020-09-19,2020.0,9,ARIZONA,1,Mixed or unknown,79.8,US-Mexico border crossing,POINT (-112.79484 31.88474)
2020-09-20,2020.0,9,ARIZONA,1,Mixed or unknown,79.8,US-Mexico border crossing,POINT (-113.130192 32.401767)
2020-09-21,2020.0,9,ARIZONA,1,"Harsh environmental conditions / lack of adequate shelter, food, water",79.8,US-Mexico border crossing,POINT (-110.955646 31.957582)
2020-09-21,2020.0,9,ARIZONA,1,Mixed or unknown,79.8,US-Mexico border crossing,POINT (-111.184519 31.687166)
2020-09-21,2020.0,9,ARIZONA,1,Mixed or unknown,79.8,US-Mexico border crossing,POINT (-111.427667 32.139)
2020-09-21,2020.0,9,ARIZONA,1,Mixed or unknown,79.8,US-Mexico border crossing,POINT (-111.646555 31.772121)
2020-09-21,2020.0,9,ARIZONA,1,Violence,79.8,US-Mexico border crossing,POINT (-110.780728 31.355835)
2020-09-21,2020.0,9,ARIZONA,1,"Harsh environmental conditions / lack of adequate shelter, food, water",79.8,US-Mexico border crossing,POINT (-110.9747108 32.2226066)
2020-09-21,2020.0,9,ARIZONA,1,Violence,79.8,US-Mexico border crossing,POINT (-110.9342532 31.3403775)
2020-09-21,2020.0,9,TEXAS,1,Mixed or unknown,79.2,US-Mexico border crossing,POINT (-98.2212979 27.0273057)
2020-09-22,2020.0,9,ARIZONA,1,Mixed or unknown,79.8,US-Mexico border crossing,POINT (-112.521533 32.384167)
2020-09-23,2020.0,9,ARIZONA,1,Mixed or unknown,79.8,US-Mexico border crossing,POINT (-111.87105 31.6801)
2020-09-23,2020.0,9,ARIZONA,1,Mixed or unknown,79.8,US-Mexico border crossing,POINT (-112.10435 31.721533)
2020-09-23,2020.0,9,ARIZONA,1,"Harsh environmental conditions / lack of adequate shelter, food, water",79.8,US-Mexico border crossing,POINT (-111.9591399 33.4470248)
2020-09-24,2020.0,9,ARIZONA,1,Mixed or unknown,79.8,US-Mexico border crossing,POINT (-113.133313 32.402672)
2020-09-24,2020.0,9,ARIZONA,1,Mixed or unknown,79.8,US-Mexico border crossing,POINT (-111.36908 32.10137)
2020-09-28,2020.0,9,ARIZONA,1,Mixed or unknown,79.8,US-Mexico border crossing,POINT (-112.126533 31.96735)
2020-09-28,2020.0,9,ARIZONA,1,Mixed or unknown,79.8,US-Mexico border crossing,POINT (-112.130917 31.961367)
2020-09-28,2020.0,9,ARIZONA,1,Mixed or unknown,79.8,US-Mexico border crossing,POINT (-111.37374 32.07133)
2020-09-28,2020.0,9,ARIZONA,1,"Harsh environmental conditions / lack of adequate shelter, food, water",79.8,US-Mexico border crossing,POINT (-110.261697 31.558538)
2020-09-29,2020.0,9,ARIZONA,1,"Harsh environmental conditions / lack of adequate shelter, food, water",79.8,US-Mexico border crossing,POINT (-111.63275 31.52351)
2020-10-01,2020.0,10,TEXAS,1,"Harsh environmental conditions / lack of adequate shelter, food, water",70.0,US-Mexico border crossing,POINT (-98.1352829 26.9361628)
2020-10-02,2020.0,10,ARIZONA,1,Mixed or unknown,70.9,US-Mexico border crossing,POINT (-111.078454 31.39042)
2020-10-03,2020.0,10,,1,Drowning,,US-Mexico border crossing,POINT (-106.49124442 31.75052919)
2020-10-06,2020.0,10,ARIZONA,1,Mixed or unknown,70.9,US-Mexico border crossing,POINT (-111.944167 31.946056)
2020-10-06,2020.0,10,ARIZONA,1,"Harsh environmental conditions / lack of adequate shelter, food, water",70.9,US-Mexico border crossing,POINT (-111.35353 32.08854)
2020-10-07,2020.0,10,ARIZONA,1,"Harsh environmental conditions / lack of adequate shelter, food, water",70.9,US-Mexico border crossing,POINT (-111.96563 31.76905)
2020-10-07,2020.0,10,ARIZONA,1,Violence,70.9,US-Mexico border crossing,POINT (-112.48385 31.86751)
2020-10-09,2020.0,10,ARIZONA,1,Mixed or unknown,70.9,US-Mexico border crossing,POINT (-113.01956 32.16811)
2020-10-12,2020.0,10,CALIFORNIA,1,"Harsh environmental conditions / lack of adequate shelter, food, water",70.1,US-Mexico border crossing,POINT (-116.0226653 32.6924386)
2020-10-12,2020.0,10,ARIZONA,1,Mixed or unknown,70.9,US-Mexico border crossing,POINT (-111.006893 31.36597)
2020-10-15,2020.0,10,ARIZONA,1,Mixed or unknown,70.9,US-Mexico border crossing,POINT (-112.461817 31.86015)
2020-10-15,2020.0,10,ARIZONA,1,Mixed or unknown,70.9,US-Mexico border crossing,POINT (-112.449633 31.845883)
2020-10-15,2020.0,10,ARIZONA,1,Violence,70.9,US-Mexico border crossing,POINT (-109.689858 31.334084)
2020-10-17,2020.0,10,ARIZONA,1,Mixed or unknown,70.9,US-Mexico border crossing,POINT (-112.55555 32.05895)
2020-10-18,2020.0,10,TEXAS,1,"Harsh environmental conditions / lack of adequate shelter, food, water",70.0,US-Mexico border crossing,POINT (-99.5075519 27.5035613)
2020-10-20,2020.0,10,TEXAS,1,Mixed or unknown,70.0,US-Mexico border crossing,POINT (-100.20148674 30.01828588)
2020-10-20,2020.0,10,ARIZONA,1,Mixed or unknown,70.9,US-Mexico border crossing,POINT (-111.82393 31.78119)
2020-10-20,2020.0,10,ARIZONA,1,Mixed or unknown,70.9,US-Mexico border crossing,POINT (-112.01419 31.65847)
2020-10-22,2020.0,10,ARIZONA,1,"Harsh environmental conditions / lack of adequate shelter, food, water",70.9,US-Mexico border crossing,POINT (-110.953217 31.333383)
2020-10-23,2020.0,10,CALIFORNIA,1,Violence,70.1,US-Mexico border crossing,POINT (-117.0302795 32.5434838)
2020-10-25,2020.0,10,ARIZONA,1,"Harsh environmental conditions / lack of adequate shelter, food, water",70.9,US-Mexico border crossing,POINT (-112.112467 31.680733)
2020-10-26,2020.0,10,ARIZONA,1,"Harsh environmental conditions / lack of adequate shelter, food, water",70.9,US-Mexico border crossing,POINT (-111.0418 31.334119)
2020-10-29,2020.0,10,ARIZONA,1,"Harsh environmental conditions / lack of adequate shelter, food, water",70.9,US-Mexico border crossing,POINT (-113.486083 32.784083)
2020-11-02,2020.0,11,ARIZONA,1,Mixed or unknown,59.8,US-Mexico border crossing,POINT (-112.394633 31.788983)
2020-11-04,2020.0,11,ARIZONA,1,"Harsh environmental conditions / lack of adequate shelter, food, water",59.8,US-Mexico border crossing,POINT (-109.2295 32.076389)
2020-11-05,2020.0,11,ARIZONA,1,Mixed or unknown,59.8,US-Mexico border crossing,POINT (-112.522818 32.399406)
2020-11-06,2020.0,11,CALIFORNIA,1,Vehicle accident / death linked to hazardous transport,58.6,US-Mexico border crossing,POINT (-116.5452921 33.8302961)
2020-11-09,2020.0,11,ARIZONA,1,Mixed or unknown,59.8,US-Mexico border crossing,POINT (-111.48558 32.2112)
2020-11-09,2020.0,11,ARIZONA,1,Mixed or unknown,59.8,US-Mexico border crossing,POINT (-113.117033 32.470967)
2020-11-11,2020.0,11,CALIFORNIA,1,Drowning,58.6,US-Mexico border crossing,POINT (-115.7803237 33.094364)
2020-11-15,2020.0,11,ARIZONA,1,Mixed or unknown,59.8,US-Mexico border crossing,POINT (-109.282767 31.483133)
2020-11-19,2020.0,11,ARIZONA,1,Mixed or unknown,59.8,US-Mexico border crossing,POINT (-113.054995 32.247309)
2020-11-19,2020.0,11,ARIZONA,1,Mixed or unknown,59.8,US-Mexico border crossing,POINT (-113.062101 32.259404)
2020-11-19,2020.0,11,ARIZONA,1,Mixed or unknown,59.8,US-Mexico border crossing,POINT (-113.078464 32.279368)
2020-11-19,2020.0,11,ARIZONA,1,Mixed or unknown,59.8,US-Mexico border crossing,POINT (-113.092922 32.301813)
2020-11-19,2020.0,11,ARIZONA,1,Mixed or unknown,59.8,US-Mexico border crossing,POINT (-111.56269 31.82272)
2020-11-21,2020.0,11,ARIZONA,1,Mixed or unknown,59.8,US-Mexico border crossing,POINT (-112.915126 32.327874)
2020-11-23,2020.0,11,ARIZONA,1,Mixed or unknown,59.8,US-Mexico border crossing,POINT (-112.553166 32.061618)
2020-11-28,2020.0,11,ARIZONA,1,Mixed or unknown,59.8,US-Mexico border crossing,POINT (-109.200018 31.483549)
2020-12-01,2020.0,12,ARIZONA,1,Mixed or unknown,47.8,US-Mexico border crossing,POINT (-111.9511 31.71484)
2020-12-01,2020.0,12,ARIZONA,1,Mixed or unknown,47.8,US-Mexico border crossing,POINT (-113.20477 32.071)
2020-12-01,2020.0,12,ARIZONA,1,Mixed or unknown,47.8,US-Mexico border crossing,POINT (-113.10745 32.36347)
2020-12-02,2020.0,12,ARIZONA,1,Mixed or unknown,47.8,US-Mexico border crossing,POINT (-111.988433 31.739217)
2020-12-03,2020.0,12,ARIZONA,1,Mixed or unknown,47.8,US-Mexico border crossing,POINT (-113.11916 32.47195)
2020-12-04,2020.0,12,ARIZONA,1,Mixed or unknown,47.8,US-Mexico border crossing,POINT (-114.0667576 32.3185288)
2020-12-04,2020.0,12,ARIZONA,1,Violence,47.8,US-Mexico border crossing,POINT (-110.54541 31.983749)
2020-12-04,2020.0,12,ARIZONA,1,Mixed or unknown,47.8,US-Mexico border crossing,POINT (-111.3046 31.735233)
2020-12-05,2020.0,12,TEXAS,1,Sickness / lack of access to adequate healthcare,54.6,US-Mexico border crossing,POINT (-98.2300124 26.2034071)
2020-12-08,2020.0,12,ARIZONA,1,Mixed or unknown,47.8,US-Mexico border crossing,POINT (-114.253354 32.510819)
2020-12-11,2020.0,12,,2,Drowning,,US-Mexico border crossing,POINT (-99.50900893 27.49929955)
2020-12-14,2020.0,12,ARIZONA,1,Mixed or unknown,47.8,US-Mexico border crossing,POINT (-111.954917 31.738733)
2020-12-15,2020.0,12,ARIZONA,1,Mixed or unknown,47.8,US-Mexico border crossing,POINT (-112.91189 32.097791)
2020-12-16,2020.0,12,ARIZONA,1,Mixed or unknown,47.8,US-Mexico border crossing,POINT (-113.155967 32.2637)
2020-12-22,2020.0,12,CALIFORNIA,1,Vehicle accident / death linked to hazardous transport,48.2,US-Mexico border crossing,POINT (-117.0302795 32.5434838)
2020-12-27,2020.0,12,TEXAS,1,Vehicle accident / death linked to hazardous transport,54.6,US-Mexico border crossing,POINT (-99.5035198 27.5063468)
2020-12-28,2020.0,12,ARIZONA,1,Mixed or unknown,47.8,US-Mexico border crossing,POINT (-111.753172 31.597042)
2020-12-29,2020.0,12,ARIZONA,1,Mixed or unknown,47.8,US-Mexico border crossing,POINT (-112.084017 31.682493)
2020-12-30,2020.0,12,ARIZONA,1,Mixed or unknown,47.8,US-Mexico border crossing,POINT (-109.47751 31.3711)
2020-01-07,2020.0,1,TEXAS,1,Drowning,50.7,US-Mexico border crossing,POINT (-98.3252932 26.2159066)
2020-03-20,2020.0,3,TEXAS,1,Sickness / lack of access to adequate healthcare,56.3,US-Mexico border crossing,POINT (-98.5616885 26.2434051)
2020-07-16,2020.0,7,TEXAS,1,Drowning,82.9,US-Mexico border crossing,POINT (-98.1710338 26.0857116)
2020-10-01,2020.0,10,TEXAS,1,Drowning,70.0,US-Mexico border crossing,POINT (-98.3802991 26.1854863)
2020-10-08,2020.0,10,TEXAS,1,Mixed or unknown,70.0,US-Mexico border crossing,POINT (-98.4194623 26.2094824)
2020-10-19,2020.0,10,TEXAS,1,Mixed or unknown,70.0,US-Mexico border crossing,POINT (-98.1601166 26.5751635)
2020-10-24,2020.0,10,TEXAS,1,Drowning,70.0,US-Mexico border crossing,POINT (-98.2705329 26.113872)
2020-10-27,2020.0,10,TEXAS,1,Drowning,70.0,US-Mexico border crossing,POINT (-98.3632093 26.2029614)
2020-10-30,2020.0,10,TEXAS,1,Mixed or unknown,70.0,US-Mexico border crossing,POINT (-98.3566571 26.1820236)
2020-11-07,2020.0,11,TEXAS,1,Drowning,63.2,US-Mexico border crossing,POINT (-98.1874008 26.0926784)
2020-11-10,2020.0,11,TEXAS,1,Drowning,63.2,US-Mexico border crossing,POINT (-97.959136 26.113363)
2020-12-05,2020.0,12,TEXAS,1,Drowning,54.6,US-Mexico border crossing,POINT (-98.0551477 26.2792764)
2020-12-19,2020.0,12,TEXAS,1,Drowning,54.6,US-Mexico border crossing,POINT (-98.3252932 26.2159066)
2020-12-20,2020.0,12,TEXAS,1,Drowning,54.6,US-Mexico border crossing,POINT (-98.3796686 26.18372088)
2020-12-20,2020.0,12,TEXAS,1,Drowning,54.6,US-Mexico border crossing,POINT (-98.3796686 26.18372088)
,,1,CALIFORNIA,1,Mixed or unknown,,US-Mexico border crossing,POINT (-116.4187931 32.8674653)
2020-08-05,2020.0,5,CALIFORNIA,1,"Harsh environmental conditions / lack of adequate shelter, food, water",60.6,US-Mexico border crossing,POINT (-116.1874241 32.61768)
,,6,CALIFORNIA,1,Mixed or unknown,,US-Mexico border crossing,POINT (-116.7814093 32.6442247)
,,8,CALIFORNIA,1,"Harsh environmental conditions / lack of adequate shelter, food, water",,US-Mexico border crossing,POINT (-116.7814093 32.6442247)
,,11,CALIFORNIA,1,Accidental death,,US-Mexico border crossing,POINT (-116.9610962 32.6509861)
2020-11-05,2020.0,11,TEXAS,1,Vehicle accident / death linked to hazardous transport,63.2,US-Mexico border crossing,POINT (-99.4714896 27.4877716)
2020-02-08,2020.0,2,ARIZONA,1,Mixed or unknown,44.8,US-Mexico border crossing,POINT (-113.124167 32.535333)
2020-02-27,2020.0,2,ARIZONA,1,Mixed or unknown,44.8,US-Mexico border crossing,POINT (-113.143166 32.838333)
2020-03-19,2020.0,3,ARIZONA,1,Mixed or unknown,48.4,US-Mexico border crossing,POINT (-112.3905 32.758667)
2020-06-16,2020.0,6,ARIZONA,1,Violence,73.6,US-Mexico border crossing,POINT (-109.211 31.622)
2020-09-14,2020.0,9,ARIZONA,1,Mixed or unknown,79.8,US-Mexico border crossing,POINT (-112.34344 32.08169)
2020-10-16,2020.0,10,ARIZONA,1,Mixed or unknown,70.9,US-Mexico border crossing,POINT (-112.614167 32.85305)
2020-10-16,2020.0,10,ARIZONA,1,Mixed or unknown,70.9,US-Mexico border crossing,POINT (-112.59805 32.840267)
2020-11-01,2020.0,11,ARIZONA,1,Mixed or unknown,59.8,US-Mexico border crossing,POINT (-112.262633 32.832783)
2020-11-30,2020.0,11,TEXAS,1,"Harsh environmental conditions / lack of adequate shelter, food, water",63.2,US-Mexico border crossing,POINT (-105.3571764 31.1745732)
2020-09-30,2020.0,9,,1,Drowning,,US-Mexico border crossing,POINT (-106.49356235 31.75235189)
2020-02-28,2020.0,2,TEXAS,1,Drowning,50.0,US-Mexico border crossing,POINT (-105.54009917 31.00839265)
2020-06-10,2020.0,6,TEXAS,1,Drowning,77.6,US-Mexico border crossing,POINT (-106.215117 31.585495)
2020-06-14,2020.0,6,TEXAS,1,Drowning,77.6,US-Mexico border crossing,POINT (-106.2939 31.606596)
2020-07-12,2020.0,7,TEXAS,1,Drowning,82.9,US-Mexico border crossing,POINT (-106.267643 31.587356)
2020-07-16,2020.0,7,TEXAS,1,Drowning,82.9,US-Mexico border crossing,POINT (-106.274327 31.564882)
2020-07-17,2020.0,7,TEXAS,1,Drowning,82.9,US-Mexico border crossing,POINT (-106.28529 31.597643)
2020-08-25,2020.0,8,TEXAS,1,Violence,84.8,US-Mexico border crossing,POINT (-106.2126279 31.545392)
2020-12-08,2020.0,12,,1,Accidental death,,US-Mexico border crossing,POINT (-106.2541603 31.5303045)
2020-01-28,2020.0,1,ARIZONA,1,Mixed or unknown,43.0,US-Mexico border crossing,POINT (-111.305841 31.680647)
2020-02-08,2020.0,2,ARIZONA,1,Mixed or unknown,44.8,US-Mexico border crossing,POINT (-113.124167 32.535333)
2020-02-12,2020.0,2,ARIZONA,1,Mixed or unknown,44.8,US-Mexico border crossing,POINT (-111.363128 32.280197)
2020-02-27,2020.0,2,ARIZONA,1,Mixed or unknown,44.8,US-Mexico border crossing,POINT (-113.143166 32.838333)
2020-03-19,2020.0,3,ARIZONA,1,Mixed or unknown,48.4,US-Mexico border crossing,POINT (-112.3905 32.758667)
2020-06-16,2020.0,6,ARIZONA,1,Violence,73.6,US-Mexico border crossing,POINT (-109.211 31.622)
2020-10-16,2020.0,10,ARIZONA,1,Mixed or unknown,70.9,US-Mexico border crossing,POINT (-112.614167 32.85305)
2020-10-16,2020.0,10,ARIZONA,1,Mixed or unknown,70.9,US-Mexico border crossing,POINT (-112.59805 32.840267)
2020-11-01,2020.0,11,ARIZONA,1,Mixed or unknown,59.8,US-Mexico border crossing,POINT (-112.262633 32.832783)
2020-02-03,2020.0,2,NEW MEXICO,1,Mixed or unknown,37.8,US-Mexico border crossing,POINT (-108.743 31.5006)
2020-07-09,2020.0,7,NEW MEXICO,1,Mixed or unknown,74.6,US-Mexico border crossing,POINT (-108.229 31.5894)
2020-07-10,2020.0,7,NEW MEXICO,1,"Harsh environmental conditions / lack of adequate shelter, food, water",74.6,US-Mexico border crossing,POINT (-108.229 31.5894)
2020-07-14,2020.0,7,NEW MEXICO,1,Mixed or unknown,74.6,US-Mexico border crossing,POINT (-107.927 31.9937)
2020-07-17,2020.0,7,NEW MEXICO,1,Mixed or unknown,74.6,US-Mexico border crossing,POINT (-108.14528 31.854722)
2020-08-21,2020.0,8,NEW MEXICO,1,"Harsh environmental conditions / lack of adequate shelter, food, water",76.4,US-Mexico border crossing,POINT (-106.773 31.7928)
2020-10-25,2020.0,10,NEW MEXICO,1,Mixed or unknown,60.8,US-Mexico border crossing,POINT (-106.68392 31.8468798)
2020-12-11,2020.0,12,NEW MEXICO,1,Mixed or unknown,41.2,US-Mexico border crossing,POINT (-108.25 32.2034)
2020-09-14,2020.0,9,CALIFORNIA,1,Mixed or unknown,76.4,US-Mexico border crossing,POINT (-116.869324 32.694585)
2020-10-04,2020.0,10,CALIFORNIA,1,"Harsh environmental conditions / lack of adequate shelter, food, water",70.1,US-Mexico border crossing,POINT (-116.860444 32.644152)
2020-10-17,2020.0,10,CALIFORNIA,1,Mixed or unknown,70.1,US-Mexico border crossing,POINT (-116.510853 32.610429)
2020-10-24,2020.0,10,CALIFORNIA,1,Mixed or unknown,70.1,US-Mexico border crossing,POINT (-116.765125 32.567541)
2020-12-07,2020.0,12,CALIFORNIA,1,Mixed or unknown,48.2,US-Mexico border crossing,POINT (-116.274197 32.660215)
2021-01-01,2021.0,1,TEXAS,2,"Harsh environmental conditions / lack of adequate shelter, food, water",47.9,US-Mexico border crossing,POINT (-103.7272989 29.36820243)
2021-01-02,2021.0,1,TEXAS,1,Vehicle accident / death linked to hazardous transport,47.9,US-Mexico border crossing,POINT (-105.3571764 31.1745732)
2021-01-08,2021.0,1,,1,Drowning,,US-Mexico border crossing,POINT (-100.9372101 29.33161137)
2021-01-08,2021.0,1,TEXAS,1,"Harsh environmental conditions / lack of adequate shelter, food, water",47.9,US-Mexico border crossing,POINT (-100.3980824 28.697183)
2021-01-19,2021.0,1,TEXAS,1,"Harsh environmental conditions / lack of adequate shelter, food, water",47.9,US-Mexico border crossing,POINT (-98.1441714 27.2269872)
2021-01-29,2021.0,1,TEXAS,1,Violence,47.9,US-Mexico border crossing,POINT (-98.2652505 26.1087466)
2021-01-29,2021.0,1,CALIFORNIA,1,Drowning,45.5,US-Mexico border crossing,POINT (-117.0448118 32.54143422)
2021-02-09,2021.0,2,,1,Drowning,,US-Mexico border crossing,POINT (-100.5068478 28.71317365)
2021-02-18,2021.0,2,TEXAS,1,"Harsh environmental conditions / lack of adequate shelter, food, water",45.6,US-Mexico border crossing,POINT (-103.2068216 29.3222273)
2021-02-22,2021.0,2,TEXAS,4,"Harsh environmental conditions / lack of adequate shelter, food, water",45.6,US-Mexico border crossing,POINT (-103.7272989 29.36820243)
2021-02-20,2021.0,2,TEXAS,1,"Harsh environmental conditions / lack of adequate shelter, food, water",45.6,US-Mexico border crossing,POINT (-99.30855138 28.36796911)
2021-02-11,2021.0,2,TEXAS,1,"Harsh environmental conditions / lack of adequate shelter, food, water",45.6,US-Mexico border crossing,POINT (-100.5048585 28.7019633)
2021-02-26,2021.0,2,,2,Drowning,,US-Mexico border crossing,POINT (-100.5113856 28.70516695)
2021-03-03,2021.0,3,CALIFORNIA,2,Vehicle accident / death linked to hazardous transport,47.8,US-Mexico border crossing,POINT (-115.2984346 32.78367772)
2021-03-03,2021.0,3,CALIFORNIA,10,Vehicle accident / death linked to hazardous transport,47.8,US-Mexico border crossing,POINT (-115.2984346 32.78367772)
2021-03-03,2021.0,3,CALIFORNIA,1,Vehicle accident / death linked to hazardous transport,47.8,US-Mexico border crossing,POINT (-115.2984346 32.78367772)
2021-03-10,2021.0,3,TEXAS,1,Mixed or unknown,51.6,US-Mexico border crossing,POINT (-106.4850217 31.7618778)
2021-03-15,2021.0,3,TEXAS,8,Vehicle accident / death linked to hazardous transport,51.6,US-Mexico border crossing,POINT (-100.9088278 29.45061979)
2021-03-20,2021.0,3,TEXAS,1,Drowning,51.6,US-Mexico border crossing,POINT (-100.4995214 28.7091433)
2021-03-27,2021.0,3,ARIZONA,1,Sickness / lack of access to adequate healthcare,48.0,US-Mexico border crossing,POINT (-110.8547917 32.2265083)
2021-04-03,2021.0,4,ARIZONA,1,"Harsh environmental conditions / lack of adequate shelter, food, water",55.4,US-Mexico border crossing,POINT (-114.0338755 32.36842579)
2021-04-10,2021.0,4,TEXAS,1,"Harsh environmental conditions / lack of adequate shelter, food, water",61.6,US-Mexico border crossing,POINT (-99.8698853 28.50887928)
2021-04-06,2021.0,4,TEXAS,1,"Harsh environmental conditions / lack of adequate shelter, food, water",61.6,US-Mexico border crossing,POINT (-98.14724414 27.18569377)
2021-04-13,2021.0,4,TEXAS,1,Vehicle accident / death linked to hazardous transport,61.6,US-Mexico border crossing,POINT (-99.47846336 27.40052071)
2021-04-17,2021.0,4,TEXAS,1,Mixed or unknown,61.6,US-Mexico border crossing,POINT (-98.68701863 27.28385151)
2021-04-16,2021.0,4,TEXAS,1,"Harsh environmental conditions / lack of adequate shelter, food, water",61.6,US-Mexico border crossing,POINT (-98.22579399 26.1865678)
2021-04-15,2021.0,4,TEXAS,1,Vehicle accident / death linked to hazardous transport,61.6,US-Mexico border crossing,POINT (-98.11397627 26.65278451)
2021-04-22,2021.0,4,TEXAS,1,Vehicle accident / death linked to hazardous transport,61.6,US-Mexico border crossing,POINT (-99.54236303 28.02611051)
2021-05-02,2021.0,5,,4,Drowning,,US-Mexico border crossing,POINT (-117.247942 32.66161)
2021-04-29,2021.0,4,TEXAS,1,Vehicle accident / death linked to hazardous transport,61.6,US-Mexico border crossing,POINT (-97.84180735 27.50628075)
2021-04-03,2021.0,4,TEXAS,1,Drowning,61.6,US-Mexico border crossing,POINT (-99.52217022 27.5226717)
2021-04-29,2021.0,4,,1,Accidental death,,US-Mexico border crossing,POINT (-116.887778 32.554722)
2021-05-04,2021.0,5,TEXAS,1,Vehicle accident / death linked to hazardous transport,67.8,US-Mexico border crossing,POINT (-103.7272989 29.36820243)
2021-05-12,2021.0,5,,1,Drowning,,Caribbean to US,POINT (-80.06269146 26.92134737)
2021-01-30,2021.0,1,ARIZONA,1,"Harsh environmental conditions / lack of adequate shelter, food, water",42.3,US-Mexico border crossing,POINT (-113.7245521 32.55086017)
2021-05-14,2021.0,5,CALIFORNIA,1,Violence,61.4,US-Mexico border crossing,POINT (-116.4721918 32.62844)
2021-05-20,2021.0,5,,1,Drowning,,US-Mexico border crossing,POINT (-117.2787884 32.8478017)
2021-05-25,2021.0,5,TEXAS,1,Sickness / lack of access to adequate healthcare,67.8,US-Mexico border crossing,POINT (-98.57243481 29.5071504)
2021-05-22,2021.0,5,TEXAS,1,"Harsh environmental conditions / lack of adequate shelter, food, water",67.8,US-Mexico border crossing,POINT (-104.8845289 30.8540853)
2021-06-01,2021.0,6,ARIZONA,1,"Harsh environmental conditions / lack of adequate shelter, food, water",74.4,US-Mexico border crossing,POINT (-114.2335269 32.51201959)
2021-06-01,2021.0,6,ARIZONA,1,"Harsh environmental conditions / lack of adequate shelter, food, water",74.4,US-Mexico border crossing,POINT (-114.446387 32.44482662)
2021-05-26,2021.0,5,TEXAS,1,"Harsh environmental conditions / lack of adequate shelter, food, water",67.8,US-Mexico border crossing,POINT (-99.83025098 28.65989473)
2021-06-02,2021.0,6,,1,Drowning,,US-Mexico border crossing,POINT (-100.5121682 28.70601548)
2021-06-07,2021.0,6,,1,Drowning,,US-Mexico border crossing,POINT (-100.5121682 28.70601548)
2021-06-10,2021.0,6,NEW MEXICO,1,"Harsh environmental conditions / lack of adequate shelter, food, water",67.9,US-Mexico border crossing,POINT (-106.554545 31.785267)
2021-06-11,2021.0,6,TEXAS,1,Accidental death,76.0,US-Mexico border crossing,POINT (-106.426 31.754475)
2021-06-13,2021.0,6,,1,Drowning,,US-Mexico border crossing,POINT (-100.5102039 28.69871512)
2021-06-13,2021.0,6,NEW MEXICO,1,Vehicle accident / death linked to hazardous transport,67.9,US-Mexico border crossing,POINT (-107.4481688 32.0884126)
2021-06-10,2021.0,6,TEXAS,1,"Harsh environmental conditions / lack of adequate shelter, food, water",76.0,US-Mexico border crossing,POINT (-97.51466326 25.97777195)
2021-06-19,2021.0,6,ARIZONA,1,Vehicle accident / death linked to hazardous transport,74.4,US-Mexico border crossing,POINT (-112.3520941 33.46233163)
2021-06-10,2021.0,6,TEXAS,1,"Harsh environmental conditions / lack of adequate shelter, food, water",76.0,US-Mexico border crossing,POINT (-99.48372901 27.35501854)
2021-06-23,2021.0,6,TEXAS,1,"Harsh environmental conditions / lack of adequate shelter, food, water",76.0,US-Mexico border crossing,POINT (-104.482768 31.52076745)
2021-06-13,2021.0,6,ARIZONA,1,"Harsh environmental conditions / lack of adequate shelter, food, water",74.4,US-Mexico border crossing,POINT (-114.480166 32.49750617)
2021-06-16,2021.0,6,NEW MEXICO,1,"Harsh environmental conditions / lack of adequate shelter, food, water",67.9,US-Mexico border crossing,POINT (-106.554 31.7902)
2021-06-16,2021.0,6,NEW MEXICO,1,"Harsh environmental conditions / lack of adequate shelter, food, water",67.9,US-Mexico border crossing,POINT (-106.59976 31.790971)
2021-06-27,2021.0,6,TEXAS,1,"Harsh environmental conditions / lack of adequate shelter, food, water",76.0,US-Mexico border crossing,POINT (-104.8739003 30.52044183)
2021-06-30,2021.0,6,CALIFORNIA,1,"Harsh environmental conditions / lack of adequate shelter, food, water",69.7,US-Mexico border crossing,POINT (-116.81832 32.60582)
2021-01-05,2021.0,1,ARIZONA,1,Violence,42.3,US-Mexico border crossing,POINT (-109.8928271 31.43222381)
2021-01-05,2021.0,1,ARIZONA,1,Violence,42.3,US-Mexico border crossing,POINT (-109.8928271 31.43222381)
2021-01-07,2021.0,1,ARIZONA,1,Mixed or unknown,42.3,US-Mexico border crossing,POINT (-111.8142 31.692633)
2021-01-10,2021.0,1,ARIZONA,1,"Harsh environmental conditions / lack of adequate shelter, food, water",42.3,US-Mexico border crossing,POINT (-110.864752 31.68276)
2021-01-11,2021.0,1,ARIZONA,1,Mixed or unknown,42.3,US-Mexico border crossing,POINT (-111.8303 32.51472)
2021-01-11,2021.0,1,ARIZONA,1,Mixed or unknown,42.3,US-Mexico border crossing,POINT (-112.3743 31.83375)
2021-01-11,2021.0,1,ARIZONA,1,Mixed or unknown,42.3,US-Mexico border crossing,POINT (-112.343452 32.542332)
2021-01-13,2021.0,1,ARIZONA,1,Mixed or unknown,42.3,US-Mexico border crossing,POINT (-111.83111 31.78536)
2021-01-15,2021.0,1,ARIZONA,1,Violence,42.3,US-Mexico border crossing,POINT (-110.11293 31.33415)
2021-01-16,2021.0,1,ARIZONA,1,Mixed or unknown,42.3,US-Mexico border crossing,POINT (-112.68819 31.977452)
2021-01-19,2021.0,1,ARIZONA,1,Mixed or unknown,42.3,US-Mexico border crossing,POINT (-112.16075 31.963194)
2021-01-22,2021.0,1,ARIZONA,1,Mixed or unknown,42.3,US-Mexico border crossing,POINT (-111.257167 31.648472)
2021-01-23,2021.0,1,ARIZONA,1,"Harsh environmental conditions / lack of adequate shelter, food, water",42.3,US-Mexico border crossing,POINT (-109.076444 31.463389)
2021-01-24,2021.0,1,ARIZONA,1,Mixed or unknown,42.3,US-Mexico border crossing,POINT (-113.237833 32.131)
2021-01-27,2021.0,1,ARIZONA,1,Mixed or unknown,42.3,US-Mexico border crossing,POINT (-111.95791 31.71416)
2021-01-28,2021.0,1,ARIZONA,1,Mixed or unknown,42.3,US-Mexico border crossing,POINT (-112.00148 31.70588)
2021-01-28,2021.0,1,ARIZONA,1,Mixed or unknown,42.3,US-Mexico border crossing,POINT (-111.86906 31.71066)
2021-01-31,2021.0,1,ARIZONA,1,Mixed or unknown,42.3,US-Mexico border crossing,POINT (-112.4437 31.84175)
2021-02-04,2021.0,2,ARIZONA,1,Mixed or unknown,44.6,US-Mexico border crossing,POINT (-111.230389 31.389361)
2021-02-05,2021.0,2,ARIZONA,1,Mixed or unknown,44.6,US-Mexico border crossing,POINT (-111.8275 31.73563)
2021-02-07,2021.0,2,ARIZONA,1,"Harsh environmental conditions / lack of adequate shelter, food, water",44.6,US-Mexico border crossing,POINT (-112.4197 31.9543)
2021-02-08,2021.0,2,ARIZONA,1,Mixed or unknown,44.6,US-Mexico border crossing,POINT (-112.74925 32.15258)
2021-02-09,2021.0,2,ARIZONA,1,Mixed or unknown,44.6,US-Mexico border crossing,POINT (-111.913611 31.914444)
2021-02-10,2021.0,2,ARIZONA,1,Mixed or unknown,44.6,US-Mexico border crossing,POINT (-111.881234 31.9120215)
2021-02-15,2021.0,2,ARIZONA,1,Mixed or unknown,44.6,US-Mexico border crossing,POINT (-111.811683 31.78605)
2021-02-16,2021.0,2,ARIZONA,1,Mixed or unknown,44.6,US-Mexico border crossing,POINT (-113.04953 32.22524)
2021-02-18,2021.0,2,ARIZONA,1,Mixed or unknown,44.6,US-Mexico border crossing,POINT (-113.04941 32.22536)
2021-02-21,2021.0,2,ARIZONA,1,Mixed or unknown,44.6,US-Mexico border crossing,POINT (-111.532852 31.900498)
2021-02-21,2021.0,2,ARIZONA,1,Mixed or unknown,44.6,US-Mexico border crossing,POINT (-111.846417 31.66905)
2021-02-21,2021.0,2,ARIZONA,1,Mixed or unknown,44.6,US-Mexico border crossing,POINT (-113.1718 32.1195)
2021-02-23,2021.0,2,ARIZONA,1,Mixed or unknown,44.6,US-Mexico border crossing,POINT (-113.021598 32.199638)
2021-02-24,2021.0,2,ARIZONA,1,Mixed or unknown,44.6,US-Mexico border crossing,POINT (-111.84243 31.84108)
2021-03-03,2021.0,3,ARIZONA,1,"Harsh environmental conditions / lack of adequate shelter, food, water",48.0,US-Mexico border crossing,POINT (-110.952825 31.334239)
2021-03-05,2021.0,3,ARIZONA,1,Mixed or unknown,48.0,US-Mexico border crossing,POINT (-112.96256 32.09297)
2021-03-13,2021.0,3,ARIZONA,1,Mixed or unknown,48.0,US-Mexico border crossing,POINT (-113.058867 32.178633)
2021-03-13,2021.0,3,ARIZONA,1,Mixed or unknown,48.0,US-Mexico border crossing,POINT (-113.0754 32.2429)
2021-03-13,2021.0,3,ARIZONA,1,Mixed or unknown,48.0,US-Mexico border crossing,POINT (-113.064156 32.184896)
2021-03-14,2021.0,3,ARIZONA,1,Mixed or unknown,48.0,US-Mexico border crossing,POINT (-111.74756 31.78797)
2021-03-13,2021.0,3,ARIZONA,1,Mixed or unknown,48.0,US-Mexico border crossing,POINT (-113.0785575 32.224496)
2021-03-14,2021.0,3,ARIZONA,1,Mixed or unknown,48.0,US-Mexico border crossing,POINT (-113.238767 32.125633)
2021-03-14,2021.0,3,ARIZONA,1,Mixed or unknown,48.0,US-Mexico border crossing,POINT (-113.238833 32.122583)
2021-03-08,2021.0,3,ARIZONA,1,Mixed or unknown,48.0,US-Mexico border crossing,POINT (-112.19422 31.72159)
2021-03-14,2021.0,3,ARIZONA,1,Mixed or unknown,48.0,US-Mexico border crossing,POINT (-111.48003 31.97162)
2021-03-14,2021.0,3,ARIZONA,1,Mixed or unknown,48.0,US-Mexico border crossing,POINT (-112.969283 32.418681)
2021-03-16,2021.0,3,ARIZONA,1,Mixed or unknown,48.0,US-Mexico border crossing,POINT (-111.5175 32.25953)
2021-03-19,2021.0,3,ARIZONA,1,Sickness / lack of access to adequate healthcare,48.0,US-Mexico border crossing,POINT (-110.928097 32.175119)
2021-03-20,2021.0,3,ARIZONA,1,Mixed or unknown,48.0,US-Mexico border crossing,POINT (-112.6947 31.99153)
2021-03-26,2021.0,3,ARIZONA,1,Mixed or unknown,48.0,US-Mexico border crossing,POINT (-111.998 31.6951)
2021-03-27,2021.0,3,ARIZONA,1,Mixed or unknown,48.0,US-Mexico border crossing,POINT (-111.88143 31.69123)
2021-03-28,2021.0,3,ARIZONA,1,Mixed or unknown,48.0,US-Mexico border crossing,POINT (-112.4402777 31.8663889)
2021-03-30,2021.0,3,ARIZONA,1,Mixed or unknown,48.0,US-Mexico border crossing,POINT (-112.113467 31.855917)
2021-03-30,2021.0,3,ARIZONA,1,Mixed or unknown,48.0,US-Mexico border crossing,POINT (-111.805533 31.722883)
2021-04-05,2021.0,4,ARIZONA,1,Mixed or unknown,55.4,US-Mexico border crossing,POINT (-111.776332 31.685517)
2021-04-06,2021.0,4,ARIZONA,1,"Harsh environmental conditions / lack of adequate shelter, food, water",55.4,US-Mexico border crossing,POINT (-110.9780321 31.42974319)
2021-04-06,2021.0,4,ARIZONA,1,Mixed or unknown,55.4,US-Mexico border crossing,POINT (-113.10175 32.44706)
2021-04-15,2021.0,4,ARIZONA,1,Violence,55.4,US-Mexico border crossing,POINT (-110.99101 31.3329)
2021-04-15,2021.0,4,ARIZONA,1,Mixed or unknown,55.4,US-Mexico border crossing,POINT (-111.96678 31.885772)
2021-04-15,2021.0,4,ARIZONA,1,Mixed or unknown,55.4,US-Mexico border crossing,POINT (-113.16837 32.14593)
2021-04-16,2021.0,4,ARIZONA,1,Violence,55.4,US-Mexico border crossing,POINT (-111.2738148 32.03135067)
2021-04-25,2021.0,4,ARIZONA,1,"Harsh environmental conditions / lack of adequate shelter, food, water",55.4,US-Mexico border crossing,POINT (-111.083965 31.680719)
2021-04-26,2021.0,4,ARIZONA,1,Mixed or unknown,55.4,US-Mexico border crossing,POINT (-113.094207 32.036652)
2021-04-27,2021.0,4,ARIZONA,1,Sickness / lack of access to adequate healthcare,55.4,US-Mexico border crossing,POINT (-112.170333 32.0014)
2021-04-28,2021.0,4,ARIZONA,1,Mixed or unknown,55.4,US-Mexico border crossing,POINT (-109.333 31.4814)
2021-04-30,2021.0,4,ARIZONA,1,"Harsh environmental conditions / lack of adequate shelter, food, water",55.4,US-Mexico border crossing,POINT (-111.682017 32.405767)
2021-05-02,2021.0,5,ARIZONA,1,"Harsh environmental conditions / lack of adequate shelter, food, water",64.6,US-Mexico border crossing,POINT (-111.88266 32.406471)
2021-05-03,2021.0,5,ARIZONA,1,Mixed or unknown,64.6,US-Mexico border crossing,POINT (-112.45955 31.90148)
2021-05-04,2021.0,5,ARIZONA,1,"Harsh environmental conditions / lack of adequate shelter, food, water",64.6,US-Mexico border crossing,POINT (-109.73311 31.35874)
2021-05-06,2021.0,5,ARIZONA,1,"Harsh environmental conditions / lack of adequate shelter, food, water",64.6,US-Mexico border crossing,POINT (-110.91251 31.34606)
2021-05-07,2021.0,5,ARIZONA,1,"Harsh environmental conditions / lack of adequate shelter, food, water",64.6,US-Mexico border crossing,POINT (-112.144067 31.939967)
2021-05-11,2021.0,5,ARIZONA,1,Mixed or unknown,64.6,US-Mexico border crossing,POINT (-112.89613 31.93468)
2021-05-11,2021.0,5,ARIZONA,1,Mixed or unknown,64.6,US-Mexico border crossing,POINT (-111.04191 31.4640917)
2021-05-11,2021.0,5,ARIZONA,1,Mixed or unknown,64.6,US-Mexico border crossing,POINT (-113.25067 32.30748)
2021-05-12,2021.0,5,ARIZONA,1,Mixed or unknown,64.6,US-Mexico border crossing,POINT (-113.252225 32.31397)
2021-05-13,2021.0,5,ARIZONA,1,Mixed or unknown,64.6,US-Mexico border crossing,POINT (-109.6304977 31.3420069)
2021-05-14,2021.0,5,ARIZONA,1,Violence,64.6,US-Mexico border crossing,POINT (-111.7138504 32.20252803)
2021-05-15,2021.0,5,ARIZONA,1,Mixed or unknown,64.6,US-Mexico border crossing,POINT (-113.3156345 32.352205)
2021-05-15,2021.0,5,ARIZONA,1,Mixed or unknown,64.6,US-Mexico border crossing,POINT (-113.2892805 32.32535)
2021-05-18,2021.0,5,ARIZONA,1,Violence,64.6,US-Mexico border crossing,POINT (-110.994575 32.02243503)
2021-06-04,2021.0,6,TEXAS,1,Mixed or unknown,76.0,US-Mexico border crossing,POINT (-98.389507 27.127334)
2021-07-17,2021.0,7,TEXAS,1,Accidental death,80.5,US-Mexico border crossing,POINT (-97.742664 26.03362)
2021-07-26,2021.0,7,,1,Vehicle accident / death linked to hazardous transport,,US-Mexico border crossing,POINT (-106.482543 31.748986)
2021-07-25,2021.0,7,CALIFORNIA,1,Accidental death,77.4,US-Mexico border crossing,POINT (-116.980396 32.547702)
2021-07-26,2021.0,7,,1,Mixed or unknown,,US-Mexico border crossing,POINT (-106.527882 31.781506)
2021-06-03,2021.0,6,TEXAS,1,"Harsh environmental conditions / lack of adequate shelter, food, water",76.0,US-Mexico border crossing,POINT (-98.145864 26.931274)
2021-05-18,2021.0,5,TEXAS,1,"Harsh environmental conditions / lack of adequate shelter, food, water",67.8,US-Mexico border crossing,POINT (-98.191523 27.156479)
2021-04-13,2021.0,4,,1,Drowning,,US-Mexico border crossing,POINT (-99.51176313 27.49945981)
2021-06-13,2021.0,6,ARIZONA,1,"Harsh environmental conditions / lack of adequate shelter, food, water",74.4,US-Mexico border crossing,POINT (-114.5297033 32.45678168)
2021-06-16,2021.0,6,TEXAS,1,Accidental death,76.0,US-Mexico border crossing,POINT (-97.49857221 25.89925589)
2021-06-22,2021.0,6,TEXAS,2,Drowning,76.0,US-Mexico border crossing,POINT (-100.1366453 29.23247989)
2021-07-22,2021.0,7,TEXAS,1,"Harsh environmental conditions / lack of adequate shelter, food, water",80.5,US-Mexico border crossing,POINT (-99.91022804 28.51079403)
2021-07-23,2021.0,7,TEXAS,1,Vehicle accident / death linked to hazardous transport,80.5,US-Mexico border crossing,POINT (-99.84738576 29.2631881)
2021-07-26,2021.0,7,TEXAS,2,Drowning,80.5,US-Mexico border crossing,POINT (-98.45438095 26.22189127)
2021-07-27,2021.0,7,,1,Accidental death,,US-Mexico border crossing,POINT (-116.9361241 32.55042921)
2021-07-27,2021.0,7,TEXAS,1,Vehicle accident / death linked to hazardous transport,80.5,US-Mexico border crossing,POINT (-106.4644307 31.77578307)
2021-07-31,2021.0,7,TEXAS,1,Sickness / lack of access to adequate healthcare,80.5,US-Mexico border crossing,POINT (-97.84983 27.491216)
2021-08-01,2021.0,8,ARIZONA,1,"Harsh environmental conditions / lack of adequate shelter, food, water",80.4,US-Mexico border crossing,POINT (-114.579342 32.468858)
2021-08-04,2021.0,8,TEXAS,3,Vehicle accident / death linked to hazardous transport,81.4,US-Mexico border crossing,POINT (-98.13787 26.93791)
2021-08-04,2021.0,8,TEXAS,1,Vehicle accident / death linked to hazardous transport,81.4,US-Mexico border crossing,POINT (-98.13787 26.93791)
2021-08-04,2021.0,8,TEXAS,6,Vehicle accident / death linked to hazardous transport,81.4,US-Mexico border crossing,POINT (-98.13787 26.93791)
2021-08-09,2021.0,8,ARIZONA,3,Vehicle accident / death linked to hazardous transport,80.4,US-Mexico border crossing,POINT (-111.38443 32.64174)
2021-08-06,2021.0,8,TEXAS,1,"Harsh environmental conditions / lack of adequate shelter, food, water",81.4,US-Mexico border crossing,POINT (-98.85824 26.37642)
2021-08-02,2021.0,8,TEXAS,1,Mixed or unknown,81.4,US-Mexico border crossing,POINT (-100.32759 28.50998)
2021-07-23,2021.0,7,ARIZONA,1,"Harsh environmental conditions / lack of adequate shelter, food, water",81.0,US-Mexico border crossing,POINT (-110.9037255 32.20058324)
2021-04-25,2021.0,4,TEXAS,1,Vehicle accident / death linked to hazardous transport,61.6,US-Mexico border crossing,POINT (-98.52277691 29.42595636)
2021-06-07,2021.0,6,ARIZONA,1,Accidental death,74.4,US-Mexico border crossing,POINT (-111.3711987 31.57152368)
2021-06-26,2021.0,6,CALIFORNIA,1,"Harsh environmental conditions / lack of adequate shelter, food, water",69.7,US-Mexico border crossing,POINT (-116.2463698 32.65485255)
2021-06-25,2021.0,6,ARIZONA,1,"Harsh environmental conditions / lack of adequate shelter, food, water",74.4,US-Mexico border crossing,POINT (-110.9037255 32.20058324)
2021-06-23,2021.0,6,TEXAS,2,Drowning,76.0,US-Mexico border crossing,POINT (-100.3304508 28.94451373)
2021-06-23,2021.0,6,TEXAS,2,Vehicle accident / death linked to hazardous transport,76.0,US-Mexico border crossing,POINT (-99.51220273 27.5236535)
2021-06-25,2021.0,6,TEXAS,1,Vehicle accident / death linked to hazardous transport,76.0,US-Mexico border crossing,POINT (-99.51220273 27.5236535)
2021-08-04,2021.0,8,TEXAS,1,Sickness / lack of access to adequate healthcare,81.4,US-Mexico border crossing,POINT (-98.21819255 27.00871835)
2021-07-20,2021.0,7,,1,"Harsh environmental conditions / lack of adequate shelter, food, water",,US-Mexico border crossing,POINT (-113.0617515 31.94160047)
2021-08-12,2021.0,8,TEXAS,1,Violence,81.4,US-Mexico border crossing,POINT (-97.28283767 28.2610827)
2021-08-11,2021.0,8,TEXAS,1,Mixed or unknown,81.4,US-Mexico border crossing,POINT (-98.15655782 26.46599024)
2021-08-07,2021.0,8,TEXAS,1,"Harsh environmental conditions / lack of adequate shelter, food, water",81.4,US-Mexico border crossing,POINT (-98.82241169 26.37605154)
2021-08-10,2021.0,8,TEXAS,1,"Harsh environmental conditions / lack of adequate shelter, food, water",81.4,US-Mexico border crossing,POINT (-106.1672751 31.9174752)
2021-08-19,2021.0,8,ARIZONA,1,"Harsh environmental conditions / lack of adequate shelter, food, water",80.4,US-Mexico border crossing,POINT (-114.7907489 32.54940206)
2021-08-21,2021.0,8,TEXAS,1,Accidental death,81.4,US-Mexico border crossing,POINT (-98.27543458 26.09821363)
2021-08-19,2021.0,8,,2,Drowning,,US-Mexico border crossing,POINT (-100.5093765 28.69539491)
2021-09-03,2021.0,9,,1,Accidental death,,US-Mexico border crossing,POINT (-99.49905339 27.49942429)
2021-08-27,2021.0,8,TEXAS,1,"Harsh environmental conditions / lack of adequate shelter, food, water",81.4,US-Mexico border crossing,POINT (-98.61748442 26.29722611)
2021-09-02,2021.0,9,TEXAS,1,Vehicle accident / death linked to hazardous transport,80.0,US-Mexico border crossing,POINT (-104.9682547 31.05035663)
2021-08-21,2021.0,8,TEXAS,1,Accidental death,81.4,US-Mexico border crossing,POINT (-98.26867505 26.10671821)
2021-05-15,2021.0,5,ARIZONA,1,"Harsh environmental conditions / lack of adequate shelter, food, water",64.6,US-Mexico border crossing,POINT (-114.6899039 32.70290613)
2021-07-25,2021.0,7,TEXAS,2,Violence,80.5,US-Mexico border crossing,POINT (-99.50095608 27.36813494)
2021-08-21,2021.0,8,ARIZONA,2,"Harsh environmental conditions / lack of adequate shelter, food, water",80.4,US-Mexico border crossing,POINT (-114.4240425 32.78876975)
2021-08-29,2021.0,8,NEW MEXICO,1,"Harsh environmental conditions / lack of adequate shelter, food, water",72.7,US-Mexico border crossing,POINT (-109.004287 32.060232)
2021-09-01,2021.0,9,TEXAS,1,Sickness / lack of access to adequate healthcare,80.0,US-Mexico border crossing,POINT (-99.85643843 28.52618709)
2021-09-06,2021.0,9,TEXAS,1,"Harsh environmental conditions / lack of adequate shelter, food, water",80.0,US-Mexico border crossing,POINT (-99.84701076 29.1789173)
2021-08-29,2021.0,8,TEXAS,1,Vehicle accident / death linked to hazardous transport,81.4,US-Mexico border crossing,POINT (-100.3103166 28.48411159)
2021-09-03,2021.0,9,CALIFORNIA,1,Accidental death,74.6,US-Mexico border crossing,POINT (-115.4086633 32.6715071)
2021-09-07,2021.0,9,TEXAS,1,Vehicle accident / death linked to hazardous transport,80.0,US-Mexico border crossing,POINT (-98.15002754 27.16301763)
2021-09-13,2021.0,9,TEXAS,1,"Harsh environmental conditions / lack of adequate shelter, food, water",80.0,US-Mexico border crossing,POINT (-98.13619776 27.17189336)
2021-09-20,2021.0,9,TEXAS,1,"Harsh environmental conditions / lack of adequate shelter, food, water",80.0,US-Mexico border crossing,POINT (-99.93694979 28.51515365)
2021-09-24,2021.0,9,TEXAS,1,Sickness / lack of access to adequate healthcare,80.0,US-Mexico border crossing,POINT (-98.85966871 26.37700292)
2021-09-18,2021.0,9,NEW MEXICO,1,Vehicle accident / death linked to hazardous transport,70.2,US-Mexico border crossing,POINT (-107.7514501 32.24412859)
2021-09-25,2021.0,9,TEXAS,3,Vehicle accident / death linked to hazardous transport,80.0,US-Mexico border crossing,POINT (-99.84974059 28.95496316)
2021-08-29,2021.0,8,ARIZONA,1,"Harsh environmental conditions / lack of adequate shelter, food, water",80.4,US-Mexico border crossing,POINT (-112.8477302 31.91070632)
2021-09-20,2021.0,9,TEXAS,1,Mixed or unknown,80.0,US-Mexico border crossing,POINT (-99.47857279 27.53314626)
2021-09-30,2021.0,9,TEXAS,1,Violence,80.0,US-Mexico border crossing,POINT (-98.23087679 27.12549763)
2021-10-05,2021.0,10,TEXAS,1,Mixed or unknown,74.0,US-Mexico border crossing,POINT (-98.126699 27.247328)
2021-06-30,2021.0,6,TEXAS,13,Mixed or unknown,76.0,US-Mexico border crossing,POINT (-98.126699 27.247328)
2021-05-31,2021.0,5,TEXAS,34,Mixed or unknown,67.8,US-Mexico border crossing,POINT (-98.126699 27.247328)
2021-10-01,2021.0,10,TEXAS,43,Mixed or unknown,74.0,US-Mexico border crossing,POINT (-98.126699 27.247328)
2021-08-15,2021.0,8,TEXAS,37,Mixed or unknown,81.4,US-Mexico border crossing,POINT (-99.43051646 27.53180696)
2021-07-11,2021.0,7,COLORADO,6,Mixed or unknown,67.8,US-Mexico border crossing,POINT (-102.7255099 40.12453287)
2021-10-07,2021.0,10,TEXAS,1,"Harsh environmental conditions / lack of adequate shelter, food, water",74.0,US-Mexico border crossing,POINT (-104.8442303 31.01237785)
2021-09-18,2021.0,9,NEW MEXICO,1,"Harsh environmental conditions / lack of adequate shelter, food, water",70.2,US-Mexico border crossing,POINT (-107.791959 32.12352575)
2021-09-20,2021.0,9,ARIZONA,1,"Harsh environmental conditions / lack of adequate shelter, food, water",77.2,US-Mexico border crossing,POINT (-110.5212405 31.35750937)
2021-10-18,2021.0,10,TEXAS,1,Mixed or unknown,74.0,US-Mexico border crossing,POINT (-99.06444925 26.51367847)
2021-10-29,2021.0,10,TEXAS,4,Vehicle accident / death linked to hazardous transport,74.0,US-Mexico border crossing,POINT (-104.843594 31.482035)
2021-10-29,2021.0,10,CALIFORNIA,1,Drowning,65.2,US-Mexico border crossing,POINT (-117.124306 32.537111)
2021-10-28,2021.0,10,TEXAS,1,Accidental death,74.0,US-Mexico border crossing,POINT (-100.528801 28.765054)
2021-10-11,2021.0,10,TEXAS,1,Accidental death,74.0,US-Mexico border crossing,POINT (-97.65474969 27.78481746)
2021-05-18,2021.0,5,ARIZONA,1,"Harsh environmental conditions / lack of adequate shelter, food, water",64.6,US-Mexico border crossing,POINT (-111.0571385 31.64276473)
2021-05-18,2021.0,5,ARIZONA,1,"Harsh environmental conditions / lack of adequate shelter, food, water",64.6,US-Mexico border crossing,POINT (-111.747142 32.008629)
2021-05-19,2021.0,5,ARIZONA,1,Violence,64.6,US-Mexico border crossing,POINT (-111.640399 32.013413)
2021-05-22,2021.0,5,ARIZONA,1,"Harsh environmental conditions / lack of adequate shelter, food, water",64.6,US-Mexico border crossing,POINT (-111.8504635 32.2700864)
2021-05-27,2021.0,5,ARIZONA,1,"Harsh environmental conditions / lack of adequate shelter, food, water",64.6,US-Mexico border crossing,POINT (-109.217 31.4943)
2021-05-27,2021.0,5,ARIZONA,1,"Harsh environmental conditions / lack of adequate shelter, food, water",64.6,US-Mexico border crossing,POINT (-111.2393548 31.58979734)
2021-05-28,2021.0,5,ARIZONA,1,Violence,64.6,US-Mexico border crossing,POINT (-111.23446 31.54269)
2021-06-01,2021.0,6,ARIZONA,1,"Harsh environmental conditions / lack of adequate shelter, food, water",74.4,US-Mexico border crossing,POINT (-111.005163 31.73991)
2021-06-03,2021.0,6,ARIZONA,1,"Harsh environmental conditions / lack of adequate shelter, food, water",74.4,US-Mexico border crossing,POINT (-112.00154 32.72816)
2021-06-03,2021.0,6,ARIZONA,1,Mixed or unknown,74.4,US-Mexico border crossing,POINT (-112.883883 31.946783)
2021-06-05,2021.0,6,ARIZONA,1,Mixed or unknown,74.4,US-Mexico border crossing,POINT (-111.07666 31.73784)
2021-06-05,2021.0,6,ARIZONA,1,"Harsh environmental conditions / lack of adequate shelter, food, water",74.4,US-Mexico border crossing,POINT (-111.93755 31.701283)
2021-06-06,2021.0,6,ARIZONA,1,"Harsh environmental conditions / lack of adequate shelter, food, water",74.4,US-Mexico border crossing,POINT (-110.76178 31.40201)
2021-06-13,2021.0,6,ARIZONA,1,"Harsh environmental conditions / lack of adequate shelter, food, water",74.4,US-Mexico border crossing,POINT (-111.72823 31.59423)
2021-06-07,2021.0,6,ARIZONA,1,Mixed or unknown,74.4,US-Mexico border crossing,POINT (-111.76411 31.87598)
2021-06-08,2021.0,6,ARIZONA,1,"Harsh environmental conditions / lack of adequate shelter, food, water",74.4,US-Mexico border crossing,POINT (-112.16498 31.73016)
2021-06-08,2021.0,6,ARIZONA,1,"Harsh environmental conditions / lack of adequate shelter, food, water",74.4,US-Mexico border crossing,POINT (-111.35616 31.828)
2021-06-11,2021.0,6,ARIZONA,1,"Harsh environmental conditions / lack of adequate shelter, food, water",74.4,US-Mexico border crossing,POINT (-112.14945 31.975733)
2021-06-12,2021.0,6,ARIZONA,1,Mixed or unknown,74.4,US-Mexico border crossing,POINT (-111.975583 32.7656389)
2021-06-13,2021.0,6,ARIZONA,1,"Harsh environmental conditions / lack of adequate shelter, food, water",74.4,US-Mexico border crossing,POINT (-111.88175 31.59371)
2021-06-13,2021.0,6,ARIZONA,1,Mixed or unknown,74.4,US-Mexico border crossing,POINT (-111.856917 31.6654)
2021-06-14,2021.0,6,ARIZONA,1,"Harsh environmental conditions / lack of adequate shelter, food, water",74.4,US-Mexico border crossing,POINT (-111.67391 31.87142)
2021-06-14,2021.0,6,ARIZONA,1,"Harsh environmental conditions / lack of adequate shelter, food, water",74.4,US-Mexico border crossing,POINT (-110.975182 31.384382)
2021-06-15,2021.0,6,ARIZONA,1,"Harsh environmental conditions / lack of adequate shelter, food, water",74.4,US-Mexico border crossing,POINT (-112.139983 31.842883)
2021-06-15,2021.0,6,ARIZONA,1,Mixed or unknown,74.4,US-Mexico border crossing,POINT (-111.8814 31.673833)
2021-06-16,2021.0,6,ARIZONA,1,"Harsh environmental conditions / lack of adequate shelter, food, water",74.4,US-Mexico border crossing,POINT (-111.11985 31.625417)
2021-06-17,2021.0,6,ARIZONA,1,"Harsh environmental conditions / lack of adequate shelter, food, water",74.4,US-Mexico border crossing,POINT (-110.102389 31.365315)
2021-06-18,2021.0,6,ARIZONA,1,"Harsh environmental conditions / lack of adequate shelter, food, water",74.4,US-Mexico border crossing,POINT (-111.83726 31.87844)
2021-06-17,2021.0,6,ARIZONA,1,"Harsh environmental conditions / lack of adequate shelter, food, water",74.4,US-Mexico border crossing,POINT (-111.27506 32.20701)
2021-06-20,2021.0,6,ARIZONA,1,"Harsh environmental conditions / lack of adequate shelter, food, water",74.4,US-Mexico border crossing,POINT (-111.493689 31.903966)
2021-06-21,2021.0,6,ARIZONA,1,"Harsh environmental conditions / lack of adequate shelter, food, water",74.4,US-Mexico border crossing,POINT (-111.3473 31.8454)
2021-06-21,2021.0,6,ARIZONA,1,"Harsh environmental conditions / lack of adequate shelter, food, water",74.4,US-Mexico border crossing,POINT (-110.10595 31.38989)
2021-06-21,2021.0,6,ARIZONA,1,"Harsh environmental conditions / lack of adequate shelter, food, water",74.4,US-Mexico border crossing,POINT (-111.51941 31.63675)
2021-06-22,2021.0,6,ARIZONA,1,"Harsh environmental conditions / lack of adequate shelter, food, water",74.4,US-Mexico border crossing,POINT (-112.560717 31.816233)
2021-06-22,2021.0,6,ARIZONA,1,"Harsh environmental conditions / lack of adequate shelter, food, water",74.4,US-Mexico border crossing,POINT (-112.1309 31.86785)
2021-06-28,2021.0,6,ARIZONA,1,Mixed or unknown,74.4,US-Mexico border crossing,POINT (-111.85005 31.67793)
2021-06-22,2021.0,6,ARIZONA,1,"Harsh environmental conditions / lack of adequate shelter, food, water",74.4,US-Mexico border crossing,POINT (-111.722799 31.579227)
2021-06-24,2021.0,6,ARIZONA,1,Mixed or unknown,74.4,US-Mexico border crossing,POINT (-113.13169 32.40244)
2021-06-24,2021.0,6,ARIZONA,1,Mixed or unknown,74.4,US-Mexico border crossing,POINT (-112.1430215 32.0577019)
2021-06-25,2021.0,6,ARIZONA,1,"Harsh environmental conditions / lack of adequate shelter, food, water",74.4,US-Mexico border crossing,POINT (-111.99042 32.59528)
2021-06-29,2021.0,6,ARIZONA,1,Mixed or unknown,74.4,US-Mexico border crossing,POINT (-113.13169 32.40244)
2021-06-26,2021.0,6,ARIZONA,1,Mixed or unknown,74.4,US-Mexico border crossing,POINT (-113.272667 32.0805)
2021-06-28,2021.0,6,ARIZONA,1,"Harsh environmental conditions / lack of adequate shelter, food, water",74.4,US-Mexico border crossing,POINT (-111.781767 31.82985)
2021-06-28,2021.0,6,ARIZONA,1,Violence,74.4,US-Mexico border crossing,POINT (-111.3146667 31.60263689)
2021-06-28,2021.0,6,ARIZONA,1,"Harsh environmental conditions / lack of adequate shelter, food, water",74.4,US-Mexico border crossing,POINT (-111.743167 31.5835)
2021-06-29,2021.0,6,ARIZONA,1,"Harsh environmental conditions / lack of adequate shelter, food, water",74.4,US-Mexico border crossing,POINT (-112.3656 31.93265)
2021-06-29,2021.0,6,ARIZONA,1,Mixed or unknown,74.4,US-Mexico border crossing,POINT (-111.953683 31.791667)
2021-06-29,2021.0,6,ARIZONA,1,Mixed or unknown,74.4,US-Mexico border crossing,POINT (-111.803 31.62846)
2021-06-30,2021.0,6,ARIZONA,1,"Harsh environmental conditions / lack of adequate shelter, food, water",74.4,US-Mexico border crossing,POINT (-111.839814 31.906839)
2021-06-30,2021.0,6,ARIZONA,1,Mixed or unknown,74.4,US-Mexico border crossing,POINT (-111.65485 32.416533)
2021-06-30,2021.0,6,ARIZONA,1,"Harsh environmental conditions / lack of adequate shelter, food, water",74.4,US-Mexico border crossing,POINT (-110.09 31.3694)
2021-07-02,2021.0,7,ARIZONA,1,Mixed or unknown,81.0,US-Mexico border crossing,POINT (-111.73212 31.5991)
2021-07-06,2021.0,7,ARIZONA,1,Mixed or unknown,81.0,US-Mexico border crossing,POINT (-109.32333 31.49607)
2021-07-06,2021.0,7,ARIZONA,1,"Harsh environmental conditions / lack of adequate shelter, food, water",81.0,US-Mexico border crossing,POINT (-110.7475 31.5115)
2021-07-08,2021.0,7,ARIZONA,1,"Harsh environmental conditions / lack of adequate shelter, food, water",81.0,US-Mexico border crossing,POINT (-111.882083 31.705467)
2021-07-08,2021.0,7,ARIZONA,1,"Harsh environmental conditions / lack of adequate shelter, food, water",81.0,US-Mexico border crossing,POINT (-111.7615 31.90575)
2021-07-09,2021.0,7,ARIZONA,1,"Harsh environmental conditions / lack of adequate shelter, food, water",81.0,US-Mexico border crossing,POINT (-109.49583 31.59611)
2021-07-10,2021.0,7,ARIZONA,1,"Harsh environmental conditions / lack of adequate shelter, food, water",81.0,US-Mexico border crossing,POINT (-113.14451 32.39112)
2021-07-12,2021.0,7,ARIZONA,1,Mixed or unknown,81.0,US-Mexico border crossing,POINT (-113.1905203 32.1173598)
2021-07-13,2021.0,7,ARIZONA,1,Mixed or unknown,81.0,US-Mexico border crossing,POINT (-111.9799 31.99301)
2021-07-23,2021.0,7,ARIZONA,1,"Harsh environmental conditions / lack of adequate shelter, food, water",81.0,US-Mexico border crossing,POINT (-111.9938 31.684917)
2021-07-16,2021.0,7,ARIZONA,1,Mixed or unknown,81.0,US-Mexico border crossing,POINT (-111.969108 31.757097)
2021-07-16,2021.0,7,ARIZONA,1,Mixed or unknown,81.0,US-Mexico border crossing,POINT (-111.581589 32.506477)
2021-07-16,2021.0,7,ARIZONA,1,"Harsh environmental conditions / lack of adequate shelter, food, water",81.0,US-Mexico border crossing,POINT (-111.37328 31.96975)
2021-07-17,2021.0,7,ARIZONA,1,Mixed or unknown,81.0,US-Mexico border crossing,POINT (-111.6265 31.784217)
2021-07-18,2021.0,7,ARIZONA,1,"Harsh environmental conditions / lack of adequate shelter, food, water",81.0,US-Mexico border crossing,POINT (-111.838418 31.65658)
2021-07-20,2021.0,7,ARIZONA,1,"Harsh environmental conditions / lack of adequate shelter, food, water",81.0,US-Mexico border crossing,POINT (-110.053722 31.375806)
2021-07-20,2021.0,7,ARIZONA,1,Violence,81.0,US-Mexico border crossing,POINT (-111.408201 32.657916)
2021-07-20,2021.0,7,ARIZONA,1,"Harsh environmental conditions / lack of adequate shelter, food, water",81.0,US-Mexico border crossing,POINT (-112.58185 31.915917)
2021-07-23,2021.0,7,ARIZONA,1,Mixed or unknown,81.0,US-Mexico border crossing,POINT (-113.2485 32.140333)
2021-07-26,2021.0,7,ARIZONA,1,Mixed or unknown,81.0,US-Mexico border crossing,POINT (-113.245333 32.259483)
2021-07-30,2021.0,7,,1,Mixed or unknown,,US-Mexico border crossing,POINT (-112.917883 31.9107)
2021-08-04,2021.0,8,ARIZONA,1,Mixed or unknown,80.4,US-Mexico border crossing,POINT (-111.268396 31.67463)
2021-08-06,2021.0,8,ARIZONA,1,Mixed or unknown,80.4,US-Mexico border crossing,POINT (-113.33299 32.28479)
2021-08-07,2021.0,8,ARIZONA,1,Mixed or unknown,80.4,US-Mexico border crossing,POINT (-111.9433027 31.9548594)
2021-08-07,2021.0,8,ARIZONA,1,"Harsh environmental conditions / lack of adequate shelter, food, water",80.4,US-Mexico border crossing,POINT (-109.4876 31.348334)
2021-08-07,2021.0,8,ARIZONA,1,"Harsh environmental conditions / lack of adequate shelter, food, water",80.4,US-Mexico border crossing,POINT (-111.0442281 32.35807965)
2021-08-09,2021.0,8,ARIZONA,1,Mixed or unknown,80.4,US-Mexico border crossing,POINT (-111.0858 31.7813)
2021-08-09,2021.0,8,ARIZONA,1,Mixed or unknown,80.4,US-Mexico border crossing,POINT (-111.98705 31.724367)
2021-08-11,2021.0,8,ARIZONA,1,"Harsh environmental conditions / lack of adequate shelter, food, water",80.4,US-Mexico border crossing,POINT (-111.86031 31.66081)
2021-08-16,2021.0,8,ARIZONA,1,Mixed or unknown,80.4,US-Mexico border crossing,POINT (-111.8814056 31.8624492)
2021-08-20,2021.0,8,ARIZONA,1,Mixed or unknown,80.4,US-Mexico border crossing,POINT (-112.67819 32.45723)
2021-08-24,2021.0,8,ARIZONA,1,Mixed or unknown,80.4,US-Mexico border crossing,POINT (-113.11405 32.37884)
2021-08-24,2021.0,8,ARIZONA,1,Mixed or unknown,80.4,US-Mexico border crossing,POINT (-112.1308 31.769917)
2021-08-26,2021.0,8,ARIZONA,1,"Harsh environmental conditions / lack of adequate shelter, food, water",80.4,US-Mexico border crossing,POINT (-111.7345073 31.9773935)
2021-08-31,2021.0,8,ARIZONA,1,Mixed or unknown,80.4,US-Mexico border crossing,POINT (-112.365833 31.935556)
2021-08-30,2021.0,8,ARIZONA,1,Mixed or unknown,80.4,US-Mexico border crossing,POINT (-112.4077 31.88375)
2021-08-31,2021.0,8,ARIZONA,1,Mixed or unknown,80.4,US-Mexico border crossing,POINT (-112.2135 32.065317)
2021-09-01,2021.0,9,ARIZONA,1,"Harsh environmental conditions / lack of adequate shelter, food, water",77.2,US-Mexico border crossing,POINT (-111.008056 31.421389)
2021-09-03,2021.0,9,ARIZONA,1,Mixed or unknown,77.2,US-Mexico border crossing,POINT (-111.0075 31.421667)
2021-09-03,2021.0,9,ARIZONA,1,"Harsh environmental conditions / lack of adequate shelter, food, water",77.2,US-Mexico border crossing,POINT (-112.58355 31.967333)
2021-09-03,2021.0,9,ARIZONA,1,"Harsh environmental conditions / lack of adequate shelter, food, water",77.2,US-Mexico border crossing,POINT (-112.0191 31.686067)
2021-09-03,2021.0,9,ARIZONA,1,"Harsh environmental conditions / lack of adequate shelter, food, water",77.2,US-Mexico border crossing,POINT (-112.050117 31.663367)
2021-09-05,2021.0,9,ARIZONA,1,"Harsh environmental conditions / lack of adequate shelter, food, water",77.2,US-Mexico border crossing,POINT (-111.062826 31.679026)
2021-09-08,2021.0,9,ARIZONA,1,"Harsh environmental conditions / lack of adequate shelter, food, water",77.2,US-Mexico border crossing,POINT (-112.145533 32.642067)
2021-09-07,2021.0,9,ARIZONA,1,"Harsh environmental conditions / lack of adequate shelter, food, water",77.2,US-Mexico border crossing,POINT (-112.359017 32.226967)
2021-09-08,2021.0,9,ARIZONA,1,"Harsh environmental conditions / lack of adequate shelter, food, water",77.2,US-Mexico border crossing,POINT (-112.71192 32.01597)
2021-09-09,2021.0,9,ARIZONA,1,Mixed or unknown,77.2,US-Mexico border crossing,POINT (-111.85433 31.66209)
2021-09-09,2021.0,9,ARIZONA,1,"Harsh environmental conditions / lack of adequate shelter, food, water",77.2,US-Mexico border crossing,POINT (-112.144633 31.824417)
2021-09-09,2021.0,9,ARIZONA,1,Mixed or unknown,77.2,US-Mexico border crossing,POINT (-112.858 31.898)
2021-09-10,2021.0,9,ARIZONA,1,Mixed or unknown,77.2,US-Mexico border crossing,POINT (-113.127895 32.412094)
2021-09-22,2021.0,9,ARIZONA,1,Mixed or unknown,77.2,US-Mexico border crossing,POINT (-113.12907 32.41607)
2021-09-11,2021.0,9,ARIZONA,1,Mixed or unknown,77.2,US-Mexico border crossing,POINT (-112.766149 32.143655)
2021-09-14,2021.0,9,ARIZONA,1,Mixed or unknown,77.2,US-Mexico border crossing,POINT (-112.13031 32.02558)
2021-09-13,2021.0,9,ARIZONA,1,Mixed or unknown,77.2,US-Mexico border crossing,POINT (-109.08638 31.41571)
2021-11-11,2021.0,11,TEXAS,1,Mixed or unknown,63.6,US-Mexico border crossing,POINT (-105.367605 30.919475)
2021-11-11,2021.0,11,TEXAS,12,Mixed or unknown,63.6,US-Mexico border crossing,POINT (-105.526907 31.34266)
2021-11-03,2021.0,11,TEXAS,1,Mixed or unknown,63.6,US-Mexico border crossing,POINT (-100.3980276 28.69718335)
2021-11-20,2021.0,11,TEXAS,1,Mixed or unknown,63.6,US-Mexico border crossing,POINT (-98.2218036 26.18597568)
2021-11-18,2021.0,11,TEXAS,1,"Harsh environmental conditions / lack of adequate shelter, food, water",63.6,US-Mexico border crossing,POINT (-100.2978741 28.50894329)
2021-11-09,2021.0,11,TEXAS,1,Vehicle accident / death linked to hazardous transport,63.6,US-Mexico border crossing,POINT (-99.39363979 27.35145783)
2021-11-12,2021.0,11,TEXAS,1,Vehicle accident / death linked to hazardous transport,63.6,US-Mexico border crossing,POINT (-99.47690982 27.46325091)
2021-11-12,2021.0,11,TEXAS,1,Vehicle accident / death linked to hazardous transport,63.6,US-Mexico border crossing,POINT (-99.47690982 27.46325091)
2021-11-22,2021.0,11,TEXAS,1,Sickness / lack of access to adequate healthcare,63.6,US-Mexico border crossing,POINT (-98.2218036 26.18597568)
2021-11-24,2021.0,11,TEXAS,1,Drowning,63.6,US-Mexico border crossing,POINT (-106.4227072 31.75327019)
2021-12-02,2021.0,12,,1,Accidental death,,US-Mexico border crossing,POINT (-106.1249055 31.42536159)
2021-09-15,2021.0,9,ARIZONA,1,Mixed or unknown,77.2,US-Mexico border crossing,POINT (-111.643853 32.489937)
2021-09-15,2021.0,9,ARIZONA,1,"Harsh environmental conditions / lack of adequate shelter, food, water",77.2,US-Mexico border crossing,POINT (-110.938056 31.418889)
2021-09-16,2021.0,9,ARIZONA,1,Mixed or unknown,77.2,US-Mexico border crossing,POINT (-111.6436 32.4559)
2021-09-20,2021.0,9,ARIZONA,1,"Harsh environmental conditions / lack of adequate shelter, food, water",77.2,US-Mexico border crossing,POINT (-109.37305 31.45417)
2021-08-20,2021.0,8,ARIZONA,1,"Harsh environmental conditions / lack of adequate shelter, food, water",80.4,US-Mexico border crossing,POINT (-111.1771 31.419583)
2021-09-22,2021.0,9,ARIZONA,1,Mixed or unknown,77.2,US-Mexico border crossing,POINT (-113.025369 32.305756)
2021-09-26,2021.0,9,ARIZONA,1,Mixed or unknown,77.2,US-Mexico border crossing,POINT (-111.7592845 32.021791)
2021-09-30,2021.0,9,ARIZONA,1,Mixed or unknown,77.2,US-Mexico border crossing,POINT (-111.42424 31.75722)
2021-09-30,2021.0,9,ARIZONA,1,"Harsh environmental conditions / lack of adequate shelter, food, water",77.2,US-Mexico border crossing,POINT (-111.24361 31.51061)
2021-10-02,2021.0,10,ARIZONA,1,Mixed or unknown,67.4,US-Mexico border crossing,POINT (-111.709361 32.46229)
2021-10-02,2021.0,10,ARIZONA,1,"Harsh environmental conditions / lack of adequate shelter, food, water",67.4,US-Mexico border crossing,POINT (-111.636 32.456583)
2021-10-05,2021.0,10,ARIZONA,1,Mixed or unknown,67.4,US-Mexico border crossing,POINT (-113.12511 32.47055)
2021-10-06,2021.0,10,ARIZONA,1,Mixed or unknown,67.4,US-Mexico border crossing,POINT (-113.11639 32.47054)
2021-10-08,2021.0,10,ARIZONA,1,Mixed or unknown,67.4,US-Mexico border crossing,POINT (-111.67715 32.09045)
2021-10-11,2021.0,10,ARIZONA,1,Mixed or unknown,67.4,US-Mexico border crossing,POINT (-110.106028 31.447194)
2021-10-13,2021.0,10,ARIZONA,1,Mixed or unknown,67.4,US-Mexico border crossing,POINT (-111.9953 31.695683)
2021-11-14,2021.0,11,ARIZONA,1,Violence,57.9,US-Mexico border crossing,POINT (-110.707795 31.83074842)
2021-10-18,2021.0,10,ARIZONA,1,Violence,67.4,US-Mexico border crossing,POINT (-110.707795 31.83074842)
2021-10-20,2021.0,10,ARIZONA,1,Mixed or unknown,67.4,US-Mexico border crossing,POINT (-110.83563 31.51492)
2021-11-24,2021.0,11,ARIZONA,1,"Harsh environmental conditions / lack of adequate shelter, food, water",57.9,US-Mexico border crossing,POINT (-111.0488462 31.55340819)
2021-10-29,2021.0,10,ARIZONA,1,Mixed or unknown,67.4,US-Mexico border crossing,POINT (-113.15643 32.39344)
2021-11-03,2021.0,11,ARIZONA,1,Mixed or unknown,57.9,US-Mexico border crossing,POINT (-113.15721 32.39351)
2021-11-03,2021.0,11,ARIZONA,1,Mixed or unknown,57.9,US-Mexico border crossing,POINT (-113.1462 32.39028)
2021-11-04,2021.0,11,ARIZONA,1,Mixed or unknown,57.9,US-Mexico border crossing,POINT (-113.15846 32.39372)
2021-11-11,2021.0,11,ARIZONA,1,Mixed or unknown,57.9,US-Mexico border crossing,POINT (-112.019333 31.688633)
2021-12-05,2021.0,12,TEXAS,1,Mixed or unknown,58.2,US-Mexico border crossing,POINT (-104.6716081 30.92051284)
2021-09-22,2021.0,9,TEXAS,1,Mixed or unknown,80.0,US-Mexico border crossing,POINT (-96.7257861 28.95958079)
2021-12-03,2021.0,12,TEXAS,1,Vehicle accident / death linked to hazardous transport,58.2,US-Mexico border crossing,POINT (-98.525629 26.715491)
2021-12-17,2021.0,12,,1,Drowning,,US-Mexico border crossing,POINT (-100.906933 29.316474)
2021-12-16,2021.0,12,NEW MEXICO,1,Accidental death,44.8,US-Mexico border crossing,POINT (-106.590148 31.784103)
2021-12-25,2021.0,12,CALIFORNIA,1,Vehicle accident / death linked to hazardous transport,49.2,US-Mexico border crossing,POINT (-116.8548968 32.65243001)
2021-08-10,2021.0,8,NEW MEXICO,1,Vehicle accident / death linked to hazardous transport,72.7,US-Mexico border crossing,POINT (-106.816155 32.34638968)
2021-12-29,2021.0,12,,1,Drowning,,US-Mexico border crossing,POINT (-100.50903 28.6958926)
2021-08-15,2021.0,8,ARIZONA,1,"Harsh environmental conditions / lack of adequate shelter, food, water",80.4,US-Mexico border crossing,POINT (-114.78742 32.55613766)
2021-12-11,2021.0,12,ARIZONA,1,Mixed or unknown,50.7,US-Mexico border crossing,POINT (-111.771129 31.68336334)
2021-11-12,2021.0,11,ARIZONA,1,Mixed or unknown,57.9,US-Mexico border crossing,POINT (-111.642319 32.457526)
2021-11-12,2021.0,11,ARIZONA,1,Mixed or unknown,57.9,US-Mexico border crossing,POINT (-112.3544 31.7892)
2021-11-15,2021.0,11,ARIZONA,1,Mixed or unknown,57.9,US-Mexico border crossing,POINT (-111.984646 31.914255)
2021-11-15,2021.0,11,ARIZONA,1,Mixed or unknown,57.9,US-Mexico border crossing,POINT (-111.84184 31.944159)
2021-01-14,2021.0,1,TEXAS,1,Mixed or unknown,47.9,US-Mexico border crossing,POINT (-104.1625 30.564167)
2021-01-21,2021.0,1,TEXAS,1,Mixed or unknown,47.9,US-Mexico border crossing,POINT (-104.70336 30.55524)
2021-02-17,2021.0,2,TEXAS,1,Mixed or unknown,45.6,US-Mexico border crossing,POINT (-104.4017249 30.50953451)
2021-06-27,2021.0,6,TEXAS,1,Mixed or unknown,76.0,US-Mexico border crossing,POINT (-104.89828 30.5787)
2021-01-09,2021.0,1,CALIFORNIA,1,Mixed or unknown,45.5,US-Mexico border crossing,POINT (-115.985166 32.678482)
2021-01-14,2021.0,1,CALIFORNIA,1,Mixed or unknown,45.5,US-Mexico border crossing,POINT (-115.44769 32.67996)
2021-01-22,2021.0,1,CALIFORNIA,1,Mixed or unknown,45.5,US-Mexico border crossing,POINT (-115.3957 32.67263)
2021-01-26,2021.0,1,,1,Mixed or unknown,,US-Mexico border crossing,POINT (-115.3136 32.4013)
2021-03-02,2021.0,3,CALIFORNIA,1,Mixed or unknown,47.8,US-Mexico border crossing,POINT (-115.568425 32.779775)
2021-03-17,2021.0,3,CALIFORNIA,1,Drowning,47.8,US-Mexico border crossing,POINT (-115.535316 32.662476)
2021-03-21,2021.0,3,CALIFORNIA,1,Mixed or unknown,47.8,US-Mexico border crossing,POINT (-115.283277 32.695868)
2021-04-10,2021.0,4,CALIFORNIA,1,Drowning,53.2,US-Mexico border crossing,POINT (-114.874283 32.7326)
2021-04-15,2021.0,4,CALIFORNIA,1,Drowning,53.2,US-Mexico border crossing,POINT (-115.52638 32.67161)
2021-04-15,2021.0,4,CALIFORNIA,1,Drowning,53.2,US-Mexico border crossing,POINT (-115.45545 32.68642)
2021-04-17,2021.0,4,CALIFORNIA,1,Drowning,53.2,US-Mexico border crossing,POINT (-115.03065 32.70554)
2021-04-27,2021.0,4,CALIFORNIA,1,Drowning,53.2,US-Mexico border crossing,POINT (-115.428527 32.670309)
2021-05-01,2021.0,5,CALIFORNIA,1,"Harsh environmental conditions / lack of adequate shelter, food, water",61.4,US-Mexico border crossing,POINT (-116.008278 32.631388)
2021-05-06,2021.0,5,CALIFORNIA,1,Drowning,61.4,US-Mexico border crossing,POINT (-115.21855 32.70531)
2021-05-16,2021.0,5,CALIFORNIA,1,Accidental death,61.4,US-Mexico border crossing,POINT (-114.81577 32.758691)
2021-06-01,2021.0,6,CALIFORNIA,1,Mixed or unknown,69.7,US-Mexico border crossing,POINT (-114.81583 32.75695)
2021-06-19,2021.0,6,CALIFORNIA,1,Mixed or unknown,69.7,US-Mexico border crossing,POINT (-116.11895 32.78393)
2021-07-07,2021.0,7,CALIFORNIA,1,Mixed or unknown,77.4,US-Mexico border crossing,POINT (-114.888787 32.718267)
2021-07-09,2021.0,7,CALIFORNIA,1,Mixed or unknown,77.4,US-Mexico border crossing,POINT (-116.08127 32.6971)
2021-07-09,2021.0,7,CALIFORNIA,1,Mixed or unknown,77.4,US-Mexico border crossing,POINT (-115.568425 32.779775)
2021-07-12,2021.0,7,,1,Accidental death,,US-Mexico border crossing,POINT (-114.93214 32.1105)
2021-07-18,2021.0,7,CALIFORNIA,1,Drowning,77.4,US-Mexico border crossing,POINT (-115.40261 32.68717)
2021-08-09,2021.0,8,CALIFORNIA,1,"Harsh environmental conditions / lack of adequate shelter, food, water",78.4,US-Mexico border crossing,POINT (-115.4651 32.6755)
2021-08-26,2021.0,8,ARIZONA,1,Mixed or unknown,80.4,US-Mexico border crossing,POINT (-114.5397 32.4288)
2021-08-30,2021.0,8,CALIFORNIA,1,Drowning,78.4,US-Mexico border crossing,POINT (-115.218677 32.70527)
2021-08-09,2021.0,8,CALIFORNIA,1,Mixed or unknown,78.4,US-Mexico border crossing,POINT (-115.218055 32.755115)
2021-09-09,2021.0,9,CALIFORNIA,1,Drowning,74.6,US-Mexico border crossing,POINT (-115.01042 32.70568)
2021-09-11,2021.0,9,CALIFORNIA,2,Drowning,74.6,US-Mexico border crossing,POINT (-115.01042 32.70568)
2021-09-16,2021.0,9,CALIFORNIA,1,Drowning,74.6,US-Mexico border crossing,POINT (-115.01042 32.70568)
2021-09-24,2021.0,9,CALIFORNIA,1,Drowning,74.6,US-Mexico border crossing,POINT (-115.28403 32.69971)
2021-09-24,2021.0,9,CALIFORNIA,1,"Harsh environmental conditions / lack of adequate shelter, food, water",74.6,US-Mexico border crossing,POINT (-116.03436 32.68046)
2021-09-29,2021.0,9,CALIFORNIA,1,Mixed or unknown,74.6,US-Mexico border crossing,POINT (-115.004355 32.707885)
2021-10-21,2021.0,10,CALIFORNIA,1,Drowning,65.2,US-Mexico border crossing,POINT (-114.94273 32.71172)
2021-10-27,2021.0,10,CALIFORNIA,1,"Harsh environmental conditions / lack of adequate shelter, food, water",65.2,US-Mexico border crossing,POINT (-114.645175 32.768691)
2021-11-09,2021.0,11,CALIFORNIA,1,Drowning,56.5,US-Mexico border crossing,POINT (-115.45549 32.6865)
2021-04-15,2021.0,4,TEXAS,1,Sickness / lack of access to adequate healthcare,61.6,US-Mexico border crossing,POINT (-102.229673 31.916582)
2021-07-15,2021.0,7,TEXAS,1,Drowning,80.5,US-Mexico border crossing,POINT (-106.271576 31.557039)
2021-07-15,2021.0,7,TEXAS,1,Drowning,80.5,US-Mexico border crossing,POINT (-106.279259 31.5628152)
2021-08-27,2021.0,8,TEXAS,1,Violence,81.4,US-Mexico border crossing,POINT (-106.08232 31.440618)
2021-09-07,2021.0,9,TEXAS,1,Drowning,80.0,US-Mexico border crossing,POINT (-106.162186 31.504752)
2021-11-28,2021.0,11,,1,Violence,,US-Mexico border crossing,POINT (-106.149169 31.437216)
2021-01-25,2021.0,1,ARIZONA,1,Mixed or unknown,42.3,US-Mexico border crossing,POINT (-112.9377 32.20685)
2021-03-13,2021.0,3,ARIZONA,1,Mixed or unknown,48.0,US-Mexico border crossing,POINT (-113.238833 32.122583)
2021-04-22,2021.0,4,ARIZONA,1,Mixed or unknown,55.4,US-Mexico border crossing,POINT (-111.44147 32.06872)
2021-09-15,2021.0,9,ARIZONA,1,Mixed or unknown,77.2,US-Mexico border crossing,POINT (-113.252225 32.31397)
2021-10-28,2021.0,10,ARIZONA,1,"Harsh environmental conditions / lack of adequate shelter, food, water",67.4,US-Mexico border crossing,POINT (-111.81794 31.80436)
2021-11-12,2021.0,11,ARIZONA,1,Mixed or unknown,57.9,US-Mexico border crossing,POINT (-111.81471 31.79826)
2021-11-20,2021.0,11,ARIZONA,1,Mixed or unknown,57.9,US-Mexico border crossing,POINT (-110.380205 31.456738)
2021-11-24,2021.0,11,ARIZONA,1,"Harsh environmental conditions / lack of adequate shelter, food, water",57.9,US-Mexico border crossing,POINT (-112.20444 32.64411)
2021-11-25,2021.0,11,ARIZONA,1,Mixed or unknown,57.9,US-Mexico border crossing,POINT (-113.09374 32.83042)
2021-11-25,2021.0,11,ARIZONA,1,Mixed or unknown,57.9,US-Mexico border crossing,POINT (-112.2041 32.70415)
2021-11-25,2021.0,11,ARIZONA,1,Mixed or unknown,57.9,US-Mexico border crossing,POINT (-112.39055 32.7586)
2021-11-25,2021.0,11,ARIZONA,1,Mixed or unknown,57.9,US-Mexico border crossing,POINT (-112.651033 32.833267)
2021-11-29,2021.0,11,ARIZONA,1,Drowning,57.9,US-Mexico border crossing,POINT (-112.82253 32.924662)
2021-12-11,2021.0,12,ARIZONA,1,Drowning,50.7,US-Mexico border crossing,POINT (-112.890648 32.948507)
2021-12-14,2021.0,12,ARIZONA,1,Drowning,50.7,US-Mexico border crossing,POINT (-112.82233 32.924662)
2021-12-16,2021.0,12,ARIZONA,1,Mixed or unknown,50.7,US-Mexico border crossing,POINT (-113.012269 32.790879)
2021-12-24,2021.0,12,ARIZONA,1,Mixed or unknown,50.7,US-Mexico border crossing,POINT (-113.012269 32.791079)
2021-12-28,2021.0,12,ARIZONA,1,"Harsh environmental conditions / lack of adequate shelter, food, water",50.7,US-Mexico border crossing,POINT (-112.305556 32.790833)
2021-01-12,2021.0,1,NEW MEXICO,1,Accidental death,35.0,US-Mexico border crossing,POINT (-107.126 31.7837)
2021-02-04,2021.0,2,NEW MEXICO,1,Sickness / lack of access to adequate healthcare,36.1,US-Mexico border crossing,POINT (-106.672 31.7898)
2021-02-17,2021.0,2,NEW MEXICO,1,"Harsh environmental conditions / lack of adequate shelter, food, water",36.1,US-Mexico border crossing,POINT (-108.328 31.9662)
2021-03-09,2021.0,3,NEW MEXICO,1,Accidental death,41.0,US-Mexico border crossing,POINT (-107.058 31.7837)
2021-04-23,2021.0,4,NEW MEXICO,1,Mixed or unknown,49.0,US-Mexico border crossing,POINT (-106.567 31.7841)
2021-04-23,2021.0,4,NEW MEXICO,1,Mixed or unknown,49.0,US-Mexico border crossing,POINT (-108.588 31.8541)
2021-05-05,2021.0,5,NEW MEXICO,1,Mixed or unknown,58.0,US-Mexico border crossing,POINT (-106.99 32.5355)
2021-05-12,2021.0,5,NEW MEXICO,1,Mixed or unknown,58.0,US-Mexico border crossing,POINT (-108.524 32.0767)
2021-06-01,2021.0,6,NEW MEXICO,1,Mixed or unknown,67.9,US-Mexico border crossing,POINT (-106.594 31.7962)
2021-06-08,2021.0,6,NEW MEXICO,1,Accidental death,67.9,US-Mexico border crossing,POINT (-107.8160871 31.78474903)
2021-06-11,2021.0,6,NEW MEXICO,1,"Harsh environmental conditions / lack of adequate shelter, food, water",67.9,US-Mexico border crossing,POINT (-107.022 32.1052)
2021-06-13,2021.0,6,NEW MEXICO,1,"Harsh environmental conditions / lack of adequate shelter, food, water",67.9,US-Mexico border crossing,POINT (-106.7508279 31.84249097)
2021-06-15,2021.0,6,NEW MEXICO,1,"Harsh environmental conditions / lack of adequate shelter, food, water",67.9,US-Mexico border crossing,POINT (-108.227 31.8432)
2021-06-26,2021.0,6,NEW MEXICO,1,Mixed or unknown,67.9,US-Mexico border crossing,POINT (-109.01386 31.4045116)
2021-07-05,2021.0,7,NEW MEXICO,1,Sickness / lack of access to adequate healthcare,73.2,US-Mexico border crossing,POINT (-106.5673541 31.79247061)
2021-07-08,2021.0,7,NEW MEXICO,1,Mixed or unknown,73.2,US-Mexico border crossing,POINT (-106.6116 31.7978)
2021-07-11,2021.0,7,NEW MEXICO,1,"Harsh environmental conditions / lack of adequate shelter, food, water",73.2,US-Mexico border crossing,POINT (-108.183 31.8695)
2021-07-22,2021.0,7,NEW MEXICO,1,"Harsh environmental conditions / lack of adequate shelter, food, water",73.2,US-Mexico border crossing,POINT (-106.0714326 33.39819559)
2021-08-04,2021.0,8,NEW MEXICO,1,Accidental death,72.7,US-Mexico border crossing,POINT (-107.84449 31.97499)
2021-08-06,2021.0,8,NEW MEXICO,1,Mixed or unknown,72.7,US-Mexico border crossing,POINT (-107.739 31.9003)
2021-08-11,2021.0,8,NEW MEXICO,1,"Harsh environmental conditions / lack of adequate shelter, food, water",72.7,US-Mexico border crossing,POINT (-106.8314276 32.43273918)
2021-08-26,2021.0,8,NEW MEXICO,1,Mixed or unknown,72.7,US-Mexico border crossing,POINT (-107.20917 31.79966)
2021-08-29,2021.0,8,NEW MEXICO,1,Mixed or unknown,72.7,US-Mexico border crossing,POINT (-107.638376 31.843635)
2021-09-11,2021.0,9,NEW MEXICO,1,"Harsh environmental conditions / lack of adequate shelter, food, water",70.2,US-Mexico border crossing,POINT (-107.09656 32.65431)
2021-10-02,2021.0,10,NEW MEXICO,1,Mixed or unknown,61.9,US-Mexico border crossing,POINT (-106.579703 31.797018)
2021-10-22,2021.0,10,NEW MEXICO,1,"Harsh environmental conditions / lack of adequate shelter, food, water",61.9,US-Mexico border crossing,POINT (-108.13586 31.8728533)
2021-11-09,2021.0,11,NEW MEXICO,1,Mixed or unknown,51.6,US-Mexico border crossing,POINT (-107.85911 32.2061331)
2021-11-15,2021.0,11,NEW MEXICO,1,Accidental death,51.6,US-Mexico border crossing,POINT (-106.5659 31.78393)
2021-11-23,2021.0,11,NEW MEXICO,1,Sickness / lack of access to adequate healthcare,51.6,US-Mexico border crossing,POINT (-106.286233 32.0620137)
2021-01-06,2021.0,1,CALIFORNIA,1,Accidental death,45.5,US-Mexico border crossing,POINT (-116.98241 32.547017)
2021-01-12,2021.0,1,CALIFORNIA,1,Mixed or unknown,45.5,US-Mexico border crossing,POINT (-116.422399 32.861158)
2021-02-03,2021.0,2,CALIFORNIA,1,Accidental death,46.4,US-Mexico border crossing,POINT (-117.048904 32.541306)
2021-02-03,2021.0,2,CALIFORNIA,1,"Harsh environmental conditions / lack of adequate shelter, food, water",46.4,US-Mexico border crossing,POINT (-116.93004 32.605073)
2021-03-03,2021.0,3,CALIFORNIA,1,Accidental death,47.8,US-Mexico border crossing,POINT (-117.093169 32.537255)
2021-03-28,2021.0,3,,1,Mixed or unknown,,US-Mexico border crossing,POINT (-117.257474 32.86257)
2021-04-17,2021.0,4,,1,Sickness / lack of access to adequate healthcare,,US-Mexico border crossing,POINT (-117.312708 33.086245)
2021-04-27,2021.0,4,CALIFORNIA,1,Sickness / lack of access to adequate healthcare,53.2,US-Mexico border crossing,POINT (-116.855516 32.637641)
2021-04-28,2021.0,4,CALIFORNIA,1,"Harsh environmental conditions / lack of adequate shelter, food, water",53.2,US-Mexico border crossing,POINT (-116.931818 32.639907)
2021-05-06,2021.0,5,CALIFORNIA,1,Accidental death,61.4,US-Mexico border crossing,POINT (-117.022998 32.619185)
2021-06-18,2021.0,6,CALIFORNIA,1,"Harsh environmental conditions / lack of adequate shelter, food, water",69.7,US-Mexico border crossing,POINT (-116.765877 32.637375)
2021-07-03,2021.0,7,CALIFORNIA,1,Sickness / lack of access to adequate healthcare,77.4,US-Mexico border crossing,POINT (-116.788723 32.647309)
2021-07-03,2021.0,7,CALIFORNIA,1,Accidental death,77.4,US-Mexico border crossing,POINT (-117.1676642 32.753519)
2021-07-08,2021.0,7,CALIFORNIA,1,Accidental death,77.4,US-Mexico border crossing,POINT (-117.081104 32.538837)
2021-07-13,2021.0,7,CALIFORNIA,1,"Harsh environmental conditions / lack of adequate shelter, food, water",77.4,US-Mexico border crossing,POINT (-117.16653 32.754661)
2021-07-26,2021.0,7,CALIFORNIA,1,Drowning,77.4,US-Mexico border crossing,POINT (-117.0708668 32.5442005)
2021-08-08,2021.0,8,CALIFORNIA,1,"Harsh environmental conditions / lack of adequate shelter, food, water",78.4,US-Mexico border crossing,POINT (-117.0321815 32.5436599)
2021-08-09,2021.0,8,CALIFORNIA,1,"Harsh environmental conditions / lack of adequate shelter, food, water",78.4,US-Mexico border crossing,POINT (-116.910581 32.553391)
2021-08-10,2021.0,8,CALIFORNIA,1,"Harsh environmental conditions / lack of adequate shelter, food, water",78.4,US-Mexico border crossing,POINT (-116.795723 32.563244)
2021-08-28,2021.0,8,CALIFORNIA,1,"Harsh environmental conditions / lack of adequate shelter, food, water",78.4,US-Mexico border crossing,POINT (-116.189601 32.6157)
2021-09-05,2021.0,9,CALIFORNIA,1,Accidental death,74.6,US-Mexico border crossing,POINT (-117.166223 32.754439)
2021-09-21,2021.0,9,CALIFORNIA,1,Accidental death,74.6,US-Mexico border crossing,POINT (-117.007518 32.780527)
2021-09-28,2021.0,9,CALIFORNIA,1,"Harsh environmental conditions / lack of adequate shelter, food, water",74.6,US-Mexico border crossing,POINT (-116.887275 32.617864)
2021-10-11,2021.0,10,CALIFORNIA,1,Mixed or unknown,65.2,US-Mexico border crossing,POINT (-116.870685 32.630158)
2021-10-12,2021.0,10,CALIFORNIA,1,Mixed or unknown,65.2,US-Mexico border crossing,POINT (-116.763227 32.642496)
2021-10-11,2021.0,10,CALIFORNIA,1,Accidental death,65.2,US-Mexico border crossing,POINT (-117.1674576 32.7550369)
2021-10-21,2021.0,10,,1,Drowning,,US-Mexico border crossing,POINT (-117.387305 33.186659)
2021-11-06,2021.0,11,CALIFORNIA,1,Accidental death,56.5,US-Mexico border crossing,POINT (-117.107899 32.536517)
2021-11-19,2021.0,11,CALIFORNIA,1,Accidental death,56.5,US-Mexico border crossing,POINT (-117.1664026 32.7551759)
2021-11-19,2021.0,11,CALIFORNIA,1,Accidental death,56.5,US-Mexico border crossing,POINT (-117.1664026 32.7551759)
2021-12-03,2021.0,12,CALIFORNIA,1,Mixed or unknown,49.2,US-Mexico border crossing,POINT (-116.78452 32.631213)
2021-12-28,2021.0,12,CALIFORNIA,1,"Harsh environmental conditions / lack of adequate shelter, food, water",49.2,US-Mexico border crossing,POINT (-116.830725 32.608718)
2021-12-31,2021.0,12,CALIFORNIA,1,"Harsh environmental conditions / lack of adequate shelter, food, water",49.2,US-Mexico border crossing,POINT (-116.8406523 32.6104925)
2022-01-12,2022.0,1,CALIFORNIA,1,Sickness / lack of access to adequate healthcare,45.0,US-Mexico border crossing,POINT (-116.938188 32.550487)
2022-01-07,2022.0,1,TEXAS,1,Drowning,52.4,US-Mexico border crossing,POINT (-100.464441 28.673932)
2022-01-20,2022.0,1,NORTH DAKOTA,4,"Harsh environmental conditions / lack of adequate shelter, food, water",11.4,,POINT (-97.246791 48.999406)
2022-01-28,2022.0,1,TEXAS,1,Vehicle accident / death linked to hazardous transport,52.4,US-Mexico border crossing,POINT (-106.448747 31.764605)
2022-02-01,2022.0,2,TEXAS,1,Vehicle accident / death linked to hazardous transport,45.7,US-Mexico border crossing,POINT (-99.788767 29.233249)
2022-01-31,2022.0,1,TEXAS,8,Mixed or unknown,52.4,US-Mexico border crossing,POINT (-98.167336 27.025788)
2022-02-06,2022.0,2,TEXAS,1,"Harsh environmental conditions / lack of adequate shelter, food, water",45.7,US-Mexico border crossing,POINT (-100.502084 28.75466)
2022-02-02,2022.0,2,ARIZONA,1,Sickness / lack of access to adequate healthcare,44.0,US-Mexico border crossing,POINT (-114.63488 32.682317)
2022-02-01,2022.0,2,CALIFORNIA,1,Drowning,47.4,US-Mexico border crossing,POINT (-115.377716 32.675118)
2022-02-23,2022.0,2,,1,Drowning,,US-Mexico border crossing,POINT (-100.509879 28.70899)
2022-02-28,2022.0,2,CALIFORNIA,1,Accidental death,47.4,US-Mexico border crossing,POINT (-115.500226 32.664743)
2022-02-26,2022.0,2,TEXAS,1,"Harsh environmental conditions / lack of adequate shelter, food, water",45.7,US-Mexico border crossing,POINT (-98.442512 27.26168)
2022-03-04,2022.0,3,,1,Drowning,,US-Mexico border crossing,POINT (-100.508218 28.709437)
2022-02-07,2022.0,2,ARIZONA,1,Vehicle accident / death linked to hazardous transport,44.0,US-Mexico border crossing,POINT (-110.99021 31.97766)
2022-03-21,2022.0,3,TEXAS,1,"Harsh environmental conditions / lack of adequate shelter, food, water",51.4,US-Mexico border crossing,POINT (-99.894439 28.666888)
2022-03-22,2022.0,3,TEXAS,1,"Harsh environmental conditions / lack of adequate shelter, food, water",51.4,US-Mexico border crossing,POINT (-100.398193 28.696966)
2022-03-24,2022.0,3,,1,Accidental death,,US-Mexico border crossing,POINT (-106.515439 31.772528)
2022-03-19,2022.0,3,TEXAS,1,"Harsh environmental conditions / lack of adequate shelter, food, water",51.4,US-Mexico border crossing,POINT (-99.95654 28.719484)
2022-03-17,2022.0,3,,1,Accidental death,,US-Mexico border crossing,POINT (-106.146779 31.432847)
2022-02-19,2022.0,2,ARIZONA,1,Violence,44.0,US-Mexico border crossing,POINT (-109.370043 31.387769)
2022-03-31,2022.0,3,FLORIDA,1,Drowning,65.8,Caribbean to US,POINT (-81.543251 24.624971)
2022-04-10,2022.0,4,,1,Drowning,,US-Mexico border crossing,POINT (-117.255436 32.747271)
2022-04-11,2022.0,4,,1,Drowning,,US-Mexico border crossing,POINT (-117.255436 32.747271)
2022-04-10,2022.0,4,TEXAS,1,Drowning,62.8,US-Mexico border crossing,POINT (-99.526763 27.503011)
2022-04-11,2022.0,4,ARIZONA,1,Accidental death,56.3,US-Mexico border crossing,POINT (-109.362154 31.338277)
2022-04-05,2022.0,4,TEXAS,1,Accidental death,62.8,US-Mexico border crossing,POINT (-106.279466 31.565127)
2022-04-13,2022.0,4,,1,Drowning,,US-Mexico border crossing,POINT (-100.509525 28.70922)
2022-04-14,2022.0,4,,2,Drowning,,US-Mexico border crossing,POINT (-100.509525 28.70922)
2022-04-14,2022.0,4,TEXAS,1,Drowning,62.8,US-Mexico border crossing,POINT (-98.221172 26.09736)
2022-04-15,2022.0,4,TEXAS,1,Drowning,62.8,US-Mexico border crossing,POINT (-100.506293 28.716844)
2022-04-21,2022.0,4,ARIZONA,3,Vehicle accident / death linked to hazardous transport,56.3,US-Mexico border crossing,POINT (-111.482704 32.705651)
2022-05-06,2022.0,5,,1,Accidental death,,US-Mexico border crossing,POINT (-116.949469 32.549319)
2022-04-15,2022.0,4,TEXAS,1,Vehicle accident / death linked to hazardous transport,62.8,US-Mexico border crossing,POINT (-98.112514 26.62945)
2022-05-03,2022.0,5,TEXAS,1,"Harsh environmental conditions / lack of adequate shelter, food, water",73.4,US-Mexico border crossing,POINT (-99.895202 28.514207)
2022-05-06,2022.0,5,,1,Accidental death,,US-Mexico border crossing,POINT (-116.949452 32.549297)
2022-05-05,2022.0,5,TEXAS,1,Drowning,73.4,US-Mexico border crossing,POINT (-100.925156 29.327532)
2022-05-09,2022.0,5,TEXAS,1,Drowning,73.4,US-Mexico border crossing,POINT (-100.432716 28.606702)
2022-05-09,2022.0,5,TEXAS,1,"Harsh environmental conditions / lack of adequate shelter, food, water",73.4,US-Mexico border crossing,POINT (-99.822538 29.189013)
2022-05-12,2022.0,5,,2,Drowning,,US-Mexico border crossing,POINT (-100.51005 28.69879)
2022-05-19,2022.0,5,,1,Drowning,,US-Mexico border crossing,POINT (-100.505022 28.678149)
2022-05-05,2022.0,5,ARIZONA,1,"Harsh environmental conditions / lack of adequate shelter, food, water",64.8,US-Mexico border crossing,POINT (-112.916884 32.242073)
2022-05-31,2022.0,5,CALIFORNIA,1,Drowning,59.1,US-Mexico border crossing,POINT (-117.122474 32.545058)
2022-05-24,2022.0,5,ARIZONA,1,Violence,64.8,US-Mexico border crossing,POINT (-109.558898 31.339263)
2022-05-30,2022.0,5,ARIZONA,1,"Harsh environmental conditions / lack of adequate shelter, food, water",64.8,US-Mexico border crossing,POINT (-110.375629 31.496211)
2022-06-03,2022.0,6,TEXAS,1,Vehicle accident / death linked to hazardous transport,80.8,US-Mexico border crossing,POINT (-99.273316 28.323079)
2022-01-03,2022.0,1,ARIZONA,1,Mixed or unknown,44.6,US-Mexico border crossing,POINT (-111.70682 31.6293)
2022-01-03,2022.0,1,ARIZONA,1,Mixed or unknown,44.6,US-Mexico border crossing,POINT (-111.994462 31.797837)
2022-01-04,2022.0,1,ARIZONA,1,Mixed or unknown,44.6,US-Mexico border crossing,POINT (-111.779072 31.898564)
2022-01-05,2022.0,1,ARIZONA,1,Mixed or unknown,44.6,US-Mexico border crossing,POINT (-113.1821 32.461864)
2022-01-06,2022.0,1,ARIZONA,1,Mixed or unknown,44.6,US-Mexico border crossing,POINT (-113.1111 32.271)
2022-01-07,2022.0,1,ARIZONA,1,Mixed or unknown,44.6,US-Mexico border crossing,POINT (-111.74367 31.96315)
2022-01-09,2022.0,1,ARIZONA,1,Mixed or unknown,44.6,US-Mexico border crossing,POINT (-109.104722 31.688056)
2022-01-11,2022.0,1,ARIZONA,1,Mixed or unknown,44.6,US-Mexico border crossing,POINT (-111.58485 32.4065)
2022-01-11,2022.0,1,ARIZONA,1,Mixed or unknown,44.6,US-Mexico border crossing,POINT (-111.58488 32.40628)
2022-01-16,2022.0,1,ARIZONA,1,Mixed or unknown,44.6,US-Mexico border crossing,POINT (-112.42105 31.949533)
2022-01-21,2022.0,1,ARIZONA,1,Mixed or unknown,44.6,US-Mexico border crossing,POINT (-110.83286 31.58798)
2022-01-23,2022.0,1,ARIZONA,1,Mixed or unknown,44.6,US-Mexico border crossing,POINT (-112.66678 31.85889)
2022-01-23,2022.0,1,ARIZONA,1,Violence,44.6,US-Mexico border crossing,POINT (-110.996554 31.515126)
2022-01-24,2022.0,1,ARIZONA,1,Mixed or unknown,44.6,US-Mexico border crossing,POINT (-112.476 32.324)
2022-01-31,2022.0,1,ARIZONA,1,Mixed or unknown,44.6,US-Mexico border crossing,POINT (-111.749883 31.886042)
2022-02-06,2022.0,2,ARIZONA,1,"Harsh environmental conditions / lack of adequate shelter, food, water",44.0,US-Mexico border crossing,POINT (-109.25396 31.80825)
2022-02-02,2022.0,2,ARIZONA,1,Mixed or unknown,44.0,US-Mexico border crossing,POINT (-112.71383 32.19593)
2022-02-05,2022.0,2,ARIZONA,1,Mixed or unknown,44.0,US-Mexico border crossing,POINT (-112.96065 32.091183)
2022-02-14,2022.0,2,ARIZONA,1,Mixed or unknown,44.0,US-Mexico border crossing,POINT (-111.835278 31.788611)
2022-02-19,2022.0,2,ARIZONA,1,Mixed or unknown,44.0,US-Mexico border crossing,POINT (-110.981998 31.647921)
2022-02-19,2022.0,2,ARIZONA,1,Mixed or unknown,44.0,US-Mexico border crossing,POINT (-110.958247 31.641436)
2022-02-21,2022.0,2,ARIZONA,1,Mixed or unknown,44.0,US-Mexico border crossing,POINT (-113.02175 32.19954)
2022-02-23,2022.0,2,ARIZONA,1,Mixed or unknown,44.0,US-Mexico border crossing,POINT (-113.000737 32.116455)
2022-02-25,2022.0,2,ARIZONA,1,"Harsh environmental conditions / lack of adequate shelter, food, water",44.0,US-Mexico border crossing,POINT (-111.6165 32.454817)
2022-03-01,2022.0,3,ARIZONA,1,Mixed or unknown,48.0,US-Mexico border crossing,POINT (-112.862133 32.203833)
2022-03-07,2022.0,3,ARIZONA,1,Mixed or unknown,48.0,US-Mexico border crossing,POINT (-112.8812 32.1628)
2022-03-07,2022.0,3,ARIZONA,1,Vehicle accident / death linked to hazardous transport,48.0,US-Mexico border crossing,POINT (-111.060104 31.679873)
2022-03-09,2022.0,3,ARIZONA,1,Mixed or unknown,48.0,US-Mexico border crossing,POINT (-113.05687 32.17946)
2022-03-09,2022.0,3,ARIZONA,1,Mixed or unknown,48.0,US-Mexico border crossing,POINT (-113.05464 32.20112)
2022-03-09,2022.0,3,ARIZONA,1,Mixed or unknown,48.0,US-Mexico border crossing,POINT (-113.05184 32.19914)
2022-03-13,2022.0,3,ARIZONA,1,"Harsh environmental conditions / lack of adequate shelter, food, water",48.0,US-Mexico border crossing,POINT (-109.38406 31.44556)
2022-03-15,2022.0,3,ARIZONA,1,Mixed or unknown,48.0,US-Mexico border crossing,POINT (-112.40165 31.811467)
2022-03-17,2022.0,3,ARIZONA,1,"Harsh environmental conditions / lack of adequate shelter, food, water",48.0,US-Mexico border crossing,POINT (-109.75205 31.362717)
2022-03-22,2022.0,3,ARIZONA,1,Mixed or unknown,48.0,US-Mexico border crossing,POINT (-111.832033 31.740383)
2022-03-22,2022.0,3,ARIZONA,1,"Harsh environmental conditions / lack of adequate shelter, food, water",48.0,US-Mexico border crossing,POINT (-111.81413 31.78031)
2022-03-22,2022.0,3,ARIZONA,1,Mixed or unknown,48.0,US-Mexico border crossing,POINT (-112.705325 31.997237)
2022-03-22,2022.0,3,ARIZONA,1,Mixed or unknown,48.0,US-Mexico border crossing,POINT (-113.20611 32.10017)
2022-03-26,2022.0,3,ARIZONA,1,Mixed or unknown,48.0,US-Mexico border crossing,POINT (-111.41475 32.06621)
2022-03-27,2022.0,3,ARIZONA,1,"Harsh environmental conditions / lack of adequate shelter, food, water",48.0,US-Mexico border crossing,POINT (-110.908999 31.744984)
2022-03-28,2022.0,3,ARIZONA,1,Mixed or unknown,48.0,US-Mexico border crossing,POINT (-110.659597 31.422154)
2022-03-21,2022.0,3,ARIZONA,1,"Harsh environmental conditions / lack of adequate shelter, food, water",48.0,US-Mexico border crossing,POINT (-109.77391 31.37417)
2022-03-31,2022.0,3,ARIZONA,1,Mixed or unknown,48.0,US-Mexico border crossing,POINT (-111.57234 31.61316)
2022-04-04,2022.0,4,ARIZONA,1,Mixed or unknown,56.3,US-Mexico border crossing,POINT (-111.1377 31.792)
2022-04-05,2022.0,4,ARIZONA,1,Mixed or unknown,56.3,US-Mexico border crossing,POINT (-112.440992 31.834453)
2022-04-06,2022.0,4,ARIZONA,1,"Harsh environmental conditions / lack of adequate shelter, food, water",56.3,US-Mexico border crossing,POINT (-109.240338 31.594686)
2022-04-12,2022.0,4,ARIZONA,1,Accidental death,56.3,US-Mexico border crossing,POINT (-109.734019 31.334049)
2022-04-20,2022.0,4,ARIZONA,1,"Harsh environmental conditions / lack of adequate shelter, food, water",56.3,US-Mexico border crossing,POINT (-111.28947 31.52124)
2022-04-22,2022.0,4,ARIZONA,1,Mixed or unknown,56.3,US-Mexico border crossing,POINT (-112.233112 32.639945)
2022-04-22,2022.0,4,ARIZONA,1,Mixed or unknown,56.3,US-Mexico border crossing,POINT (-111.0195 31.73384)
2022-04-23,2022.0,4,ARIZONA,1,Accidental death,56.3,US-Mexico border crossing,POINT (-112.963 31.977)
2022-04-23,2022.0,4,ARIZONA,1,"Harsh environmental conditions / lack of adequate shelter, food, water",56.3,US-Mexico border crossing,POINT (-109.2778 31.47278)
2022-04-26,2022.0,4,ARIZONA,1,Mixed or unknown,56.3,US-Mexico border crossing,POINT (-113.114043 32.359573)
2022-04-27,2022.0,4,ARIZONA,1,"Harsh environmental conditions / lack of adequate shelter, food, water",56.3,US-Mexico border crossing,POINT (-110.312517 31.37215)
2022-04-29,2022.0,4,ARIZONA,1,"Harsh environmental conditions / lack of adequate shelter, food, water",56.3,US-Mexico border crossing,POINT (-110.80747 31.35755)
2022-05-02,2022.0,5,ARIZONA,1,"Harsh environmental conditions / lack of adequate shelter, food, water",64.8,US-Mexico border crossing,POINT (-111.6586 32.4581)
2022-03-09,2022.0,3,ARIZONA,1,"Harsh environmental conditions / lack of adequate shelter, food, water",48.0,US-Mexico border crossing,POINT (-112.00395 31.72405)
2022-05-10,2022.0,5,ARIZONA,1,"Harsh environmental conditions / lack of adequate shelter, food, water",64.8,US-Mexico border crossing,POINT (-110.996554 31.515126)
2022-05-12,2022.0,5,ARIZONA,1,Mixed or unknown,64.8,US-Mexico border crossing,POINT (-111.451181 31.85911)
2022-05-12,2022.0,5,ARIZONA,1,Mixed or unknown,64.8,US-Mexico border crossing,POINT (-111.451181 31.85911)
2022-05-21,2022.0,5,ARIZONA,1,Mixed or unknown,64.8,US-Mexico border crossing,POINT (-111.40956 31.86884)
2022-05-24,2022.0,5,ARIZONA,1,Violence,64.8,US-Mexico border crossing,POINT (-109.558826 31.339718)
2022-05-24,2022.0,5,ARIZONA,1,Mixed or unknown,64.8,US-Mexico border crossing,POINT (-110.963326 32.252477)
2022-05-27,2022.0,5,ARIZONA,1,"Harsh environmental conditions / lack of adequate shelter, food, water",64.8,US-Mexico border crossing,POINT (-109.6988 31.54466)
2022-05-28,2022.0,5,ARIZONA,1,"Harsh environmental conditions / lack of adequate shelter, food, water",64.8,US-Mexico border crossing,POINT (-111.77934 31.70413)
2022-05-31,2022.0,5,ARIZONA,1,Mixed or unknown,64.8,US-Mexico border crossing,POINT (-111.962184 31.903127)
2022-05-31,2022.0,5,ARIZONA,1,Mixed or unknown,64.8,US-Mexico border crossing,POINT (-111.938904 31.937199)
2022-05-31,2022.0,5,ARIZONA,1,Mixed or unknown,64.8,US-Mexico border crossing,POINT (-111.591813 32.280179)
2022-06-03,2022.0,6,ARIZONA,1,Mixed or unknown,73.6,US-Mexico border crossing,POINT (-111.975776 31.904053)
2022-06-01,2022.0,6,ARIZONA,1,Mixed or unknown,73.6,US-Mexico border crossing,POINT (-113.11756 32.35904)
2022-06-02,2022.0,6,ARIZONA,1,"Harsh environmental conditions / lack of adequate shelter, food, water",73.6,US-Mexico border crossing,POINT (-111.77021 31.899989)
2022-06-01,2022.0,6,ARIZONA,1,Violence,73.6,US-Mexico border crossing,POINT (-111.253771 31.665158)
2022-06-06,2022.0,6,ARIZONA,1,Mixed or unknown,73.6,US-Mexico border crossing,POINT (-110.9595 31.8012)
2022-06-06,2022.0,6,ARIZONA,1,Mixed or unknown,73.6,US-Mexico border crossing,POINT (-112.1306 31.982717)
2022-06-06,2022.0,6,ARIZONA,1,"Harsh environmental conditions / lack of adequate shelter, food, water",73.6,US-Mexico border crossing,POINT (-110.007283 31.3665)
2022-06-10,2022.0,6,ARIZONA,1,"Harsh environmental conditions / lack of adequate shelter, food, water",73.6,US-Mexico border crossing,POINT (-111.800367 31.6394)
2022-05-30,2022.0,5,ARIZONA,1,Vehicle accident / death linked to hazardous transport,64.8,US-Mexico border crossing,POINT (-111.086212 31.726038)
2022-06-06,2022.0,6,ARIZONA,1,Drowning,73.6,US-Mexico border crossing,POINT (-114.723249 32.710439)
2022-06-11,2022.0,6,TEXAS,2,Drowning,80.8,US-Mexico border crossing,POINT (-106.541544 31.80454)
2022-06-14,2022.0,6,TEXAS,1,Drowning,80.8,US-Mexico border crossing,POINT (-106.2871 31.586134)
2022-06-14,2022.0,6,TEXAS,1,"Harsh environmental conditions / lack of adequate shelter, food, water",80.8,US-Mexico border crossing,POINT (-100.088005 29.054634)
2022-06-14,2022.0,6,TEXAS,1,"Harsh environmental conditions / lack of adequate shelter, food, water",80.8,US-Mexico border crossing,POINT (-106.132154 31.682263)
2022-06-19,2022.0,6,TEXAS,2,Mixed or unknown,80.8,US-Mexico border crossing,POINT (-106.527487 31.784218)
2022-06-19,2022.0,6,TEXAS,1,Drowning,80.8,US-Mexico border crossing,POINT (-106.572572 31.816307)
2022-06-19,2022.0,6,TEXAS,1,Drowning,80.8,US-Mexico border crossing,POINT (-106.200406 31.596315)
2022-06-19,2022.0,6,TEXAS,1,Drowning,80.8,US-Mexico border crossing,POINT (-106.319896 31.6561)
2022-06-12,2022.0,6,TEXAS,2,"Harsh environmental conditions / lack of adequate shelter, food, water",80.8,US-Mexico border crossing,POINT (-104.820102 31.039131)
2022-06-18,2022.0,6,NEW MEXICO,1,Accidental death,68.6,US-Mexico border crossing,POINT (-106.610284 31.785269)
2022-06-27,2022.0,6,TEXAS,6,Vehicle accident / death linked to hazardous transport,80.8,US-Mexico border crossing,POINT (-98.596078 29.331513)
2022-06-27,2022.0,6,TEXAS,47,Vehicle accident / death linked to hazardous transport,80.8,US-Mexico border crossing,POINT (-98.596078 29.331513)
2022-06-10,2022.0,6,TEXAS,1,Vehicle accident / death linked to hazardous transport,80.8,US-Mexico border crossing,POINT (-98.199947 26.889564)
2022-06-30,2022.0,6,TEXAS,3,Vehicle accident / death linked to hazardous transport,80.8,US-Mexico border crossing,POINT (-99.329223 28.12467)
2022-06-30,2022.0,6,TEXAS,1,Vehicle accident / death linked to hazardous transport,80.8,US-Mexico border crossing,POINT (-99.329223 28.12467)
2022-06-29,2022.0,6,TEXAS,2,Vehicle accident / death linked to hazardous transport,80.8,US-Mexico border crossing,POINT (-98.374869 26.234094)
2022-06-09,2022.0,6,,1,Drowning,,US-Mexico border crossing,POINT (-106.470777 31.754013)
2022-06-12,2022.0,6,ARIZONA,1,"Harsh environmental conditions / lack of adequate shelter, food, water",73.6,US-Mexico border crossing,POINT (-111.162071 31.450057)
2022-06-13,2022.0,6,ARIZONA,1,"Harsh environmental conditions / lack of adequate shelter, food, water",73.6,US-Mexico border crossing,POINT (-111.143768 32.228715)
2022-06-13,2022.0,6,ARIZONA,1,"Harsh environmental conditions / lack of adequate shelter, food, water",73.6,US-Mexico border crossing,POINT (-112.091069 31.744483)
2022-06-15,2022.0,6,ARIZONA,1,Mixed or unknown,73.6,US-Mexico border crossing,POINT (-112.065367 31.971417)
2022-06-15,2022.0,6,ARIZONA,1,"Harsh environmental conditions / lack of adequate shelter, food, water",73.6,US-Mexico border crossing,POINT (-109.59211 31.35204)
2022-06-17,2022.0,6,ARIZONA,1,Mixed or unknown,73.6,US-Mexico border crossing,POINT (-112.48615 31.813117)
2022-06-17,2022.0,6,ARIZONA,1,"Harsh environmental conditions / lack of adequate shelter, food, water",73.6,US-Mexico border crossing,POINT (-111.75181 31.88642)
2022-06-18,2022.0,6,ARIZONA,1,"Harsh environmental conditions / lack of adequate shelter, food, water",73.6,US-Mexico border crossing,POINT (-111.062218 31.788686)
2022-06-18,2022.0,6,ARIZONA,1,"Harsh environmental conditions / lack of adequate shelter, food, water",73.6,US-Mexico border crossing,POINT (-111.067 31.78036)
2022-06-21,2022.0,6,ARIZONA,1,Mixed or unknown,73.6,US-Mexico border crossing,POINT (-111.94445 31.752033)
2022-06-22,2022.0,6,ARIZONA,1,Mixed or unknown,73.6,US-Mexico border crossing,POINT (-112.263997 32.172488)
2022-06-22,2022.0,6,ARIZONA,1,Mixed or unknown,73.6,US-Mexico border crossing,POINT (-111.77168 31.79791)
2022-06-22,2022.0,6,ARIZONA,1,"Harsh environmental conditions / lack of adequate shelter, food, water",73.6,US-Mexico border crossing,POINT (-111.715543 31.724553)
2022-06-26,2022.0,6,ARIZONA,1,Mixed or unknown,73.6,US-Mexico border crossing,POINT (-111.819084 31.804629)
2022-06-29,2022.0,6,,1,"Harsh environmental conditions / lack of adequate shelter, food, water",,US-Mexico border crossing,POINT (-113.150887 31.981232)
2022-06-29,2022.0,6,ARIZONA,1,Mixed or unknown,73.6,US-Mexico border crossing,POINT (-111.78658 31.72563)
2022-06-30,2022.0,6,ARIZONA,1,Mixed or unknown,73.6,US-Mexico border crossing,POINT (-111.0671 31.80071)
2022-06-30,2022.0,6,ARIZONA,1,"Harsh environmental conditions / lack of adequate shelter, food, water",73.6,US-Mexico border crossing,POINT (-112.03763 32.5016)
2022-06-30,2022.0,6,ARIZONA,1,"Harsh environmental conditions / lack of adequate shelter, food, water",73.6,US-Mexico border crossing,POINT (-111.1719 32.0753)
2022-06-25,2022.0,6,,1,Drowning,,US-Mexico border crossing,POINT (-100.508187 28.709798)
2022-06-30,2022.0,6,TEXAS,2,Vehicle accident / death linked to hazardous transport,80.8,US-Mexico border crossing,POINT (-99.350881 28.039903)
2022-06-30,2022.0,6,TEXAS,2,Vehicle accident / death linked to hazardous transport,80.8,US-Mexico border crossing,POINT (-99.350881 28.039903)
2022-07-05,2022.0,7,,1,Mixed or unknown,,US-Mexico border crossing,POINT (-100.508034 28.705765)
2022-07-05,2022.0,7,,1,Drowning,,US-Mexico border crossing,POINT (-100.510013 28.697531)
2022-06-16,2022.0,6,TEXAS,1,"Harsh environmental conditions / lack of adequate shelter, food, water",80.8,US-Mexico border crossing,POINT (-98.247376 26.308698)
2022-07-10,2022.0,7,TEXAS,1,"Harsh environmental conditions / lack of adequate shelter, food, water",85.4,US-Mexico border crossing,POINT (-98.158617 27.216961)
2022-06-18,2022.0,6,TEXAS,1,"Harsh environmental conditions / lack of adequate shelter, food, water",80.8,US-Mexico border crossing,POINT (-98.30528 26.129776)
2022-07-15,2022.0,7,CALIFORNIA,1,"Harsh environmental conditions / lack of adequate shelter, food, water",74.8,US-Mexico border crossing,POINT (-115.508113 32.671078)
2022-07-19,2022.0,7,,1,"Harsh environmental conditions / lack of adequate shelter, food, water",,US-Mexico border crossing,POINT (-100.508095 28.705366)
2022-05-27,2022.0,5,TEXAS,1,Mixed or unknown,73.4,US-Mexico border crossing,POINT (-99.635717 27.838005)
2022-06-09,2022.0,6,TEXAS,1,"Harsh environmental conditions / lack of adequate shelter, food, water",80.8,US-Mexico border crossing,POINT (-100.502588 28.722926)
2022-07-19,2022.0,7,,1,Drowning,,US-Mexico border crossing,POINT (-100.509214 28.70931)
2022-07-19,2022.0,7,,1,"Harsh environmental conditions / lack of adequate shelter, food, water",,US-Mexico border crossing,POINT (-100.503994 28.676327)
2022-07-22,2022.0,7,ARIZONA,1,"Harsh environmental conditions / lack of adequate shelter, food, water",80.3,US-Mexico border crossing,POINT (-111.83519 31.90608)
2022-05-24,2022.0,5,,1,Drowning,,US-Mexico border crossing,POINT (-100.509493 28.704747)
2022-07-22,2022.0,7,TEXAS,1,Drowning,85.4,US-Mexico border crossing,POINT (-106.260569 31.552434)
2022-07-27,2022.0,7,NEW MEXICO,2,Vehicle accident / death linked to hazardous transport,74.4,US-Mexico border crossing,POINT (-106.64538 31.863731)
2022-07-11,2022.0,7,TEXAS,1,Drowning,85.4,US-Mexico border crossing,POINT (-98.797366 26.357015)
2022-07-24,2022.0,7,TEXAS,1,Sickness / lack of access to adequate healthcare,85.4,US-Mexico border crossing,POINT (-106.434413 31.772619)
2022-06-27,2022.0,6,TEXAS,1,"Harsh environmental conditions / lack of adequate shelter, food, water",80.8,US-Mexico border crossing,POINT (-102.427318 30.052273)
2022-08-06,2022.0,8,,7,Drowning,,Caribbean to US,POINT (-81.513867 24.407137)
2022-08-04,2022.0,8,CALIFORNIA,1,Accidental death,77.9,US-Mexico border crossing,POINT (-117.03215 32.54328)
2022-08-09,2022.0,8,TEXAS,1,Drowning,85.3,US-Mexico border crossing,POINT (-100.474086 28.647245)
2022-08-09,2022.0,8,TEXAS,1,"Harsh environmental conditions / lack of adequate shelter, food, water",85.3,US-Mexico border crossing,POINT (-100.247687 28.973874)
2022-08-01,2022.0,8,TEXAS,1,"Harsh environmental conditions / lack of adequate shelter, food, water",85.3,US-Mexico border crossing,POINT (-100.357817 28.818389)
2022-08-01,2022.0,8,TEXAS,1,Mixed or unknown,85.3,US-Mexico border crossing,POINT (-100.319545 28.509398)
2022-08-07,2022.0,8,TEXAS,1,"Harsh environmental conditions / lack of adequate shelter, food, water",85.3,US-Mexico border crossing,POINT (-100.442965 28.788226)
2022-08-02,2022.0,8,NEW MEXICO,1,"Harsh environmental conditions / lack of adequate shelter, food, water",74.0,US-Mexico border crossing,POINT (-106.961264 32.07856)
2022-08-04,2022.0,8,TEXAS,1,"Harsh environmental conditions / lack of adequate shelter, food, water",85.3,US-Mexico border crossing,POINT (-98.854696 29.393879)
2022-08-04,2022.0,8,ARIZONA,1,Accidental death,80.4,US-Mexico border crossing,POINT (-111.441183 32.687507)
2022-06-02,2022.0,6,ARIZONA,2,"Harsh environmental conditions / lack of adequate shelter, food, water",73.6,US-Mexico border crossing,POINT (-113.84158 32.352179)
2022-08-15,2022.0,8,TEXAS,1,Vehicle accident / death linked to hazardous transport,85.3,US-Mexico border crossing,POINT (-106.610468 31.878206)
2022-08-14,2022.0,8,TEXAS,1,Drowning,85.3,US-Mexico border crossing,POINT (-100.511592 28.741588)
2022-08-02,2022.0,8,TEXAS,1,Drowning,85.3,US-Mexico border crossing,POINT (-98.559408 26.246238)
2022-07-19,2022.0,7,ARIZONA,1,"Harsh environmental conditions / lack of adequate shelter, food, water",80.3,US-Mexico border crossing,POINT (-111.25281 32.412024)
2022-07-19,2022.0,7,ARIZONA,1,"Harsh environmental conditions / lack of adequate shelter, food, water",80.3,US-Mexico border crossing,POINT (-111.522637 32.284117)
2022-07-17,2022.0,7,CALIFORNIA,1,"Harsh environmental conditions / lack of adequate shelter, food, water",74.8,US-Mexico border crossing,POINT (-114.810549 33.04307)
2022-05-17,2022.0,5,TEXAS,1,Mixed or unknown,73.4,US-Mexico border crossing,POINT (-98.290059 26.144776)
2022-08-17,2022.0,8,,3,Drowning,,US-Mexico border crossing,POINT (-100.510731 28.70175)
2022-08-21,2022.0,8,,1,Drowning,,US-Mexico border crossing,POINT (-100.504031 28.673803)
2022-08-23,2022.0,8,,2,Drowning,,US-Mexico border crossing,POINT (-100.510212 28.696799)
2022-08-15,2022.0,8,TEXAS,1,Vehicle accident / death linked to hazardous transport,85.3,US-Mexico border crossing,POINT (-106.610471 31.876122)
2022-08-25,2022.0,8,ARIZONA,1,"Harsh environmental conditions / lack of adequate shelter, food, water",80.4,US-Mexico border crossing,POINT (-114.63571 32.682189)
2022-08-25,2022.0,8,TEXAS,1,"Harsh environmental conditions / lack of adequate shelter, food, water",85.3,US-Mexico border crossing,POINT (-99.928923 28.925973)
2022-08-25,2022.0,8,ARIZONA,1,"Harsh environmental conditions / lack of adequate shelter, food, water",80.4,US-Mexico border crossing,POINT (-114.650595 32.450771)
2022-08-20,2022.0,8,ARIZONA,1,"Harsh environmental conditions / lack of adequate shelter, food, water",80.4,US-Mexico border crossing,POINT (-113.582187 32.270098)
2022-08-29,2022.0,8,TEXAS,1,Drowning,85.3,US-Mexico border crossing,POINT (-100.54461 28.812734)
2022-04-13,2022.0,4,TEXAS,1,Accidental death,62.8,US-Mexico border crossing,POINT (-97.672268 26.034636)
2022-09-04,2022.0,9,TEXAS,1,Drowning,,US-Mexico border crossing,POINT (-98.33119 26.189917)
2022-08-02,2022.0,8,NEVADA,1,"Harsh environmental conditions / lack of adequate shelter, food, water",75.0,,POINT (-116.371791 36.959335)
2022-09-22,2022.0,9,TEXAS,1,"Harsh environmental conditions / lack of adequate shelter, food, water",,US-Mexico border crossing,POINT (-100.12207 28.50082)
2022-09-01,2022.0,9,,8,Drowning,,US-Mexico border crossing,POINT (-100.511267 28.705292)
2022-09-01,2022.0,9,,1,Drowning,,US-Mexico border crossing,POINT (-100.511267 28.705292)
2022-09-20,2022.0,9,TEXAS,1,Mixed or unknown,,US-Mexico border crossing,POINT (-100.455188 28.708839)
2022-09-26,2022.0,9,TEXAS,1,"Harsh environmental conditions / lack of adequate shelter, food, water",,US-Mexico border crossing,POINT (-100.118681 28.490723)
2022-09-26,2022.0,9,TEXAS,1,Mixed or unknown,,US-Mexico border crossing,POINT (-99.839827 28.697125)
2022-09-25,2022.0,9,TEXAS,1,Vehicle accident / death linked to hazardous transport,,US-Mexico border crossing,POINT (-100.630763 28.969679)
2022-09-07,2022.0,9,CALIFORNIA,1,Sickness / lack of access to adequate healthcare,,US-Mexico border crossing,POINT (-114.735326 32.746046)
2022-09-28,2022.0,9,,19,Drowning,,Caribbean to US,POINT (-81.73581 24.543914)
2022-10-02,2022.0,10,TEXAS,3,Vehicle accident / death linked to hazardous transport,,US-Mexico border crossing,POINT (-100.411145 29.275346)
2022-10-04,2022.0,10,,1,Violence,,US-Mexico border crossing,POINT (106.2849 31.7114)
2022-09-23,2022.0,9,TEXAS,1,Violence,,US-Mexico border crossing,POINT (-105.374513 31.115984)
2022-09-28,2022.0,9,,1,Drowning,,US-Mexico border crossing,POINT (-100.511571 28.70559)
2022-09-29,2022.0,9,TEXAS,1,"Harsh environmental conditions / lack of adequate shelter, food, water",,US-Mexico border crossing,POINT (-99.433686 27.391902)
2022-09-27,2022.0,9,ARIZONA,1,Accidental death,,US-Mexico border crossing,POINT (-109.522828 31.335663)
2022-09-28,2022.0,9,,1,Drowning,,US-Mexico border crossing,POINT (-100.510745 28.707927)
2022-09-22,2022.0,9,TEXAS,1,"Harsh environmental conditions / lack of adequate shelter, food, water",,US-Mexico border crossing,POINT (-99.457196 27.425202)
2022-09-01,2022.0,9,,2,Drowning,,US-Mexico border crossing,POINT (-100.511267 28.705292)
2022-10-11,2022.0,10,TEXAS,1,Drowning,,US-Mexico border crossing,POINT (-99.524168 27.523929)
2022-10-10,2022.0,10,ARIZONA,1,Sickness / lack of access to adequate healthcare,,US-Mexico border crossing,POINT (-111.956268 32.860302)
2022-10-16,2022.0,10,TEXAS,2,Vehicle accident / death linked to hazardous transport,,US-Mexico border crossing,POINT (-98.114365 26.797506)
2022-10-13,2022.0,10,TEXAS,1,Vehicle accident / death linked to hazardous transport,,US-Mexico border crossing,POINT (-99.41026 28.944642)
2022-10-24,2022.0,10,,1,Drowning,,US-Mexico border crossing,POINT (-100.510102 28.70882)
2022-10-25,2022.0,10,TEXAS,1,"Harsh environmental conditions / lack of adequate shelter, food, water",,US-Mexico border crossing,POINT (-100.398085 28.697237)
2022-10-19,2022.0,10,TEXAS,1,Mixed or unknown,,US-Mexico border crossing,POINT (-106.238975 31.715501)
2022-09-03,2022.0,9,TEXAS,1,Drowning,,US-Mexico border crossing,POINT (-100.506168 28.717306)
2022-11-02,2022.0,11,TEXAS,1,Vehicle accident / death linked to hazardous transport,,US-Mexico border crossing,POINT (-98.415362 26.330843)
2022-11-02,2022.0,11,,1,"Harsh environmental conditions / lack of adequate shelter, food, water",,US-Mexico border crossing,POINT (-100.510974 28.707792)
2022-11-04,2022.0,11,TEXAS,3,Vehicle accident / death linked to hazardous transport,,US-Mexico border crossing,POINT (-101.941385 35.187369)
2022-10-30,2022.0,10,ARIZONA,1,Violence,,US-Mexico border crossing,POINT (-114.798348 32.490916)
2022-11-10,2022.0,11,TEXAS,1,Drowning,,US-Mexico border crossing,POINT (-100.493862 28.762297)
2022-11-10,2022.0,11,CALIFORNIA,1,Drowning,,US-Mexico border crossing,POINT (-117.123908 32.537022)
2022-11-10,2022.0,11,,1,Drowning,,US-Mexico border crossing,POINT (-117.132901 32.580428)
2022-11-20,2022.0,11,,11,Drowning,,Caribbean to US,POINT (-81.187598 23.515965)
2022-07-03,2022.0,7,,1,Drowning,,Caribbean to US,POINT (-80.060577 25.65687)
2022-11-19,2022.0,11,,4,Drowning,,Caribbean to US,POINT (-81.412129 24.499024)
2022-11-22,2022.0,11,NEW MEXICO,1,Accidental death,,US-Mexico border crossing,POINT (-106.579096 31.784986)
2022-11-17,2022.0,11,NEW MEXICO,1,Mixed or unknown,,US-Mexico border crossing,POINT (-106.545798 31.787249)
2022-11-17,2022.0,11,TEXAS,1,Vehicle accident / death linked to hazardous transport,,US-Mexico border crossing,POINT (-106.53538 31.800609)
2022-11-26,2022.0,11,TEXAS,1,Vehicle accident / death linked to hazardous transport,,US-Mexico border crossing,POINT (-106.417356 31.753925)
2022-12-06,2022.0,12,TEXAS,3,Vehicle accident / death linked to hazardous transport,,US-Mexico border crossing,POINT (-100.55048 29.339606)
2022-12-06,2022.0,12,TEXAS,3,Vehicle accident / death linked to hazardous transport,,US-Mexico border crossing,POINT (-100.410528 29.301739)
2022-12-06,2022.0,12,TEXAS,1,Vehicle accident / death linked to hazardous transport,,US-Mexico border crossing,POINT (-100.410528 29.301739)
2022-12-18,2022.0,12,,9,Drowning,,Caribbean to US,POINT (80.0684 26.6168)
2022-12-20,2022.0,12,,2,Drowning,,Caribbean to US,POINT (-81.047466 24.10209)
2022-12-24,2022.0,12,,1,Drowning,,US-Mexico border crossing,POINT (-100.510986 28.696339)
2022-09-22,2022.0,9,TEXAS,1,Mixed or unknown,,US-Mexico border crossing,POINT (-96.720089 28.952049)
2022-11-30,2022.0,11,TEXAS,1,Vehicle accident / death linked to hazardous transport,,US-Mexico border crossing,POINT (-96.598276 29.001451)
2022-07-01,2022.0,7,ARIZONA,1,Mixed or unknown,80.3,US-Mexico border crossing,POINT (-113.1305 32.45157)
2022-07-01,2022.0,7,ARIZONA,1,Mixed or unknown,80.3,US-Mexico border crossing,POINT (-113.13042 32.43606)
2022-07-01,2022.0,7,ARIZONA,1,"Harsh environmental conditions / lack of adequate shelter, food, water",80.3,US-Mexico border crossing,POINT (-111.527517 32.309908)
2022-07-04,2022.0,7,ARIZONA,1,Mixed or unknown,80.3,US-Mexico border crossing,POINT (-111.30484 32.25445)
2022-07-07,2022.0,7,ARIZONA,1,Mixed or unknown,80.3,US-Mexico border crossing,POINT (-111.719 31.6517)
2022-07-08,2022.0,7,ARIZONA,1,Mixed or unknown,80.3,US-Mexico border crossing,POINT (-112.00602 31.73471)
2022-07-08,2022.0,7,ARIZONA,1,Mixed or unknown,80.3,US-Mexico border crossing,POINT (-112.14851 31.79995)
2022-07-08,2022.0,7,ARIZONA,1,Mixed or unknown,80.3,US-Mexico border crossing,POINT (-112.00602 31.71471)
2022-07-09,2022.0,7,ARIZONA,1,Mixed or unknown,80.3,US-Mexico border crossing,POINT (-110.82748 31.50029)
2022-07-10,2022.0,7,ARIZONA,1,"Harsh environmental conditions / lack of adequate shelter, food, water",80.3,US-Mexico border crossing,POINT (-111.64775 31.57852)
2022-07-10,2022.0,7,ARIZONA,1,Mixed or unknown,80.3,US-Mexico border crossing,POINT (-113.09917 32.4373)
2022-07-10,2022.0,7,ARIZONA,1,Mixed or unknown,80.3,US-Mexico border crossing,POINT (-111.214073 31.519059)
2022-07-12,2022.0,7,ARIZONA,1,"Harsh environmental conditions / lack of adequate shelter, food, water",80.3,US-Mexico border crossing,POINT (-111.39667 31.925833)
2022-07-12,2022.0,7,ARIZONA,1,"Harsh environmental conditions / lack of adequate shelter, food, water",80.3,US-Mexico border crossing,POINT (-110.959251 31.4056)
2022-07-14,2022.0,7,ARIZONA,1,"Harsh environmental conditions / lack of adequate shelter, food, water",80.3,US-Mexico border crossing,POINT (-111.92995 31.88015)
2022-07-15,2022.0,7,ARIZONA,1,"Harsh environmental conditions / lack of adequate shelter, food, water",80.3,US-Mexico border crossing,POINT (-111.397145 31.925464)
2022-07-18,2022.0,7,ARIZONA,1,"Harsh environmental conditions / lack of adequate shelter, food, water",80.3,US-Mexico border crossing,POINT (-109.096365 31.591469)
2022-07-18,2022.0,7,ARIZONA,1,"Harsh environmental conditions / lack of adequate shelter, food, water",80.3,US-Mexico border crossing,POINT (-111.32328 32.0887)
2022-07-18,2022.0,7,ARIZONA,1,"Harsh environmental conditions / lack of adequate shelter, food, water",80.3,US-Mexico border crossing,POINT (-111.77026 31.91862)
2022-07-19,2022.0,7,ARIZONA,1,Mixed or unknown,80.3,US-Mexico border crossing,POINT (-111.8745 31.714)
2022-07-19,2022.0,7,ARIZONA,1,Mixed or unknown,80.3,US-Mexico border crossing,POINT (-111.90511 31.7814)
2022-07-21,2022.0,7,ARIZONA,1,Mixed or unknown,80.3,US-Mexico border crossing,POINT (-111.82705 32.36428)
2022-07-24,2022.0,7,ARIZONA,1,Mixed or unknown,80.3,US-Mexico border crossing,POINT (-111.2739 31.42363)
2022-07-26,2022.0,7,ARIZONA,1,Mixed or unknown,80.3,US-Mexico border crossing,POINT (-111.855091 32.166292)
2022-07-26,2022.0,7,ARIZONA,1,Mixed or unknown,80.3,US-Mexico border crossing,POINT (-111.885296 32.166238)
2022-07-26,2022.0,7,ARIZONA,1,Mixed or unknown,80.3,US-Mexico border crossing,POINT (-111.698551 31.670708)
2022-07-26,2022.0,7,ARIZONA,1,Mixed or unknown,80.3,US-Mexico border crossing,POINT (-111.873344 32.184669)
2022-07-29,2022.0,7,ARIZONA,1,Mixed or unknown,80.3,US-Mexico border crossing,POINT (-112.12803 31.9762)
2022-08-01,2022.0,8,ARIZONA,1,"Harsh environmental conditions / lack of adequate shelter, food, water",80.4,US-Mexico border crossing,POINT (-111.03867 31.75449)
2022-08-05,2022.0,8,ARIZONA,1,"Harsh environmental conditions / lack of adequate shelter, food, water",80.4,US-Mexico border crossing,POINT (-111.155142 31.484986)
2022-08-06,2022.0,8,ARIZONA,1,"Harsh environmental conditions / lack of adequate shelter, food, water",80.4,US-Mexico border crossing,POINT (-111.167489 31.501019)
2022-08-08,2022.0,8,ARIZONA,1,Mixed or unknown,80.4,US-Mexico border crossing,POINT (-111.63046 31.54707)
2022-08-24,2022.0,8,ARIZONA,1,Mixed or unknown,80.4,US-Mexico border crossing,POINT (-111.261768 31.445001)
2022-08-26,2022.0,8,ARIZONA,1,Mixed or unknown,80.4,US-Mexico border crossing,POINT (-112.40925 31.77688)
2022-08-26,2022.0,8,ARIZONA,1,Violence,80.4,US-Mexico border crossing,POINT (-110.9784 31.33287)
2022-08-30,2022.0,8,ARIZONA,1,"Harsh environmental conditions / lack of adequate shelter, food, water",80.4,US-Mexico border crossing,POINT (-110.77353 31.39808)
2022-08-30,2022.0,8,ARIZONA,1,"Harsh environmental conditions / lack of adequate shelter, food, water",80.4,US-Mexico border crossing,POINT (-111.15726 31.48614)
2022-08-31,2022.0,8,ARIZONA,1,Mixed or unknown,80.4,US-Mexico border crossing,POINT (-111.968683 32.25485)
2022-09-07,2022.0,9,ARIZONA,1,Mixed or unknown,,US-Mexico border crossing,POINT (-112.582639 32.288306)
2022-09-07,2022.0,9,ARIZONA,1,"Harsh environmental conditions / lack of adequate shelter, food, water",,US-Mexico border crossing,POINT (-112.58083 31.99805)
2022-09-11,2022.0,9,ARIZONA,1,Mixed or unknown,,US-Mexico border crossing,POINT (-111.361324 32.289057)
2022-09-13,2022.0,9,ARIZONA,1,Mixed or unknown,,US-Mexico border crossing,POINT (-112.9238 31.99277)
2022-09-13,2022.0,9,ARIZONA,1,Mixed or unknown,,US-Mexico border crossing,POINT (-112.03748 31.98144)
2022-09-14,2022.0,9,ARIZONA,1,Mixed or unknown,,US-Mexico border crossing,POINT (-113.10851 32.210991)
2022-09-15,2022.0,9,ARIZONA,1,Mixed or unknown,,US-Mexico border crossing,POINT (-111.096944 31.743889)
2022-09-15,2022.0,9,ARIZONA,1,Mixed or unknown,,US-Mexico border crossing,POINT (-110.88061 31.70871)
2022-09-19,2022.0,9,ARIZONA,1,"Harsh environmental conditions / lack of adequate shelter, food, water",,US-Mexico border crossing,POINT (-110.77547 31.42272)
2022-09-22,2022.0,9,ARIZONA,1,"Harsh environmental conditions / lack of adequate shelter, food, water",,US-Mexico border crossing,POINT (-111.382204 32.100171)
2022-09-27,2022.0,9,ARIZONA,1,Mixed or unknown,,US-Mexico border crossing,POINT (-112.51583 31.82078)
2022-09-28,2022.0,9,ARIZONA,1,Mixed or unknown,,US-Mexico border crossing,POINT (-112.473433 31.84885)
2022-09-29,2022.0,9,ARIZONA,1,Mixed or unknown,,US-Mexico border crossing,POINT (-112.436883 31.800483)
2022-10-12,2022.0,10,ARIZONA,1,Mixed or unknown,,US-Mexico border crossing,POINT (-112.5687 31.82982)
2022-10-13,2022.0,10,,1,Mixed or unknown,,US-Mexico border crossing,POINT (-112.831137 31.884289)
2022-10-21,2022.0,10,ARIZONA,1,Mixed or unknown,,US-Mexico border crossing,POINT (-111.117096 31.484091)
2022-10-21,2022.0,10,ARIZONA,1,Mixed or unknown,,US-Mexico border crossing,POINT (-113.24019 32.32169)
2022-10-24,2022.0,10,ARIZONA,1,Mixed or unknown,,US-Mexico border crossing,POINT (-111.17747 31.46757)
2022-10-25,2022.0,10,ARIZONA,1,Mixed or unknown,,US-Mexico border crossing,POINT (-111.48268 31.46327)
2022-11-01,2022.0,11,ARIZONA,1,Mixed or unknown,,US-Mexico border crossing,POINT (-113.13286 32.43111)
2022-11-01,2022.0,11,ARIZONA,1,Mixed or unknown,,US-Mexico border crossing,POINT (-113.13407 32.44849)
2022-11-01,2022.0,11,ARIZONA,1,Mixed or unknown,,US-Mexico border crossing,POINT (-113.13481 32.44538)
2022-11-05,2022.0,11,ARIZONA,1,Mixed or unknown,,US-Mexico border crossing,POINT (-111.0677 31.66915)
2022-11-11,2022.0,11,ARIZONA,1,Mixed or unknown,,US-Mexico border crossing,POINT (-113.13171 32.20053)
2022-11-14,2022.0,11,ARIZONA,1,Mixed or unknown,,US-Mexico border crossing,POINT (-112.128 31.977)
2022-11-14,2022.0,11,ARIZONA,1,Mixed or unknown,,US-Mexico border crossing,POINT (-112.132096 31.980053)
2022-11-15,2022.0,11,ARIZONA,1,Drowning,,US-Mexico border crossing,POINT (-109.70075 31.379167)
2022-11-18,2022.0,11,ARIZONA,1,Mixed or unknown,,US-Mexico border crossing,POINT (-112.139679 31.984896)
2022-11-18,2022.0,11,ARIZONA,1,Mixed or unknown,,US-Mexico border crossing,POINT (-112.14043 31.984745)
2022-11-18,2022.0,11,ARIZONA,1,Mixed or unknown,,US-Mexico border crossing,POINT (-112.13866 31.97781)
2022-12-11,2022.0,12,ARIZONA,1,Mixed or unknown,,US-Mexico border crossing,POINT (-111.3315 31.9817)
2022-12-22,2022.0,12,ARIZONA,1,Violence,,US-Mexico border crossing,POINT (-111.57458 31.85138)
2022-12-23,2022.0,12,ARIZONA,1,Mixed or unknown,,US-Mexico border crossing,POINT (-111.498134 32.376949)
2022-12-23,2022.0,12,ARIZONA,1,Mixed or unknown,,US-Mexico border crossing,POINT (-111.50664 31.7218)
2022-12-26,2022.0,12,ARIZONA,1,Mixed or unknown,,US-Mexico border crossing,POINT (-113.138395 32.472078)
2022-12-30,2022.0,12,ARIZONA,1,Mixed or unknown,,US-Mexico border crossing,POINT (-111.16589 31.66124)
2022-05-17,2022.0,5,TEXAS,1,Mixed or unknown,73.4,US-Mexico border crossing,POINT (-102.239 30.42503)
2022-05-21,2022.0,5,,1,Mixed or unknown,,US-Mexico border crossing,POINT (101.81618 30.33431)
2022-05-29,2022.0,5,TEXAS,1,Mixed or unknown,73.4,US-Mexico border crossing,POINT (-102.3575 29.98876)
2022-06-11,2022.0,6,TEXAS,1,Mixed or unknown,80.8,US-Mexico border crossing,POINT (-101.7609 29.909)
2022-06-13,2022.0,6,TEXAS,1,Mixed or unknown,80.8,US-Mexico border crossing,POINT (-102.10989 29.90606)
2022-06-22,2022.0,6,TEXAS,1,Mixed or unknown,80.8,US-Mexico border crossing,POINT (-101.84912 29.89553)
2022-07-06,2022.0,7,TEXAS,1,Mixed or unknown,85.4,US-Mexico border crossing,POINT (-102.29424 30.06086)
2022-07-12,2022.0,7,TEXAS,1,Mixed or unknown,85.4,US-Mexico border crossing,POINT (-102.1134 30.0442)
2022-07-27,2022.0,7,TEXAS,1,Mixed or unknown,85.4,US-Mexico border crossing,POINT (-101.799197 29.899597)
2022-08-03,2022.0,8,TEXAS,1,Mixed or unknown,85.3,US-Mexico border crossing,POINT (-101.76691 29.94657)
2022-08-11,2022.0,8,TEXAS,1,Mixed or unknown,85.3,US-Mexico border crossing,POINT (-102.08442 29.84786)
2022-08-12,2022.0,8,TEXAS,1,Mixed or unknown,85.3,US-Mexico border crossing,POINT (-102.4424 30.2412)
2022-08-31,2022.0,8,TEXAS,1,Mixed or unknown,85.3,US-Mexico border crossing,POINT (-101.85535 29.88728)
2022-10-30,2022.0,10,TEXAS,1,Mixed or unknown,,US-Mexico border crossing,POINT (-101.776434 30.043516)
2022-03-13,2022.0,3,TEXAS,1,Mixed or unknown,51.4,US-Mexico border crossing,POINT (-104.45847 29.980959)
2022-05-26,2022.0,5,TEXAS,1,Mixed or unknown,73.4,US-Mexico border crossing,POINT (-103.797695 29.334778)
2022-08-08,2022.0,8,TEXAS,1,Mixed or unknown,85.3,US-Mexico border crossing,POINT (-104.350127 29.561305)
2022-06-07,2022.0,6,TEXAS,1,"Harsh environmental conditions / lack of adequate shelter, food, water",80.8,US-Mexico border crossing,POINT (-106.165595 31.791348)
2022-06-10,2022.0,6,TEXAS,1,Drowning,80.8,US-Mexico border crossing,POINT (-106.162408 31.504994)
2022-06-12,2022.0,6,TEXAS,1,Drowning,80.8,US-Mexico border crossing,POINT (-106.366456 31.724355)
2022-06-30,2022.0,6,TEXAS,1,Violence,80.8,US-Mexico border crossing,POINT (-106.278382 31.562936)
2022-10-13,2022.0,10,TEXAS,1,Violence,,US-Mexico border crossing,POINT (-106.284045 31.579881)
2022-03-22,2022.0,3,TEXAS,1,Accidental death,51.4,US-Mexico border crossing,POINT (-106.473951 31.782808)
2022-04-13,2022.0,4,TEXAS,1,Vehicle accident / death linked to hazardous transport,62.8,US-Mexico border crossing,POINT (-98.532686 27.856545)
2022-05-01,2022.0,5,TEXAS,1,Accidental death,73.4,US-Mexico border crossing,POINT (-106.350146 31.756423)
2022-09-28,2022.0,9,TEXAS,2,Vehicle accident / death linked to hazardous transport,,US-Mexico border crossing,POINT (-99.741488 29.245722)
2022-11-12,2022.0,11,CALIFORNIA,1,"Harsh environmental conditions / lack of adequate shelter, food, water",,US-Mexico border crossing,POINT (-116.01633 32.62774)
2022-10-06,2022.0,10,,1,"Harsh environmental conditions / lack of adequate shelter, food, water",,US-Mexico border crossing,POINT (-144.77425 32.83105)
2022-09-21,2022.0,9,CALIFORNIA,1,"Harsh environmental conditions / lack of adequate shelter, food, water",,US-Mexico border crossing,POINT (-116.032934 32.734828)
2022-08-28,2022.0,8,ARIZONA,1,"Harsh environmental conditions / lack of adequate shelter, food, water",80.4,US-Mexico border crossing,POINT (-114.643016 32.736945)
2022-08-07,2022.0,8,CALIFORNIA,1,Drowning,77.9,US-Mexico border crossing,POINT (-115.506555 32.686399)
2022-08-01,2022.0,8,CALIFORNIA,1,Violence,77.9,US-Mexico border crossing,POINT (-114.82131 32.80281)
2022-07-27,2022.0,7,,1,"Harsh environmental conditions / lack of adequate shelter, food, water",,US-Mexico border crossing,POINT (-115.138 32.6338)
2022-07-26,2022.0,7,CALIFORNIA,1,"Harsh environmental conditions / lack of adequate shelter, food, water",74.8,US-Mexico border crossing,POINT (-114.82867 32.80842)
2022-07-24,2022.0,7,CALIFORNIA,1,Drowning,74.8,US-Mexico border crossing,POINT (-114.943039 32.712701)
2022-07-22,2022.0,7,CALIFORNIA,1,"Harsh environmental conditions / lack of adequate shelter, food, water",74.8,US-Mexico border crossing,POINT (-115.026125 32.775853)
2022-07-23,2022.0,7,CALIFORNIA,1,Drowning,74.8,US-Mexico border crossing,POINT (-115.537829 32.662321)
2022-07-22,2022.0,7,CALIFORNIA,1,Drowning,74.8,US-Mexico border crossing,POINT (-114.942787 32.711615)
2022-07-18,2022.0,7,CALIFORNIA,1,Drowning,74.8,US-Mexico border crossing,POINT (-114.943082 32.712692)
2022-07-17,2022.0,7,CALIFORNIA,1,"Harsh environmental conditions / lack of adequate shelter, food, water",74.8,US-Mexico border crossing,POINT (-114.91383 32.72226)
2022-07-13,2022.0,7,CALIFORNIA,1,Drowning,74.8,US-Mexico border crossing,POINT (-114.94273 32.71165)
2022-06-27,2022.0,6,CALIFORNIA,1,Drowning,67.2,US-Mexico border crossing,POINT (-115.62878 32.65556)
2022-06-27,2022.0,6,CALIFORNIA,1,Drowning,67.2,US-Mexico border crossing,POINT (-115.526591 32.671228)
2022-06-21,2022.0,6,CALIFORNIA,1,Drowning,67.2,US-Mexico border crossing,POINT (-114.942426 32.714466)
2022-06-18,2022.0,6,CALIFORNIA,1,Drowning,67.2,US-Mexico border crossing,POINT (-114.943252 32.713771)
2022-06-15,2022.0,6,CALIFORNIA,1,Drowning,67.2,US-Mexico border crossing,POINT (-114.71513 32.72998)
2022-06-13,2022.0,6,CALIFORNIA,1,"Harsh environmental conditions / lack of adequate shelter, food, water",67.2,US-Mexico border crossing,POINT (-114.864373 32.721149)
2022-06-07,2022.0,6,CALIFORNIA,1,"Harsh environmental conditions / lack of adequate shelter, food, water",67.2,US-Mexico border crossing,POINT (-114.862396 32.745388)
2022-06-06,2022.0,6,CALIFORNIA,1,Drowning,67.2,US-Mexico border crossing,POINT (-114.94267 32.71159)
2022-06-06,2022.0,6,CALIFORNIA,1,Drowning,67.2,US-Mexico border crossing,POINT (-114.72041 32.71881)
2022-06-04,2022.0,6,CALIFORNIA,1,Drowning,67.2,US-Mexico border crossing,POINT (-114.9408 32.71146)
2022-05-26,2022.0,5,CALIFORNIA,1,"Harsh environmental conditions / lack of adequate shelter, food, water",59.1,US-Mexico border crossing,POINT (-115.07841 33.00263)
2022-05-25,2022.0,5,CALIFORNIA,1,Drowning,59.1,US-Mexico border crossing,POINT (-115.18452 32.97226)
2022-05-17,2022.0,5,CALIFORNIA,1,Drowning,59.1,US-Mexico border crossing,POINT (-115.182992 32.970308)
2022-04-15,2022.0,4,CALIFORNIA,1,Drowning,54.6,US-Mexico border crossing,POINT (-114.942857 32.712945)
2022-04-12,2022.0,4,CALIFORNIA,1,"Harsh environmental conditions / lack of adequate shelter, food, water",54.6,US-Mexico border crossing,POINT (-116.04549 32.67129)
2022-03-20,2022.0,3,CALIFORNIA,1,Drowning,50.7,US-Mexico border crossing,POINT (-114.78615 32.71781)
2022-03-09,2022.0,3,CALIFORNIA,1,Drowning,50.7,US-Mexico border crossing,POINT (-115.03065 32.70538)
2022-03-08,2022.0,3,CALIFORNIA,1,Drowning,50.7,US-Mexico border crossing,POINT (-115.48228 32.70153)
2022-03-01,2022.0,3,CALIFORNIA,1,Drowning,50.7,US-Mexico border crossing,POINT (-115.50448 32.66681)
2022-02-15,2022.0,2,CALIFORNIA,2,Drowning,47.4,US-Mexico border crossing,POINT (-114.9435 32.712035)
2022-02-09,2022.0,2,CALIFORNIA,2,Drowning,47.4,US-Mexico border crossing,POINT (-114.94317 32.71193)
2022-01-24,2022.0,1,,1,Drowning,,US-Mexico border crossing,POINT (115.032154 32.709856)
2022-08-27,2022.0,8,,1,Drowning,,US-Mexico border crossing,POINT (-100.510035 28.698446)
2022-01-08,2022.0,1,NEW MEXICO,1,"Harsh environmental conditions / lack of adequate shelter, food, water",38.8,US-Mexico border crossing,POINT (-107.891579 31.793386)
2022-03-03,2022.0,3,NEW MEXICO,1,"Harsh environmental conditions / lack of adequate shelter, food, water",39.8,US-Mexico border crossing,POINT (-108.23972 31.80696)
2022-03-18,2022.0,3,NEW MEXICO,1,"Harsh environmental conditions / lack of adequate shelter, food, water",39.8,US-Mexico border crossing,POINT (-109.01613 31.40267)
2022-08-27,2022.0,8,,1,Drowning,,US-Mexico border crossing,POINT (-100.510035 28.698446)
2022-04-19,2022.0,4,NEW MEXICO,1,"Harsh environmental conditions / lack of adequate shelter, food, water",49.9,US-Mexico border crossing,POINT (-108.643595 31.653244)
2022-05-17,2022.0,5,NEW MEXICO,1,Sickness / lack of access to adequate healthcare,60.1,US-Mexico border crossing,POINT (-106.774861 32.047152)
2022-06-08,2022.0,6,NEW MEXICO,1,"Harsh environmental conditions / lack of adequate shelter, food, water",68.6,US-Mexico border crossing,POINT (-106.707692 31.952998)
2022-06-19,2022.0,6,TEXAS,1,Drowning,80.8,US-Mexico border crossing,POINT (-106.528011 31.785844)
2022-06-26,2022.0,6,NEW MEXICO,1,"Harsh environmental conditions / lack of adequate shelter, food, water",68.6,US-Mexico border crossing,POINT (-106.6607 31.80359)
2022-06-27,2022.0,6,TEXAS,1,"Harsh environmental conditions / lack of adequate shelter, food, water",80.8,US-Mexico border crossing,POINT (-106.553227 31.798566)
2022-07-05,2022.0,7,NEW MEXICO,1,"Harsh environmental conditions / lack of adequate shelter, food, water",74.4,US-Mexico border crossing,POINT (-106.616758 31.814957)
2022-09-07,2022.0,9,NEW MEXICO,1,"Harsh environmental conditions / lack of adequate shelter, food, water",,US-Mexico border crossing,POINT (-108.331064 31.944718)
2022-07-14,2022.0,7,NEW MEXICO,1,Mixed or unknown,74.4,US-Mexico border crossing,POINT (-106.594203 31.796122)
2022-10-03,2022.0,10,NEW MEXICO,1,"Harsh environmental conditions / lack of adequate shelter, food, water",,US-Mexico border crossing,POINT (-106.60691 31.80287)
2022-10-09,2022.0,10,NEW MEXICO,1,"Harsh environmental conditions / lack of adequate shelter, food, water",,US-Mexico border crossing,POINT (-108.75593 31.89079)
2022-10-14,2022.0,10,NEW MEXICO,1,"Harsh environmental conditions / lack of adequate shelter, food, water",,US-Mexico border crossing,POINT (-108.74617 31.77626)
2022-10-28,2022.0,10,TEXAS,1,Vehicle accident / death linked to hazardous transport,,US-Mexico border crossing,POINT (-106.54535 31.798448)
2022-11-19,2022.0,11,NEW MEXICO,1,"Harsh environmental conditions / lack of adequate shelter, food, water",,US-Mexico border crossing,POINT (-106.600251 31.784155)
2022-11-22,2022.0,11,NEW MEXICO,1,Mixed or unknown,,US-Mexico border crossing,POINT (-106.64827 31.80732)
2022-07-11,2022.0,7,TEXAS,1,Violence,85.4,US-Mexico border crossing,POINT (-106.278586 31.562829)
2022-10-19,2022.0,10,TEXAS,1,Sickness / lack of access to adequate healthcare,,US-Mexico border crossing,POINT (-106.288992 31.707031)
2022-01-05,2022.0,1,NEW MEXICO,1,Mixed or unknown,38.8,US-Mexico border crossing,POINT (-106.74556 31.89369)
2022-01-08,2022.0,1,NEW MEXICO,1,Mixed or unknown,38.8,US-Mexico border crossing,POINT (-107.891536 31.79324)
2022-02-11,2022.0,2,NEW MEXICO,1,Mixed or unknown,35.4,US-Mexico border crossing,POINT (-107.89154 31.79324)
2022-04-09,2022.0,4,NEW MEXICO,1,Sickness / lack of access to adequate healthcare,49.9,US-Mexico border crossing,POINT (-106.717302 31.935578)
2022-04-25,2022.0,4,NEW MEXICO,1,Mixed or unknown,49.9,US-Mexico border crossing,POINT (-108.0319 32.1396)
2022-06-04,2022.0,6,NEW MEXICO,1,Mixed or unknown,68.6,US-Mexico border crossing,POINT (-108.071793 32.188927)
2022-06-06,2022.0,6,NEW MEXICO,1,"Harsh environmental conditions / lack of adequate shelter, food, water",68.6,US-Mexico border crossing,POINT (-107.849992 31.818749)
2022-06-18,2022.0,6,NEW MEXICO,1,"Harsh environmental conditions / lack of adequate shelter, food, water",68.6,US-Mexico border crossing,POINT (-106.77 31.82)
2022-06-19,2022.0,6,TEXAS,1,Drowning,80.8,US-Mexico border crossing,POINT (-106.52841 31.785127)
2022-06-23,2022.0,6,NEW MEXICO,1,Mixed or unknown,68.6,US-Mexico border crossing,POINT (-106.55369 31.79652)
2022-06-23,2022.0,6,NEW MEXICO,1,Mixed or unknown,68.6,US-Mexico border crossing,POINT (-107.891422 32.181322)
2022-06-26,2022.0,6,NEW MEXICO,1,Sickness / lack of access to adequate healthcare,68.6,US-Mexico border crossing,POINT (-106.710134 31.873634)
2022-06-30,2022.0,6,NEW MEXICO,1,"Harsh environmental conditions / lack of adequate shelter, food, water",68.6,US-Mexico border crossing,POINT (-106.67968 31.79133)
2022-07-03,2022.0,7,NEW MEXICO,1,"Harsh environmental conditions / lack of adequate shelter, food, water",74.4,US-Mexico border crossing,POINT (-107.606283 32.04963)
2022-07-06,2022.0,7,NEW MEXICO,1,Mixed or unknown,74.4,US-Mexico border crossing,POINT (-106.721198 31.922153)
2022-07-07,2022.0,7,NEW MEXICO,1,"Harsh environmental conditions / lack of adequate shelter, food, water",74.4,US-Mexico border crossing,POINT (-106.77945 31.93323)
2022-07-09,2022.0,7,NEW MEXICO,1,"Harsh environmental conditions / lack of adequate shelter, food, water",74.4,US-Mexico border crossing,POINT (-108.33106 31.944699)
2022-07-11,2022.0,7,NEW MEXICO,1,"Harsh environmental conditions / lack of adequate shelter, food, water",74.4,US-Mexico border crossing,POINT (-106.812153 31.816477)
2022-07-11,2022.0,7,NEW MEXICO,1,"Harsh environmental conditions / lack of adequate shelter, food, water",74.4,US-Mexico border crossing,POINT (-106.812153 31.816477)
2022-07-18,2022.0,7,NEW MEXICO,1,Mixed or unknown,74.4,US-Mexico border crossing,POINT (-106.71 31.80742)
2022-07-19,2022.0,7,NEW MEXICO,1,Mixed or unknown,74.4,US-Mexico border crossing,POINT (-107.387904 32.047412)
2022-07-19,2022.0,7,NEW MEXICO,1,"Harsh environmental conditions / lack of adequate shelter, food, water",74.4,US-Mexico border crossing,POINT (-107.34427 32.02978)
2022-07-19,2022.0,7,NEW MEXICO,1,"Harsh environmental conditions / lack of adequate shelter, food, water",74.4,US-Mexico border crossing,POINT (-107.365005 32.038612)
2022-07-24,2022.0,7,NEW MEXICO,1,Mixed or unknown,74.4,US-Mexico border crossing,POINT (-107.9454 32.124)
2022-08-15,2022.0,8,NEW MEXICO,1,"Harsh environmental conditions / lack of adequate shelter, food, water",74.0,US-Mexico border crossing,POINT (-106.77043 31.82818)
2022-08-17,2022.0,8,NEW MEXICO,1,"Harsh environmental conditions / lack of adequate shelter, food, water",74.0,US-Mexico border crossing,POINT (-107.939437 32.169605)
2022-08-22,2022.0,8,NEW MEXICO,1,Mixed or unknown,74.0,US-Mexico border crossing,POINT (-106.79655 31.80705)
2022-08-28,2022.0,8,NEW MEXICO,1,"Harsh environmental conditions / lack of adequate shelter, food, water",74.0,US-Mexico border crossing,POINT (-106.7274 31.85473)
2022-08-31,2022.0,8,NEW MEXICO,1,Mixed or unknown,74.0,US-Mexico border crossing,POINT (-107.80045 31.94712)
2022-09-08,2022.0,9,NEW MEXICO,1,"Harsh environmental conditions / lack of adequate shelter, food, water",,US-Mexico border crossing,POINT (-108.08549 32.210221)
2022-09-19,2022.0,9,NEW MEXICO,1,"Harsh environmental conditions / lack of adequate shelter, food, water",,US-Mexico border crossing,POINT (-106.708758 31.79803)
2022-09-19,2022.0,9,,1,"Harsh environmental conditions / lack of adequate shelter, food, water",,US-Mexico border crossing,POINT (107.43403 32.0751)
2022-09-29,2022.0,9,NEW MEXICO,1,Mixed or unknown,,US-Mexico border crossing,POINT (-106.61277 31.805542)
2022-10-04,2022.0,10,NEW MEXICO,1,Mixed or unknown,,US-Mexico border crossing,POINT (-106.726195 31.799569)
2022-10-14,2022.0,10,NEW MEXICO,1,Mixed or unknown,,US-Mexico border crossing,POINT (-106.604 31.80042)
2022-10-23,2022.0,10,NEW MEXICO,1,Mixed or unknown,,US-Mexico border crossing,POINT (-107.00135 31.801082)
2022-10-26,2022.0,10,NEW MEXICO,1,Sickness / lack of access to adequate healthcare,,US-Mexico border crossing,POINT (-106.728667 32.323673)
2022-10-29,2022.0,10,NEW MEXICO,1,Mixed or unknown,,US-Mexico border crossing,POINT (-106.913844 31.789748)
2022-11-02,2022.0,11,NEW MEXICO,1,Mixed or unknown,,US-Mexico border crossing,POINT (-106.62228 31.80357)
2022-11-10,2022.0,11,NEW MEXICO,1,"Harsh environmental conditions / lack of adequate shelter, food, water",,US-Mexico border crossing,POINT (-108.70742 32.338367)
2022-12-23,2022.0,12,NEW MEXICO,1,Mixed or unknown,,US-Mexico border crossing,POINT (-106.69674 31.86087)
2022-05-09,2022.0,5,ARIZONA,1,"Harsh environmental conditions / lack of adequate shelter, food, water",64.8,US-Mexico border crossing,POINT (-113.05184 32.19914)
2022-07-22,2022.0,7,ARIZONA,1,"Harsh environmental conditions / lack of adequate shelter, food, water",80.3,US-Mexico border crossing,POINT (-109.38406 31.44556)
2022-01-01,2022.0,1,CALIFORNIA,1,"Harsh environmental conditions / lack of adequate shelter, food, water",45.0,US-Mexico border crossing,POINT (-116.929874 32.60485)
2022-01-15,2022.0,1,CALIFORNIA,1,Accidental death,45.0,US-Mexico border crossing,POINT (-117.192652 32.961889)
2022-01-28,2022.0,1,CALIFORNIA,1,Accidental death,45.0,US-Mexico border crossing,POINT (-117.106332 32.53644)
2022-02-05,2022.0,2,CALIFORNIA,1,Accidental death,47.4,US-Mexico border crossing,POINT (-116.908989 32.555132)
2022-02-06,2022.0,2,CALIFORNIA,1,Sickness / lack of access to adequate healthcare,47.4,US-Mexico border crossing,POINT (-116.844072 32.638093)
2022-02-17,2022.0,2,CALIFORNIA,1,"Harsh environmental conditions / lack of adequate shelter, food, water",47.4,US-Mexico border crossing,POINT (-116.892531 32.693341)
2022-02-23,2022.0,2,CALIFORNIA,1,"Harsh environmental conditions / lack of adequate shelter, food, water",47.4,US-Mexico border crossing,POINT (-117.012599 32.779604)
2022-03-29,2022.0,3,CALIFORNIA,1,"Harsh environmental conditions / lack of adequate shelter, food, water",50.7,US-Mexico border crossing,POINT (-116.271585 32.658739)
2022-04-11,2022.0,4,,1,Drowning,,US-Mexico border crossing,POINT (-117.256833 32.716505)
2022-04-26,2022.0,4,CALIFORNIA,1,Drowning,54.6,US-Mexico border crossing,POINT (-117.094904 32.552716)
2022-04-29,2022.0,4,CALIFORNIA,1,Accidental death,54.6,US-Mexico border crossing,POINT (-117.166449 32.754493)
2022-05-27,2022.0,5,CALIFORNIA,1,Mixed or unknown,59.1,US-Mexico border crossing,POINT (-117.00473 32.548236)
2022-06-09,2022.0,6,CALIFORNIA,1,"Harsh environmental conditions / lack of adequate shelter, food, water",67.2,US-Mexico border crossing,POINT (-116.927289 32.671228)
2022-06-17,2022.0,6,CALIFORNIA,1,Vehicle accident / death linked to hazardous transport,67.2,US-Mexico border crossing,POINT (-116.268627 32.662983)
2022-08-03,2022.0,8,CALIFORNIA,1,Accidental death,77.9,US-Mexico border crossing,POINT (-117.069995 32.539657)
2022-08-08,2022.0,8,CALIFORNIA,1,"Harsh environmental conditions / lack of adequate shelter, food, water",77.9,US-Mexico border crossing,POINT (-116.776641 32.638584)
2022-08-09,2022.0,8,CALIFORNIA,1,"Harsh environmental conditions / lack of adequate shelter, food, water",77.9,US-Mexico border crossing,POINT (-116.805081 32.614426)
2022-08-11,2022.0,8,CALIFORNIA,1,"Harsh environmental conditions / lack of adequate shelter, food, water",77.9,US-Mexico border crossing,POINT (-116.875924 32.615734)
2022-08-12,2022.0,8,CALIFORNIA,1,"Harsh environmental conditions / lack of adequate shelter, food, water",77.9,US-Mexico border crossing,POINT (-116.860822 32.645395)
2022-09-03,2022.0,9,CALIFORNIA,1,Mixed or unknown,,US-Mexico border crossing,POINT (-116.829555 32.627053)
2022-09-05,2022.0,9,CALIFORNIA,1,Mixed or unknown,,US-Mexico border crossing,POINT (-116.85998 32.628444)
2022-09-08,2022.0,9,CALIFORNIA,1,"Harsh environmental conditions / lack of adequate shelter, food, water",,US-Mexico border crossing,POINT (-116.88281 32.60805)
2022-09-24,2022.0,9,CALIFORNIA,1,"Harsh environmental conditions / lack of adequate shelter, food, water",,US-Mexico border crossing,POINT (-116.762748 32.569724)
2022-09-27,2022.0,9,CALIFORNIA,1,"Harsh environmental conditions / lack of adequate shelter, food, water",,US-Mexico border crossing,POINT (-116.838387 32.572264)
2022-10-07,2022.0,10,CALIFORNIA,1,Accidental death,,US-Mexico border crossing,POINT (-116.888306 32.554902)
2022-10-26,2022.0,10,CALIFORNIA,1,"Harsh environmental conditions / lack of adequate shelter, food, water",,US-Mexico border crossing,POINT (-116.826388 32.615311)
2022-11-26,2022.0,11,,1,Drowning,,US-Mexico border crossing,POINT (-117.134828 32.577083)
2022-11-26,2022.0,11,,1,Drowning,,US-Mexico border crossing,POINT (-117.134828 32.577083)
2022-12-05,2022.0,12,,1,Drowning,,US-Mexico border crossing,POINT (-117.134828 32.577083)
2023-01-04,2023.0,1,,1,"Harsh environmental conditions / lack of adequate shelter, food, water",,,POINT (-73.51884136 45.0324623)
2023-01-02,2023.0,1,TEXAS,1,Sickness / lack of access to adequate healthcare,,US-Mexico border crossing,POINT (-100.455678 28.714334)
2023-01-19,2023.0,1,TEXAS,1,Vehicle accident / death linked to hazardous transport,,US-Mexico border crossing,POINT (-100.867173 29.347032)
2023-01-23,2023.0,1,TEXAS,1,"Harsh environmental conditions / lack of adequate shelter, food, water",,US-Mexico border crossing,POINT (-99.852031 28.538407)
2023-01-30,2023.0,1,ARIZONA,1,Violence,,US-Mexico border crossing,POINT (-110.8027274 31.35030942)
2023-02-03,2023.0,2,CALIFORNIA,1,Accidental death,,US-Mexico border crossing,POINT (-116.9824003 32.54687727)
2023-02-19,2023.0,2,VERMONT,1,"Harsh environmental conditions / lack of adequate shelter, food, water",,,POINT (-72.0534531 44.99984468)
2023-02-25,2023.0,2,TEXAS,1,Vehicle accident / death linked to hazardous transport,,US-Mexico border crossing,POINT (-99.47516547 27.36382789)
2023-02-25,2023.0,2,TEXAS,2,Vehicle accident / death linked to hazardous transport,,US-Mexico border crossing,POINT (-99.47516547 27.36382789)
2023-02-27,2023.0,2,,1,Drowning,,US-Mexico border crossing,POINT (-100.4442285 28.60907837)
2023-01-08,2023.0,1,NEW MEXICO,2,Vehicle accident / death linked to hazardous transport,,US-Mexico border crossing,POINT (-106.68387 31.8417875)
2023-01-13,2023.0,1,ARIZONA,1,Sickness / lack of access to adequate healthcare,,US-Mexico border crossing,POINT (-112.7418244 32.27524951)
2023-01-21,2023.0,1,TEXAS,1,Accidental death,,US-Mexico border crossing,POINT (-106.404001 31.7450149)
2023-01-15,2023.0,1,,1,Accidental death,,US-Mexico border crossing,POINT (-106.5153854 31.77246008)
2023-02-17,2023.0,2,ARIZONA,2,"Harsh environmental conditions / lack of adequate shelter, food, water",,US-Mexico border crossing,POINT (-110.2937156 31.39624829)
2023-03-12,2023.0,3,CALIFORNIA,8,Drowning,,US-Mexico border crossing,POINT (-117.2534935 32.89147055)
2023-03-09,2023.0,3,NEW MEXICO,1,Accidental death,,US-Mexico border crossing,POINT (-106.56569 31.786673)
2023-02-20,2023.0,2,CALIFORNIA,1,"Harsh environmental conditions / lack of adequate shelter, food, water",,US-Mexico border crossing,POINT (-116.8389962 32.59603368)
2023-02-11,2023.0,2,ARIZONA,1,Vehicle accident / death linked to hazardous transport,,US-Mexico border crossing,POINT (-110.9358898 32.17263448)
2023-03-24,2023.0,3,TEXAS,2,Vehicle accident / death linked to hazardous transport,,US-Mexico border crossing,POINT (-98.74161326 29.45442775)
2023-03-25,2023.0,3,TEXAS,1,Vehicle accident / death linked to hazardous transport,,US-Mexico border crossing,POINT (-98.46126658 29.4343026)
2023-03-30,2023.0,3,,2,Drowning,,,POINT (-74.67902897 44.99574468)
2023-03-30,2023.0,3,,2,Drowning,,,POINT (-74.67902897 44.99574468)
2023-03-30,2023.0,3,,4,Drowning,,,POINT (-74.67902897 44.99574468)
2023-03-29,2023.0,3,TEXAS,1,Mixed or unknown,,US-Mexico border crossing,POINT (-99.89981283 28.96181707)
2023-01-08,2023.0,1,ARIZONA,1,Mixed or unknown,,US-Mexico border crossing,POINT (-111.3269 32.00007)
2023-01-18,2023.0,1,ARIZONA,1,Violence,,US-Mexico border crossing,POINT (-110.293348 31.33550011)
2023-01-18,2023.0,1,ARIZONA,1,Mixed or unknown,,US-Mexico border crossing,POINT (-113.11644 32.35981)
2023-01-20,2023.0,1,ARIZONA,1,Mixed or unknown,,US-Mexico border crossing,POINT (-111.0998 31.76682)
2023-02-05,2023.0,2,ARIZONA,1,Violence,,US-Mexico border crossing,POINT (-109.829958 32.280741)
2023-02-05,2023.0,2,ARIZONA,1,Violence,,US-Mexico border crossing,POINT (-109.829958 32.280741)
2023-02-05,2023.0,2,ARIZONA,1,Violence,,US-Mexico border crossing,POINT (-109.829958 32.280741)
2023-02-06,2023.0,2,ARIZONA,1,"Harsh environmental conditions / lack of adequate shelter, food, water",,US-Mexico border crossing,POINT (-111.146407 31.898825)
2023-02-07,2023.0,2,ARIZONA,1,Mixed or unknown,,US-Mexico border crossing,POINT (-111.69153 32.41946)
2023-02-08,2023.0,2,ARIZONA,1,Mixed or unknown,,US-Mexico border crossing,POINT (-109.75703 31.38842)
2023-02-08,2023.0,2,ARIZONA,1,Mixed or unknown,,US-Mexico border crossing,POINT (-112.96187 32.02348)
2023-02-10,2023.0,2,ARIZONA,1,Mixed or unknown,,US-Mexico border crossing,POINT (-110.88667 31.86746)
2023-02-12,2023.0,2,ARIZONA,1,Mixed or unknown,,US-Mexico border crossing,POINT (-111.78593 31.91034)
2023-02-13,2023.0,2,ARIZONA,1,Mixed or unknown,,US-Mexico border crossing,POINT (-110.77412 31.49456)
2023-02-16,2023.0,2,ARIZONA,1,Mixed or unknown,,US-Mexico border crossing,POINT (-111.390506 31.897861)
2023-02-18,2023.0,2,ARIZONA,1,"Harsh environmental conditions / lack of adequate shelter, food, water",,US-Mexico border crossing,POINT (-110.87656 31.69235)
2023-02-18,2023.0,2,ARIZONA,1,"Harsh environmental conditions / lack of adequate shelter, food, water",,US-Mexico border crossing,POINT (-110.87716 31.69421)
2023-02-24,2023.0,2,ARIZONA,1,Violence,,US-Mexico border crossing,POINT (-110.176 31.993)
2023-02-25,2023.0,2,ARIZONA,1,"Harsh environmental conditions / lack of adequate shelter, food, water",,US-Mexico border crossing,POINT (-111.02767 32.08369)
2023-03-01,2023.0,3,ARIZONA,1,"Harsh environmental conditions / lack of adequate shelter, food, water",,US-Mexico border crossing,POINT (-111.624 31.7012)
2023-03-02,2023.0,3,ARIZONA,1,Violence,,US-Mexico border crossing,POINT (-111.992132 32.01308408)
2023-03-03,2023.0,3,ARIZONA,1,Mixed or unknown,,US-Mexico border crossing,POINT (-111.18503 32.2089)
2023-03-03,2023.0,3,ARIZONA,1,Mixed or unknown,,US-Mexico border crossing,POINT (-111.36519 31.59236)
2023-03-08,2023.0,3,ARIZONA,1,Mixed or unknown,,US-Mexico border crossing,POINT (-112.133909 31.960493)
2023-03-08,2023.0,3,ARIZONA,1,Mixed or unknown,,US-Mexico border crossing,POINT (-112.123053 31.992774)
2023-03-13,2023.0,3,ARIZONA,1,Mixed or unknown,,US-Mexico border crossing,POINT (-113.14223 32.31692)
2023-03-14,2023.0,3,ARIZONA,1,Mixed or unknown,,US-Mexico border crossing,POINT (-112.8705 32.19323)
2023-03-18,2023.0,3,ARIZONA,1,Mixed or unknown,,US-Mexico border crossing,POINT (-112.93559 32.163554)
2023-03-22,2023.0,3,ARIZONA,1,Mixed or unknown,,US-Mexico border crossing,POINT (-111.624052 31.783223)
2023-03-28,2023.0,3,ARIZONA,1,Mixed or unknown,,US-Mexico border crossing,POINT (-111.00583 31.64694)
2023-03-29,2023.0,3,ARIZONA,1,Mixed or unknown,,US-Mexico border crossing,POINT (-111.91537 31.93013)
2023-03-29,2023.0,3,ARIZONA,1,Mixed or unknown,,US-Mexico border crossing,POINT (-111.6278 32.363)
2023-01-27,2023.0,1,CALIFORNIA,1,Accidental death,,US-Mexico border crossing,POINT (-117.047415 32.54129133)
2023-04-14,2023.0,4,,1,Drowning,,US-Mexico border crossing,POINT (-100.4442566 28.60852075)
2023-04-16,2023.0,4,TEXAS,1,Drowning,,US-Mexico border crossing,POINT (-100.4449806 28.6186814)
2023-04-23,2023.0,4,TEXAS,3,Vehicle accident / death linked to hazardous transport,,US-Mexico border crossing,POINT (-100.3994823 29.30268897)
2023-04-25,2023.0,4,TEXAS,1,Vehicle accident / death linked to hazardous transport,,US-Mexico border crossing,POINT (-100.48782 28.75623457)
2023-02-19,2023.0,2,VERMONT,1,"Harsh environmental conditions / lack of adequate shelter, food, water",,,POINT (-72.10953108 45.0048718)
2023-05-04,2023.0,5,TEXAS,2,Vehicle accident / death linked to hazardous transport,,US-Mexico border crossing,POINT (-99.63882209 28.9539416)
2023-05-07,2023.0,5,TEXAS,8,Vehicle accident / death linked to hazardous transport,,US-Mexico border crossing,POINT (-97.43181641 25.92343431)
2023-04-03,2023.0,4,ARIZONA,1,Sickness / lack of access to adequate healthcare,,US-Mexico border crossing,POINT (-114.6151074 32.59660815)
2023-05-09,2023.0,5,TEXAS,1,"Harsh environmental conditions / lack of adequate shelter, food, water",,US-Mexico border crossing,POINT (-100.3460024 28.81454602)
2023-05-10,2023.0,5,FLORIDA,1,Mixed or unknown,,US-Mexico border crossing,POINT (-82.71480897 27.89956215)
2023-05-17,2023.0,5,TEXAS,1,Sickness / lack of access to adequate healthcare,,US-Mexico border crossing,POINT (-97.69387765 26.19396009)
2023-05-18,2023.0,5,,1,Drowning,,US-Mexico border crossing,POINT (-106.481255 31.74892004)
2023-05-25,2023.0,5,NORTH DAKOTA,1,Mixed or unknown,,,POINT (-97.24486457 49.00029415)
2023-05-31,2023.0,5,TEXAS,1,Mixed or unknown,,US-Mexico border crossing,POINT (-100.4712086 29.08386068)
2023-05-21,2023.0,5,TEXAS,1,Violence,,US-Mexico border crossing,POINT (-106.4946869 31.7669031)
2023-05-07,2023.0,5,TEXAS,1,"Harsh environmental conditions / lack of adequate shelter, food, water",,US-Mexico border crossing,POINT (-99.86079143 28.50694826)
2023-06-18,2023.0,6,TEXAS,1,Mixed or unknown,,US-Mexico border crossing,POINT (-100.5195489 28.81185588)
2023-06-23,2023.0,6,TEXAS,1,"Harsh environmental conditions / lack of adequate shelter, food, water",,US-Mexico border crossing,POINT (-100.5377969 28.84532608)
2023-06-15,2023.0,6,ARIZONA,1,Sickness / lack of access to adequate healthcare,,US-Mexico border crossing,POINT (-111.5876758 33.33035383)
2023-07-03,2023.0,7,,1,Drowning,,,POINT (-74.64071026 45.00342182)
2023-07-01,2023.0,7,,2,Drowning,,US-Mexico border crossing,POINT (-100.5110795 28.70759599)
2023-07-02,2023.0,7,,1,Drowning,,US-Mexico border crossing,POINT (-100.5110795 28.70759599)
2023-07-03,2023.0,7,,1,Drowning,,US-Mexico border crossing,POINT (-100.5110795 28.70759599)
2023-07-04,2023.0,7,TEXAS,1,Drowning,,US-Mexico border crossing,POINT (-100.5064634 28.73955001)
2023-07-01,2023.0,7,TEXAS,2,Drowning,,US-Mexico border crossing,POINT (-100.507413 28.72357924)
2023-07-09,2023.0,7,,1,Drowning,,US-Mexico border crossing,POINT (-100.644684 28.94272811)
2023-04-13,2023.0,4,ARIZONA,1,"Harsh environmental conditions / lack of adequate shelter, food, water",,US-Mexico border crossing,POINT (-113.12035 32.39969)
2023-04-13,2023.0,4,ARIZONA,1,"Harsh environmental conditions / lack of adequate shelter, food, water",,US-Mexico border crossing,POINT (-113.13152 32.39265)
2023-04-13,2023.0,4,ARIZONA,1,"Harsh environmental conditions / lack of adequate shelter, food, water",,US-Mexico border crossing,POINT (-113.13225 32.3922)
2023-04-13,2023.0,4,ARIZONA,1,"Harsh environmental conditions / lack of adequate shelter, food, water",,US-Mexico border crossing,POINT (-113.11125 32.37067)
2023-04-14,2023.0,4,ARIZONA,1,"Harsh environmental conditions / lack of adequate shelter, food, water",,US-Mexico border crossing,POINT (-112.68065 32.34672)
2023-04-25,2023.0,4,ARIZONA,1,Violence,,US-Mexico border crossing,POINT (-111.366656 32.06745673)
2023-04-26,2023.0,4,ARIZONA,1,Violence,,US-Mexico border crossing,POINT (-111.366656 32.06745673)
2023-04-27,2023.0,4,ARIZONA,1,"Harsh environmental conditions / lack of adequate shelter, food, water",,US-Mexico border crossing,POINT (-111.80798 31.79116)
2023-04-28,2023.0,4,ARIZONA,1,"Harsh environmental conditions / lack of adequate shelter, food, water",,US-Mexico border crossing,POINT (-113.02865 31.954483)
2023-05-02,2023.0,5,ARIZONA,1,"Harsh environmental conditions / lack of adequate shelter, food, water",,US-Mexico border crossing,POINT (-113.110526 32.344168)
2023-05-07,2023.0,5,ARIZONA,1,"Harsh environmental conditions / lack of adequate shelter, food, water",,US-Mexico border crossing,POINT (-110.964121 32.17233998)
2023-05-08,2023.0,5,ARIZONA,1,"Harsh environmental conditions / lack of adequate shelter, food, water",,US-Mexico border crossing,POINT (-113.10715 32.34393)
2023-05-20,2023.0,5,ARIZONA,1,"Harsh environmental conditions / lack of adequate shelter, food, water",,US-Mexico border crossing,POINT (-111.34988 32.306178)
2023-05-26,2023.0,5,ARIZONA,1,"Harsh environmental conditions / lack of adequate shelter, food, water",,US-Mexico border crossing,POINT (-111.976 32.6839)
2023-05-29,2023.0,5,ARIZONA,1,"Harsh environmental conditions / lack of adequate shelter, food, water",,US-Mexico border crossing,POINT (-111.418702 31.50346)
2023-05-29,2023.0,5,ARIZONA,1,"Harsh environmental conditions / lack of adequate shelter, food, water",,US-Mexico border crossing,POINT (-111.418426 31.50705)
2023-05-10,2023.0,5,ARIZONA,1,"Harsh environmental conditions / lack of adequate shelter, food, water",,US-Mexico border crossing,POINT (-111.99138 31.91974)
2023-05-23,2023.0,5,ARIZONA,1,"Harsh environmental conditions / lack of adequate shelter, food, water",,US-Mexico border crossing,POINT (-111.647429 31.658901)
2023-06-01,2023.0,6,ARIZONA,1,"Harsh environmental conditions / lack of adequate shelter, food, water",,US-Mexico border crossing,POINT (-109.378889 31.3338889)
2023-06-02,2023.0,6,ARIZONA,1,"Harsh environmental conditions / lack of adequate shelter, food, water",,US-Mexico border crossing,POINT (-111.367917 31.85615)
2023-06-04,2023.0,6,ARIZONA,1,"Harsh environmental conditions / lack of adequate shelter, food, water",,US-Mexico border crossing,POINT (-111.796203 31.621572)
2023-06-04,2023.0,6,ARIZONA,1,"Harsh environmental conditions / lack of adequate shelter, food, water",,US-Mexico border crossing,POINT (-111.729789 31.970125)
2023-06-11,2023.0,6,ARIZONA,1,Violence,,US-Mexico border crossing,POINT (-109.813157 31.79088167)
2023-06-11,2023.0,6,ARIZONA,1,"Harsh environmental conditions / lack of adequate shelter, food, water",,US-Mexico border crossing,POINT (-112.14708 31.88519)
2023-06-15,2023.0,6,ARIZONA,1,"Harsh environmental conditions / lack of adequate shelter, food, water",,US-Mexico border crossing,POINT (-111.495712 31.791041)
2023-06-18,2023.0,6,ARIZONA,1,"Harsh environmental conditions / lack of adequate shelter, food, water",,US-Mexico border crossing,POINT (-111.810447 31.792662)
2023-06-21,2023.0,6,ARIZONA,1,"Harsh environmental conditions / lack of adequate shelter, food, water",,US-Mexico border crossing,POINT (-111.20768 31.46879)
2023-06-23,2023.0,6,ARIZONA,1,"Harsh environmental conditions / lack of adequate shelter, food, water",,US-Mexico border crossing,POINT (-111.39525 31.61317)
2023-06-23,2023.0,6,ARIZONA,1,"Harsh environmental conditions / lack of adequate shelter, food, water",,US-Mexico border crossing,POINT (-111.72915 31.8612)
2023-06-30,2023.0,6,ARIZONA,1,"Harsh environmental conditions / lack of adequate shelter, food, water",,US-Mexico border crossing,POINT (-109.41022 31.38137)
2023-07-12,2023.0,7,,1,"Harsh environmental conditions / lack of adequate shelter, food, water",,US-Mexico border crossing,POINT (-100.5085158 28.70548522)
2023-07-07,2023.0,7,,1,Mixed or unknown,,,POINT (-119.4321562 49.02831207)
2023-07-18,2023.0,7,TEXAS,1,"Harsh environmental conditions / lack of adequate shelter, food, water",,US-Mexico border crossing,POINT (-100.4959309 28.75757409)
2023-07-20,2023.0,7,TEXAS,1,"Harsh environmental conditions / lack of adequate shelter, food, water",,US-Mexico border crossing,POINT (-100.4325899 28.74800359)
2023-06-23,2023.0,6,ARIZONA,1,Accidental death,,US-Mexico border crossing,POINT (-114.7368588 32.47419619)
2023-07-26,2023.0,7,,1,"Harsh environmental conditions / lack of adequate shelter, food, water",,US-Mexico border crossing,POINT (-100.509234 28.69628757)
2023-07-24,2023.0,7,,1,Mixed or unknown,,US-Mexico border crossing,POINT (-100.5115537 28.70693079)
2023-08-01,2023.0,8,,1,Drowning,,US-Mexico border crossing,POINT (-100.5072723 28.71305277)
2023-08-04,2023.0,8,TEXAS,1,"Harsh environmental conditions / lack of adequate shelter, food, water",,US-Mexico border crossing,POINT (-100.4259134 28.71867099)
2023-08-17,2023.0,8,,1,"Harsh environmental conditions / lack of adequate shelter, food, water",,US-Mexico border crossing,POINT (-100.2918378 28.2820446)
2023-08-17,2023.0,8,TEXAS,1,"Harsh environmental conditions / lack of adequate shelter, food, water",,US-Mexico border crossing,POINT (-100.3165894 28.51087608)
2023-08-22,2023.0,8,TEXAS,1,"Harsh environmental conditions / lack of adequate shelter, food, water",,US-Mexico border crossing,POINT (-100.5113425 28.75018155)
2023-08-28,2023.0,8,TEXAS,1,"Harsh environmental conditions / lack of adequate shelter, food, water",,US-Mexico border crossing,POINT (-100.4675845 28.67601663)
2023-08-28,2023.0,8,TEXAS,1,"Harsh environmental conditions / lack of adequate shelter, food, water",,US-Mexico border crossing,POINT (-100.355903 28.68725766)
2023-08-28,2023.0,8,TEXAS,1,Sickness / lack of access to adequate healthcare,,US-Mexico border crossing,POINT (-97.68771893 26.16276844)
2023-08-31,2023.0,8,TEXAS,1,Mixed or unknown,,US-Mexico border crossing,POINT (-100.5001295 28.67035648)
2023-08-17,2023.0,8,,1,"Harsh environmental conditions / lack of adequate shelter, food, water",,US-Mexico border crossing,POINT (-112.8121608 31.87897404)
2023-08-02,2023.0,8,NEW MEXICO,1,Sickness / lack of access to adequate healthcare,,US-Mexico border crossing,POINT (-106.7147191 31.81443676)
2023-08-09,2023.0,8,NEW MEXICO,1,"Harsh environmental conditions / lack of adequate shelter, food, water",,US-Mexico border crossing,POINT (-106.59753 31.81064013)
2023-08-09,2023.0,8,NEW MEXICO,1,"Harsh environmental conditions / lack of adequate shelter, food, water",,US-Mexico border crossing,POINT (-106.611458 31.8213971)
2023-01-31,2023.0,1,ARIZONA,1,Mixed or unknown,,US-Mexico border crossing,POINT (-111.4336666 31.96681493)
2023-09-15,2023.0,9,,1,Accidental death,,US-Mexico border crossing,POINT (-116.9495094 32.54935222)
2023-09-13,2023.0,9,,1,Drowning,,US-Mexico border crossing,POINT (-100.5108409 28.70767825)
2023-09-12,2023.0,9,TEXAS,1,Mixed or unknown,,US-Mexico border crossing,POINT (-99.45271104 27.70508193)
2023-09-26,2023.0,9,TEXAS,1,"Harsh environmental conditions / lack of adequate shelter, food, water",,US-Mexico border crossing,POINT (-100.410805 28.61990947)
2023-09-21,2023.0,9,TEXAS,1,Drowning,,US-Mexico border crossing,POINT (-100.50626 28.7359228)
2023-09-20,2023.0,9,TEXAS,1,Drowning,,US-Mexico border crossing,POINT (-100.5073568 28.72353277)
2023-09-23,2023.0,9,ARIZONA,1,Sickness / lack of access to adequate healthcare,,US-Mexico border crossing,POINT (-110.967596 31.35412505)
2023-09-22,2023.0,9,,1,Drowning,,US-Mexico border crossing,POINT (-100.5070276 28.71424981)
2023-09-22,2023.0,9,,1,Drowning,,US-Mexico border crossing,POINT (-100.5107437 28.70798343)
2023-09-28,2023.0,9,TEXAS,1,Vehicle accident / death linked to hazardous transport,,US-Mexico border crossing,POINT (-101.1513613 29.8958932)
2023-09-30,2023.0,9,TEXAS,1,Drowning,,US-Mexico border crossing,POINT (-100.50626 28.7359228)
2023-07-01,2023.0,7,ARIZONA,1,"Harsh environmental conditions / lack of adequate shelter, food, water",,US-Mexico border crossing,POINT (-111.89904 31.90687)
2023-07-02,2023.0,7,ARIZONA,1,"Harsh environmental conditions / lack of adequate shelter, food, water",,US-Mexico border crossing,POINT (-109.22255 31.36148)
2023-07-06,2023.0,7,ARIZONA,1,"Harsh environmental conditions / lack of adequate shelter, food, water",,US-Mexico border crossing,POINT (-110.35046 31.73279428)
2023-07-07,2023.0,7,ARIZONA,1,Mixed or unknown,,US-Mexico border crossing,POINT (-111.04407 31.36811)
2023-07-08,2023.0,7,ARIZONA,1,"Harsh environmental conditions / lack of adequate shelter, food, water",,US-Mexico border crossing,POINT (-111.33561 31.57785)
2023-07-10,2023.0,7,ARIZONA,1,"Harsh environmental conditions / lack of adequate shelter, food, water",,US-Mexico border crossing,POINT (-111.238079 31.387218)
2023-07-12,2023.0,7,ARIZONA,1,"Harsh environmental conditions / lack of adequate shelter, food, water",,US-Mexico border crossing,POINT (-111.36401 32.05851)
2023-07-12,2023.0,7,ARIZONA,1,Mixed or unknown,,US-Mexico border crossing,POINT (-112.47622 32.07225)
2023-07-12,2023.0,7,ARIZONA,1,"Harsh environmental conditions / lack of adequate shelter, food, water",,US-Mexico border crossing,POINT (-111.239608 31.58798386)
2023-07-13,2023.0,7,ARIZONA,1,Mixed or unknown,,US-Mexico border crossing,POINT (-111.35003 31.55961)
2023-07-13,2023.0,7,ARIZONA,1,Mixed or unknown,,US-Mexico border crossing,POINT (-111.13954 31.6353)
2023-07-13,2023.0,7,ARIZONA,1,Mixed or unknown,,US-Mexico border crossing,POINT (-111.149424 31.629174)
2023-07-13,2023.0,7,ARIZONA,1,"Harsh environmental conditions / lack of adequate shelter, food, water",,US-Mexico border crossing,POINT (-111.723121 32.405838)
2023-07-14,2023.0,7,ARIZONA,1,"Harsh environmental conditions / lack of adequate shelter, food, water",,US-Mexico border crossing,POINT (-111.86957 31.9326)
2023-07-15,2023.0,7,ARIZONA,1,"Harsh environmental conditions / lack of adequate shelter, food, water",,US-Mexico border crossing,POINT (-112.001813 32.0277392)
2023-07-15,2023.0,7,ARIZONA,1,Mixed or unknown,,US-Mexico border crossing,POINT (-111.907658 31.82164)
2023-07-17,2023.0,7,ARIZONA,1,"Harsh environmental conditions / lack of adequate shelter, food, water",,US-Mexico border crossing,POINT (-111.912325 31.83958)
2023-07-17,2023.0,7,ARIZONA,1,"Harsh environmental conditions / lack of adequate shelter, food, water",,US-Mexico border crossing,POINT (-112.36 31.92721)
2023-07-18,2023.0,7,ARIZONA,1,Sickness / lack of access to adequate healthcare,,US-Mexico border crossing,POINT (-109.37805 31.33527)
2023-07-18,2023.0,7,ARIZONA,1,Mixed or unknown,,US-Mexico border crossing,POINT (-112.026101 31.702073)
2023-07-18,2023.0,7,ARIZONA,1,"Harsh environmental conditions / lack of adequate shelter, food, water",,US-Mexico border crossing,POINT (-112.676167 31.899167)
2023-07-18,2023.0,7,ARIZONA,1,"Harsh environmental conditions / lack of adequate shelter, food, water",,US-Mexico border crossing,POINT (-112.802311 31.9258718)
2023-07-20,2023.0,7,ARIZONA,1,"Harsh environmental conditions / lack of adequate shelter, food, water",,US-Mexico border crossing,POINT (-111.41917 31.93011)
2023-07-20,2023.0,7,ARIZONA,1,"Harsh environmental conditions / lack of adequate shelter, food, water",,US-Mexico border crossing,POINT (-111.86239 31.90216)
2023-07-20,2023.0,7,ARIZONA,1,"Harsh environmental conditions / lack of adequate shelter, food, water",,US-Mexico border crossing,POINT (-110.941623 32.022823)
2023-07-20,2023.0,7,ARIZONA,1,"Harsh environmental conditions / lack of adequate shelter, food, water",,US-Mexico border crossing,POINT (-109.06571 31.45721)
2023-07-22,2023.0,7,ARIZONA,1,"Harsh environmental conditions / lack of adequate shelter, food, water",,US-Mexico border crossing,POINT (-111.83163 31.7787)
2023-07-22,2023.0,7,ARIZONA,1,Mixed or unknown,,US-Mexico border crossing,POINT (-111.851 31.89821)
2023-07-23,2023.0,7,ARIZONA,1,"Harsh environmental conditions / lack of adequate shelter, food, water",,US-Mexico border crossing,POINT (-111.33535 31.55516)
2023-07-23,2023.0,7,ARIZONA,1,"Harsh environmental conditions / lack of adequate shelter, food, water",,US-Mexico border crossing,POINT (-112.32059 32.03779)
2023-07-23,2023.0,7,ARIZONA,1,"Harsh environmental conditions / lack of adequate shelter, food, water",,US-Mexico border crossing,POINT (-112.32059 32.03779)
2023-07-24,2023.0,7,ARIZONA,1,Mixed or unknown,,US-Mexico border crossing,POINT (-111.795155 32.473525)
2023-07-26,2023.0,7,ARIZONA,1,Violence,,US-Mexico border crossing,POINT (-109.826547 31.4426589)
2023-07-28,2023.0,7,ARIZONA,1,"Harsh environmental conditions / lack of adequate shelter, food, water",,US-Mexico border crossing,POINT (-111.39818 31.83517)
2023-07-28,2023.0,7,ARIZONA,1,"Harsh environmental conditions / lack of adequate shelter, food, water",,US-Mexico border crossing,POINT (-111.39869 31.82864)
2023-07-28,2023.0,7,ARIZONA,1,Mixed or unknown,,US-Mexico border crossing,POINT (-111.776051 31.850065)
2023-07-28,2023.0,7,ARIZONA,1,"Harsh environmental conditions / lack of adequate shelter, food, water",,US-Mexico border crossing,POINT (-111.859055 31.837535)
2023-07-29,2023.0,7,ARIZONA,1,"Harsh environmental conditions / lack of adequate shelter, food, water",,US-Mexico border crossing,POINT (-111.33029 31.58946)
2023-07-30,2023.0,7,ARIZONA,1,"Harsh environmental conditions / lack of adequate shelter, food, water",,US-Mexico border crossing,POINT (-111.09084 31.36199)
2023-07-31,2023.0,7,ARIZONA,1,"Harsh environmental conditions / lack of adequate shelter, food, water",,US-Mexico border crossing,POINT (-111.4051 31.56417)
2023-07-30,2023.0,7,ARIZONA,1,Mixed or unknown,,US-Mexico border crossing,POINT (-112.321667 32.416844)
2023-07-31,2023.0,7,ARIZONA,1,"Harsh environmental conditions / lack of adequate shelter, food, water",,US-Mexico border crossing,POINT (-109.178056 31.5736111)
2023-08-01,2023.0,8,ARIZONA,1,"Harsh environmental conditions / lack of adequate shelter, food, water",,US-Mexico border crossing,POINT (-111.854683 31.894483)
2023-08-02,2023.0,8,ARIZONA,1,"Harsh environmental conditions / lack of adequate shelter, food, water",,US-Mexico border crossing,POINT (-113.257297 32.304141)
2023-08-02,2023.0,8,ARIZONA,1,Mixed or unknown,,US-Mexico border crossing,POINT (-109.389301 31.468334)
2023-08-03,2023.0,8,ARIZONA,1,Mixed or unknown,,US-Mexico border crossing,POINT (-111.779746 31.840633)
2023-08-04,2023.0,8,ARIZONA,1,Vehicle accident / death linked to hazardous transport,,US-Mexico border crossing,POINT (-110.926363 32.13398408)
2023-08-06,2023.0,8,ARIZONA,1,"Harsh environmental conditions / lack of adequate shelter, food, water",,US-Mexico border crossing,POINT (-111.13683 31.65369)
2023-08-08,2023.0,8,ARIZONA,1,"Harsh environmental conditions / lack of adequate shelter, food, water",,US-Mexico border crossing,POINT (-109.317 31.3925)
2023-08-08,2023.0,8,ARIZONA,1,"Harsh environmental conditions / lack of adequate shelter, food, water",,US-Mexico border crossing,POINT (-111.74242 31.89712)
2023-08-12,2023.0,8,ARIZONA,1,"Harsh environmental conditions / lack of adequate shelter, food, water",,US-Mexico border crossing,POINT (-111.25161 31.814989)
2023-08-13,2023.0,8,ARIZONA,1,"Harsh environmental conditions / lack of adequate shelter, food, water",,US-Mexico border crossing,POINT (-111.743067 31.546067)
2023-08-13,2023.0,8,ARIZONA,1,Mixed or unknown,,US-Mexico border crossing,POINT (-110.919139 32.07571752)
2023-08-15,2023.0,8,ARIZONA,1,Mixed or unknown,,US-Mexico border crossing,POINT (-111.2468 31.84389)
2023-08-16,2023.0,8,ARIZONA,1,"Harsh environmental conditions / lack of adequate shelter, food, water",,US-Mexico border crossing,POINT (-111.82315 31.72586)
2023-08-16,2023.0,8,ARIZONA,1,"Harsh environmental conditions / lack of adequate shelter, food, water",,US-Mexico border crossing,POINT (-111.76676 31.90331)
2023-08-16,2023.0,8,ARIZONA,1,"Harsh environmental conditions / lack of adequate shelter, food, water",,US-Mexico border crossing,POINT (-110.213946 31.36723009)
2023-08-18,2023.0,8,ARIZONA,1,Mixed or unknown,,US-Mexico border crossing,POINT (-111.83352 31.80044)
2023-08-19,2023.0,8,ARIZONA,1,Mixed or unknown,,US-Mexico border crossing,POINT (-110.776893 31.395367)
2023-08-19,2023.0,8,ARIZONA,1,Mixed or unknown,,US-Mexico border crossing,POINT (-111.63708 31.7771)
2023-08-19,2023.0,8,ARIZONA,1,Mixed or unknown,,US-Mexico border crossing,POINT (-111.77679 31.70986)
2023-08-21,2023.0,8,ARIZONA,1,Mixed or unknown,,US-Mexico border crossing,POINT (-111.10223 31.3868)
2023-08-22,2023.0,8,ARIZONA,1,Mixed or unknown,,US-Mexico border crossing,POINT (-113.295 32.4045)
2023-08-26,2023.0,8,ARIZONA,1,"Harsh environmental conditions / lack of adequate shelter, food, water",,US-Mexico border crossing,POINT (-111.86182 31.86538)
2023-08-29,2023.0,8,ARIZONA,1,"Harsh environmental conditions / lack of adequate shelter, food, water",,US-Mexico border crossing,POINT (-111.537183 31.829617)
2023-08-30,2023.0,8,ARIZONA,1,"Harsh environmental conditions / lack of adequate shelter, food, water",,US-Mexico border crossing,POINT (-111.9115 31.79016)
2023-09-01,2023.0,9,ARIZONA,1,"Harsh environmental conditions / lack of adequate shelter, food, water",,US-Mexico border crossing,POINT (-111.42093 31.96958)
2023-09-01,2023.0,9,ARIZONA,1,"Harsh environmental conditions / lack of adequate shelter, food, water",,US-Mexico border crossing,POINT (-110.96896 31.3340158)
2023-09-02,2023.0,9,ARIZONA,1,"Harsh environmental conditions / lack of adequate shelter, food, water",,US-Mexico border crossing,POINT (-111.76166 31.61895)
2023-09-02,2023.0,9,ARIZONA,1,Mixed or unknown,,US-Mexico border crossing,POINT (-111.253276 31.804505)
2023-09-04,2023.0,9,ARIZONA,1,"Harsh environmental conditions / lack of adequate shelter, food, water",,US-Mexico border crossing,POINT (-109.24605 31.480073)
2023-09-06,2023.0,9,ARIZONA,1,Mixed or unknown,,US-Mexico border crossing,POINT (-113.135567 32.446467)
2023-09-07,2023.0,9,ARIZONA,1,Violence,,US-Mexico border crossing,POINT (-109.545518 31.34875212)
2023-09-08,2023.0,9,ARIZONA,1,"Harsh environmental conditions / lack of adequate shelter, food, water",,US-Mexico border crossing,POINT (-109.4665 31.46151)
2023-09-11,2023.0,9,ARIZONA,1,"Harsh environmental conditions / lack of adequate shelter, food, water",,US-Mexico border crossing,POINT (-112.02528 32.1049)
2023-09-10,2023.0,9,ARIZONA,1,Mixed or unknown,,US-Mexico border crossing,POINT (-111.868056 32.3091667)
2023-09-12,2023.0,9,ARIZONA,1,"Harsh environmental conditions / lack of adequate shelter, food, water",,US-Mexico border crossing,POINT (-111.702997 31.752623)
2023-09-12,2023.0,9,ARIZONA,1,Mixed or unknown,,US-Mexico border crossing,POINT (-111.85648 31.65322)
2023-09-13,2023.0,9,ARIZONA,1,"Harsh environmental conditions / lack of adequate shelter, food, water",,US-Mexico border crossing,POINT (-111.55561 32.14987)
2023-09-13,2023.0,9,ARIZONA,1,Mixed or unknown,,US-Mexico border crossing,POINT (-113.057283 32.246989)
2023-09-13,2023.0,9,ARIZONA,1,Mixed or unknown,,US-Mexico border crossing,POINT (-113.05528 32.19949)
2023-09-16,2023.0,9,ARIZONA,1,Mixed or unknown,,US-Mexico border crossing,POINT (-111.35946 32.307465)
2023-09-18,2023.0,9,ARIZONA,1,"Harsh environmental conditions / lack of adequate shelter, food, water",,US-Mexico border crossing,POINT (-111.3646 32.04938)
2023-09-20,2023.0,9,ARIZONA,1,Mixed or unknown,,US-Mexico border crossing,POINT (-111.90578 31.86247)
2023-09-19,2023.0,9,ARIZONA,1,Mixed or unknown,,US-Mexico border crossing,POINT (-112.12507 31.92649)
2023-09-21,2023.0,9,ARIZONA,1,Mixed or unknown,,US-Mexico border crossing,POINT (-111.826067 31.804817)
2023-09-22,2023.0,9,ARIZONA,1,Mixed or unknown,,US-Mexico border crossing,POINT (-110.86278 31.68962)
2023-09-26,2023.0,9,ARIZONA,1,Mixed or unknown,,US-Mexico border crossing,POINT (-112.12402 31.85124)
2023-09-26,2023.0,9,ARIZONA,1,Mixed or unknown,,US-Mexico border crossing,POINT (-111.97301 31.75393)
2023-09-26,2023.0,9,ARIZONA,1,Mixed or unknown,,US-Mexico border crossing,POINT (-111.321023 32.1032667)
2023-09-28,2023.0,9,ARIZONA,1,"Harsh environmental conditions / lack of adequate shelter, food, water",,US-Mexico border crossing,POINT (-111.85368 31.67986)
2023-09-28,2023.0,9,ARIZONA,1,Mixed or unknown,,US-Mexico border crossing,POINT (-112.6403 32.135983)
2023-10-06,2023.0,10,TEXAS,1,Vehicle accident / death linked to hazardous transport,,US-Mexico border crossing,POINT (-100.4712316 29.08385399)
2023-10-09,2023.0,10,TEXAS,1,"Harsh environmental conditions / lack of adequate shelter, food, water",,US-Mexico border crossing,POINT (-100.1552081 29.02857073)
2023-10-10,2023.0,10,TEXAS,1,Accidental death,,US-Mexico border crossing,POINT (-98.65918426 29.28233361)
2023-10-11,2023.0,10,CALIFORNIA,1,Sickness / lack of access to adequate healthcare,,US-Mexico border crossing,POINT (-117.061009 32.54156785)
2023-10-11,2023.0,10,CALIFORNIA,1,Sickness / lack of access to adequate healthcare,,US-Mexico border crossing,POINT (-117.0601299 32.54037295)
2023-10-16,2023.0,10,TEXAS,1,Mixed or unknown,,US-Mexico border crossing,POINT (-100.6394247 29.07536733)
2023-10-11,2023.0,10,,1,Drowning,,US-Mexico border crossing,POINT (-100.5109821 28.70782112)
2023-08-05,2023.0,8,NEW MEXICO,1,"Harsh environmental conditions / lack of adequate shelter, food, water",,US-Mexico border crossing,POINT (-106.5991776 31.78518692)
2023-10-16,2023.0,10,TEXAS,2,Drowning,,US-Mexico border crossing,POINT (-97.50762976 25.88943132)
2023-10-16,2023.0,10,TEXAS,1,Vehicle accident / death linked to hazardous transport,,US-Mexico border crossing,POINT (-106.509529 31.76936142)
2023-10-16,2023.0,10,TEXAS,1,"Harsh environmental conditions / lack of adequate shelter, food, water",,US-Mexico border crossing,POINT (-100.4705532 29.08557404)
2023-10-18,2023.0,10,,1,Drowning,,US-Mexico border crossing,POINT (-97.52269509 25.88826045)
2023-10-18,2023.0,10,TEXAS,1,"Harsh environmental conditions / lack of adequate shelter, food, water",,US-Mexico border crossing,POINT (-100.4826349 28.65956513)
2023-09-01,2023.0,9,NEW MEXICO,1,"Harsh environmental conditions / lack of adequate shelter, food, water",,US-Mexico border crossing,POINT (-107.8856526 31.8296264)
2023-10-24,2023.0,10,,1,Drowning,,US-Mexico border crossing,POINT (-100.5034336 28.67391328)
2023-10-21,2023.0,10,TEXAS,1,Mixed or unknown,,US-Mexico border crossing,POINT (-97.50978356 25.91331374)
2023-11-08,2023.0,11,TEXAS,4,Vehicle accident / death linked to hazardous transport,,US-Mexico border crossing,POINT (-99.656421 28.947198)
2023-11-11,2023.0,11,,1,Drowning,,US-Mexico border crossing,POINT (-100.510702 28.708651)
2023-11-11,2023.0,11,,2,Drowning,,US-Mexico border crossing,POINT (-100.5101572 28.70869927)
2023-11-20,2023.0,11,TEXAS,2,Vehicle accident / death linked to hazardous transport,,US-Mexico border crossing,POINT (-106.394158 31.761457)
2023-11-16,2023.0,11,,2,Drowning,,US-Mexico border crossing,POINT (-100.510824 28.702959)
2023-11-16,2023.0,11,,1,Drowning,,US-Mexico border crossing,POINT (-100.509997 28.693038)
2023-11-21,2023.0,11,TEXAS,2,Drowning,,US-Mexico border crossing,POINT (-100.473151 28.647329)
2023-11-24,2023.0,11,,2,Drowning,,US-Mexico border crossing,POINT (-100.4435616 28.60856548)
2023-10-07,2023.0,10,ARIZONA,1,Mixed or unknown,,US-Mexico border crossing,POINT (-111.5528 31.7809)
2023-11-30,2023.0,11,,1,Drowning,,US-Mexico border crossing,POINT (-100.50234 28.670668)
2023-12-02,2023.0,12,CALIFORNIA,1,Vehicle accident / death linked to hazardous transport,,US-Mexico border crossing,POINT (-116.213024 32.616359)
2023-12-04,2023.0,12,TEXAS,1,Drowning,,US-Mexico border crossing,POINT (-100.489497 28.658696)
2023-12-05,2023.0,12,,1,"Harsh environmental conditions / lack of adequate shelter, food, water",,US-Mexico border crossing,POINT (-112.818685 31.880609)
2023-12-14,2023.0,12,NEW YORK,1,Drowning,,,POINT (-73.438661 44.984004)
2023-12-14,2023.0,12,TEXAS,1,Vehicle accident / death linked to hazardous transport,,US-Mexico border crossing,POINT (-99.934555 28.5631555)
2023-03-11,2023.0,3,ARIZONA,1,"Harsh environmental conditions / lack of adequate shelter, food, water",,US-Mexico border crossing,POINT (-110.8986 31.36506)
2023-03-30,2023.0,3,,1,Sickness / lack of access to adequate healthcare,,US-Mexico border crossing,POINT (-113.149878 31.980887)
2023-06-21,2023.0,6,ARIZONA,1,Sickness / lack of access to adequate healthcare,,US-Mexico border crossing,POINT (-110.9086118 32.1495208)
2023-10-01,2023.0,10,ARIZONA,1,"Harsh environmental conditions / lack of adequate shelter, food, water",,US-Mexico border crossing,POINT (-110.434722 31.964079)
2023-10-02,2023.0,10,ARIZONA,1,"Harsh environmental conditions / lack of adequate shelter, food, water",,US-Mexico border crossing,POINT (-111.885 32.015)
2023-10-03,2023.0,10,ARIZONA,1,Mixed or unknown,,US-Mexico border crossing,POINT (-109.41216 31.4433)
2023-10-07,2023.0,10,ARIZONA,1,Mixed or unknown,,US-Mexico border crossing,POINT (-111.5513 31.7718)
2023-10-09,2023.0,10,ARIZONA,1,"Harsh environmental conditions / lack of adequate shelter, food, water",,US-Mexico border crossing,POINT (-111.84641 31.77657)
2023-10-11,2023.0,10,ARIZONA,1,Mixed or unknown,,US-Mexico border crossing,POINT (-112.08416 32.02199)
2023-10-12,2023.0,10,ARIZONA,1,"Harsh environmental conditions / lack of adequate shelter, food, water",,US-Mexico border crossing,POINT (-112.16536 31.77526)
2023-10-14,2023.0,10,ARIZONA,1,Mixed or unknown,,US-Mexico border crossing,POINT (-111.12203 31.43922)
2023-10-16,2023.0,10,ARIZONA,1,Mixed or unknown,,US-Mexico border crossing,POINT (-112.000467 31.702131)
2023-10-18,2023.0,10,ARIZONA,1,"Harsh environmental conditions / lack of adequate shelter, food, water",,US-Mexico border crossing,POINT (-110.797528 31.633167)
2023-10-19,2023.0,10,ARIZONA,1,"Harsh environmental conditions / lack of adequate shelter, food, water",,US-Mexico border crossing,POINT (-113.215625 32.092956)
2023-10-22,2023.0,10,ARIZONA,1,"Harsh environmental conditions / lack of adequate shelter, food, water",,US-Mexico border crossing,POINT (-111.080918 31.701779)
2023-10-30,2023.0,10,ARIZONA,1,Mixed or unknown,,US-Mexico border crossing,POINT (-111.657148 32.402776)
2023-11-01,2023.0,11,ARIZONA,1,Mixed or unknown,,US-Mexico border crossing,POINT (-111.980671 31.735547)
2023-11-03,2023.0,11,ARIZONA,1,Mixed or unknown,,US-Mexico border crossing,POINT (-111.18323 32.15732)
2023-11-08,2023.0,11,ARIZONA,1,Mixed or unknown,,US-Mexico border crossing,POINT (-111.95705 31.98715)
2023-11-10,2023.0,11,ARIZONA,1,Mixed or unknown,,US-Mexico border crossing,POINT (-111.60633 31.75483)
2023-11-12,2023.0,11,ARIZONA,1,Mixed or unknown,,US-Mexico border crossing,POINT (-112.3485 31.958033)
2023-11-13,2023.0,11,ARIZONA,1,Mixed or unknown,,US-Mexico border crossing,POINT (-110.73395 31.47787)
2023-11-14,2023.0,11,ARIZONA,1,Mixed or unknown,,US-Mexico border crossing,POINT (-111.828056 31.681389)
2023-11-20,2023.0,11,ARIZONA,1,Mixed or unknown,,US-Mexico border crossing,POINT (-111.24434 31.97023)
2023-11-20,2023.0,11,ARIZONA,1,Mixed or unknown,,US-Mexico border crossing,POINT (-111.817938 31.752582)
2023-11-22,2023.0,11,ARIZONA,1,Mixed or unknown,,US-Mexico border crossing,POINT (-113.102 32.324)
2023-11-22,2023.0,11,ARIZONA,1,Mixed or unknown,,US-Mexico border crossing,POINT (-112.49255 31.959817)
2023-11-24,2023.0,11,ARIZONA,1,"Harsh environmental conditions / lack of adequate shelter, food, water",,US-Mexico border crossing,POINT (-111.67424 32.48753)
2023-11-28,2023.0,11,ARIZONA,1,Mixed or unknown,,US-Mexico border crossing,POINT (-112.634333 31.98375)
2023-11-29,2023.0,11,ARIZONA,1,Mixed or unknown,,US-Mexico border crossing,POINT (-112.47465 31.861583)
2023-12-02,2023.0,12,ARIZONA,1,Mixed or unknown,,US-Mexico border crossing,POINT (-111.148005 31.76959)
2023-12-02,2023.0,12,ARIZONA,1,Sickness / lack of access to adequate healthcare,,US-Mexico border crossing,POINT (-111.66 31.997)
2023-12-04,2023.0,12,ARIZONA,1,"Harsh environmental conditions / lack of adequate shelter, food, water",,US-Mexico border crossing,POINT (-111.845111 31.886778)
2023-12-05,2023.0,12,ARIZONA,1,Mixed or unknown,,US-Mexico border crossing,POINT (-111.5952 31.8042)
2023-12-05,2023.0,12,ARIZONA,1,Mixed or unknown,,US-Mexico border crossing,POINT (-111.65502 31.68447)
2023-12-05,2023.0,12,ARIZONA,1,Mixed or unknown,,US-Mexico border crossing,POINT (-111.376481 32.175328)
2023-12-27,2023.0,12,ARIZONA,1,Mixed or unknown,,US-Mexico border crossing,POINT (-111.898385 31.8388)
2023-12-28,2023.0,12,ARIZONA,1,Mixed or unknown,,US-Mexico border crossing,POINT (-110.76634 31.6239)
2023-12-29,2023.0,12,ARIZONA,1,Mixed or unknown,,US-Mexico border crossing,POINT (-112.75026 31.882766)
2023-10-10,2023.0,10,,1,Drowning,,US-Mexico border crossing,POINT (-100.5129739 28.70119033)
2023-08-17,2023.0,8,TEXAS,1,Drowning,,US-Mexico border crossing,POINT (-106.227625 31.54663)
2023-11-18,2023.0,11,TEXAS,1,Accidental death,,US-Mexico border crossing,POINT (-106.2815499 31.5981048)
2023-11-24,2023.0,11,TEXAS,1,Accidental death,,US-Mexico border crossing,POINT (-106.286064 31.586372)
2023-01-19,2023.0,1,CALIFORNIA,1,Mixed or unknown,,US-Mexico border crossing,POINT (-116.63881 32.583618)
2023-01-31,2023.0,1,CALIFORNIA,1,"Harsh environmental conditions / lack of adequate shelter, food, water",,US-Mexico border crossing,POINT (-116.887594 32.582667)
2023-02-26,2023.0,2,CALIFORNIA,1,"Harsh environmental conditions / lack of adequate shelter, food, water",,US-Mexico border crossing,POINT (-116.749322 32.673931)
2023-02-27,2023.0,2,CALIFORNIA,1,"Harsh environmental conditions / lack of adequate shelter, food, water",,US-Mexico border crossing,POINT (-116.839797 32.585791)
2023-04-05,2023.0,4,CALIFORNIA,1,Drowning,,US-Mexico border crossing,POINT (-116.93413 32.650399)
2023-05-03,2023.0,5,CALIFORNIA,1,Sickness / lack of access to adequate healthcare,,US-Mexico border crossing,POINT (-116.472574 32.605815)
2023-05-15,2023.0,5,CALIFORNIA,1,Mixed or unknown,,US-Mexico border crossing,POINT (-116.8579848 32.6532957)
2023-05-27,2023.0,5,CALIFORNIA,1,Accidental death,,US-Mexico border crossing,POINT (-117.160715 32.750921)
2023-06-26,2023.0,6,CALIFORNIA,1,"Harsh environmental conditions / lack of adequate shelter, food, water",,US-Mexico border crossing,POINT (-116.8579848 32.6532957)
2023-07-15,2023.0,7,CALIFORNIA,1,"Harsh environmental conditions / lack of adequate shelter, food, water",,US-Mexico border crossing,POINT (-116.838684 32.57771)
2023-07-20,2023.0,7,CALIFORNIA,1,"Harsh environmental conditions / lack of adequate shelter, food, water",,US-Mexico border crossing,POINT (-116.634817 32.619713)
2023-08-05,2023.0,8,CALIFORNIA,1,Accidental death,,US-Mexico border crossing,POINT (-117.160715 32.750921)
2023-08-09,2023.0,8,CALIFORNIA,1,Mixed or unknown,,US-Mexico border crossing,POINT (-116.779549 32.639872)
2023-08-30,2023.0,8,CALIFORNIA,1,Mixed or unknown,,US-Mexico border crossing,POINT (-116.616005 32.593621)
2023-09-08,2023.0,9,CALIFORNIA,1,Sickness / lack of access to adequate healthcare,,US-Mexico border crossing,POINT (-116.837071 32.589443)
2023-02-18,2023.0,2,,1,Drowning,,US-Mexico border crossing,POINT (-102.15202 29.38119)
2023-03-27,2023.0,3,TEXAS,1,"Harsh environmental conditions / lack of adequate shelter, food, water",,US-Mexico border crossing,POINT (-102.5394 30.0406)
2023-05-08,2023.0,5,TEXAS,1,"Harsh environmental conditions / lack of adequate shelter, food, water",,US-Mexico border crossing,POINT (-102.10069 29.94776)
2023-05-31,2023.0,5,TEXAS,1,"Harsh environmental conditions / lack of adequate shelter, food, water",,US-Mexico border crossing,POINT (-102.07406 30.17206)
2023-06-10,2023.0,6,TEXAS,1,"Harsh environmental conditions / lack of adequate shelter, food, water",,US-Mexico border crossing,POINT (-102.486248 30.116075)
2023-08-03,2023.0,8,TEXAS,1,"Harsh environmental conditions / lack of adequate shelter, food, water",,US-Mexico border crossing,POINT (-101.79172 30.07544)
2023-10-05,2023.0,10,TEXAS,1,"Harsh environmental conditions / lack of adequate shelter, food, water",,US-Mexico border crossing,POINT (-102.0443 29.9074639)
2023-01-10,2023.0,1,NEW MEXICO,1,Mixed or unknown,,US-Mexico border crossing,POINT (-106.56148 31.7909533)
2023-02-06,2023.0,2,NEW MEXICO,1,Mixed or unknown,,US-Mexico border crossing,POINT (-106.6605433 31.82667)
2023-02-23,2023.0,2,NEW MEXICO,1,Sickness / lack of access to adequate healthcare,,US-Mexico border crossing,POINT (-108.13353 32.034286)
2023-04-04,2023.0,4,NEW MEXICO,1,"Harsh environmental conditions / lack of adequate shelter, food, water",,US-Mexico border crossing,POINT (-106.68152 31.91366)
2023-04-04,2023.0,4,TEXAS,1,"Harsh environmental conditions / lack of adequate shelter, food, water",,US-Mexico border crossing,POINT (-106.55341 31.80008)
2023-04-10,2023.0,4,NEW MEXICO,1,"Harsh environmental conditions / lack of adequate shelter, food, water",,US-Mexico border crossing,POINT (-106.63581 31.84657)
2023-04-23,2023.0,4,NEW MEXICO,1,"Harsh environmental conditions / lack of adequate shelter, food, water",,US-Mexico border crossing,POINT (-106.60664 31.8233)
2023-05-09,2023.0,5,NEW MEXICO,1,"Harsh environmental conditions / lack of adequate shelter, food, water",,US-Mexico border crossing,POINT (-106.609 31.80191)
2023-05-09,2023.0,5,NEW MEXICO,1,"Harsh environmental conditions / lack of adequate shelter, food, water",,US-Mexico border crossing,POINT (-106.85464 31.7906785)
2023-05-14,2023.0,5,NEW MEXICO,1,"Harsh environmental conditions / lack of adequate shelter, food, water",,US-Mexico border crossing,POINT (-106.72781 31.81878)
2023-05-14,2023.0,5,NEW MEXICO,1,"Harsh environmental conditions / lack of adequate shelter, food, water",,US-Mexico border crossing,POINT (-106.5930543 31.8075796)
2023-05-15,2023.0,5,NEW MEXICO,1,"Harsh environmental conditions / lack of adequate shelter, food, water",,US-Mexico border crossing,POINT (-106.66316 31.79993)
2023-05-15,2023.0,5,NEW MEXICO,1,Mixed or unknown,,US-Mexico border crossing,POINT (-106.72781 31.81878)
2023-05-19,2023.0,5,NEW MEXICO,1,Mixed or unknown,,US-Mexico border crossing,POINT (-106.5930543 31.8075796)
2023-05-24,2023.0,5,NEW MEXICO,1,Mixed or unknown,,US-Mexico border crossing,POINT (-106.66316 31.79993)
2023-05-27,2023.0,5,NEW MEXICO,1,"Harsh environmental conditions / lack of adequate shelter, food, water",,US-Mexico border crossing,POINT (-106.64473 31.80069)
2023-05-27,2023.0,5,NEW MEXICO,1,Mixed or unknown,,US-Mexico border crossing,POINT (-106.60139 31.81697)
2023-05-30,2023.0,5,NEW MEXICO,1,"Harsh environmental conditions / lack of adequate shelter, food, water",,US-Mexico border crossing,POINT (-106.74983 31.7839924)
2023-05-31,2023.0,5,NEW MEXICO,1,"Harsh environmental conditions / lack of adequate shelter, food, water",,US-Mexico border crossing,POINT (-106.67947 31.784585)
2023-06-02,2023.0,6,NEW MEXICO,1,"Harsh environmental conditions / lack of adequate shelter, food, water",,US-Mexico border crossing,POINT (-109.01952 31.69212)
2023-06-04,2023.0,6,NEW MEXICO,1,"Harsh environmental conditions / lack of adequate shelter, food, water",,US-Mexico border crossing,POINT (-106.7438985 31.8836069)
2023-06-06,2023.0,6,NEW MEXICO,1,Mixed or unknown,,US-Mexico border crossing,POINT (-106.63888 31.82666)
2023-06-06,2023.0,6,NEW MEXICO,1,"Harsh environmental conditions / lack of adequate shelter, food, water",,US-Mexico border crossing,POINT (-106.5814897 31.78652386)
2023-06-10,2023.0,6,NEW MEXICO,1,"Harsh environmental conditions / lack of adequate shelter, food, water",,US-Mexico border crossing,POINT (-106.641709 31.798878)
2023-06-14,2023.0,6,NEW MEXICO,1,Mixed or unknown,,US-Mexico border crossing,POINT (-106.6838869 31.95663372)
2023-06-15,2023.0,6,NEW MEXICO,1,Mixed or unknown,,US-Mexico border crossing,POINT (-106.62888 31.80805)
2023-06-17,2023.0,6,NEW MEXICO,1,"Harsh environmental conditions / lack of adequate shelter, food, water",,US-Mexico border crossing,POINT (-106.688105 31.80447)
2023-06-19,2023.0,6,NEW MEXICO,1,Mixed or unknown,,US-Mexico border crossing,POINT (-106.765031 31.814913)
2023-06-22,2023.0,6,NEW MEXICO,1,"Harsh environmental conditions / lack of adequate shelter, food, water",,US-Mexico border crossing,POINT (-106.63639 31.82838)
2023-06-22,2023.0,6,NEW MEXICO,1,Mixed or unknown,,US-Mexico border crossing,POINT (-106.71789 31.80429)
2023-06-22,2023.0,6,NEW MEXICO,1,"Harsh environmental conditions / lack of adequate shelter, food, water",,US-Mexico border crossing,POINT (-106.72694 31.80722)
2023-06-22,2023.0,6,NEW MEXICO,1,Mixed or unknown,,US-Mexico border crossing,POINT (-106.68529 31.970461)
2023-06-23,2023.0,6,NEW MEXICO,1,Mixed or unknown,,US-Mexico border crossing,POINT (-106.6499033 31.87675463)
2023-06-24,2023.0,6,NEW MEXICO,1,"Harsh environmental conditions / lack of adequate shelter, food, water",,US-Mexico border crossing,POINT (-106.63565 31.8118683)
2023-06-25,2023.0,6,NEW MEXICO,1,"Harsh environmental conditions / lack of adequate shelter, food, water",,US-Mexico border crossing,POINT (-106.6057691 31.82078435)
2023-06-25,2023.0,6,NEW MEXICO,1,"Harsh environmental conditions / lack of adequate shelter, food, water",,US-Mexico border crossing,POINT (-106.62288 31.82168)
2023-06-25,2023.0,6,NEW MEXICO,1,"Harsh environmental conditions / lack of adequate shelter, food, water",,US-Mexico border crossing,POINT (-106.70478 31.84396)
2023-06-25,2023.0,6,NEW MEXICO,1,Sickness / lack of access to adequate healthcare,,US-Mexico border crossing,POINT (-106.71698 31.80113)
2023-06-27,2023.0,6,NEW MEXICO,1,Mixed or unknown,,US-Mexico border crossing,POINT (-106.68986 31.80878)
2023-06-27,2023.0,6,NEW MEXICO,1,Mixed or unknown,,US-Mexico border crossing,POINT (-106.69332 31.8122187)
2023-06-28,2023.0,6,NEW MEXICO,1,Mixed or unknown,,US-Mexico border crossing,POINT (-106.608845 31.807677)
2023-06-29,2023.0,6,NEW MEXICO,1,Mixed or unknown,,US-Mexico border crossing,POINT (-106.71588 31.85738)
2023-06-29,2023.0,6,NEW MEXICO,1,Mixed or unknown,,US-Mexico border crossing,POINT (-106.63939 31.80454)
2023-06-30,2023.0,6,NEW MEXICO,1,Mixed or unknown,,US-Mexico border crossing,POINT (-107.60046 31.83591)
2023-07-03,2023.0,7,NEW MEXICO,1,"Harsh environmental conditions / lack of adequate shelter, food, water",,US-Mexico border crossing,POINT (-106.56315 31.7948595)
2023-07-05,2023.0,7,NEW MEXICO,1,"Harsh environmental conditions / lack of adequate shelter, food, water",,US-Mexico border crossing,POINT (-106.75 31.8175)
2023-07-06,2023.0,7,NEW MEXICO,1,Mixed or unknown,,US-Mexico border crossing,POINT (-106.60194 31.79611)
2023-07-06,2023.0,7,NEW MEXICO,1,"Harsh environmental conditions / lack of adequate shelter, food, water",,US-Mexico border crossing,POINT (-107.42814 32.0723)
2023-07-06,2023.0,7,NEW MEXICO,1,"Harsh environmental conditions / lack of adequate shelter, food, water",,US-Mexico border crossing,POINT (-107.42793 32.0722636)
2023-07-07,2023.0,7,TEXAS,1,Mixed or unknown,,US-Mexico border crossing,POINT (-106.55884 31.8011042)
2023-07-07,2023.0,7,NEW MEXICO,1,"Harsh environmental conditions / lack of adequate shelter, food, water",,US-Mexico border crossing,POINT (-106.60799 31.8026721)
2023-07-08,2023.0,7,TEXAS,1,"Harsh environmental conditions / lack of adequate shelter, food, water",,US-Mexico border crossing,POINT (-106.5473 31.7981)
2023-07-08,2023.0,7,NEW MEXICO,1,Mixed or unknown,,US-Mexico border crossing,POINT (-106.690544 31.969364)
2023-07-08,2023.0,7,NEW MEXICO,1,"Harsh environmental conditions / lack of adequate shelter, food, water",,US-Mexico border crossing,POINT (-106.6651 32.1156)
2023-07-08,2023.0,7,NEW MEXICO,1,"Harsh environmental conditions / lack of adequate shelter, food, water",,US-Mexico border crossing,POINT (-106.710108 31.796067)
2023-07-10,2023.0,7,NEW MEXICO,1,"Harsh environmental conditions / lack of adequate shelter, food, water",,US-Mexico border crossing,POINT (-108.28013 31.8992913)
2023-07-11,2023.0,7,NEW MEXICO,1,"Harsh environmental conditions / lack of adequate shelter, food, water",,US-Mexico border crossing,POINT (-106.72704 31.84903)
2023-07-11,2023.0,7,NEW MEXICO,1,Mixed or unknown,,US-Mexico border crossing,POINT (-106.62214 31.81018)
2023-07-12,2023.0,7,NEW MEXICO,1,Mixed or unknown,,US-Mexico border crossing,POINT (-106.74665 31.81637)
2023-07-13,2023.0,7,NEW MEXICO,1,Mixed or unknown,,US-Mexico border crossing,POINT (-106.71793 31.80428)
2023-07-13,2023.0,7,NEW MEXICO,1,"Harsh environmental conditions / lack of adequate shelter, food, water",,US-Mexico border crossing,POINT (-106.73646 31.86948)
2023-07-13,2023.0,7,NEW MEXICO,1,Mixed or unknown,,US-Mexico border crossing,POINT (-106.70239 31.79125)
2023-07-14,2023.0,7,NEW MEXICO,1,Mixed or unknown,,US-Mexico border crossing,POINT (-106.62052 31.79557)
2023-07-17,2023.0,7,NEW MEXICO,1,Mixed or unknown,,US-Mexico border crossing,POINT (-106.74313 31.95037)
2023-07-18,2023.0,7,NEW MEXICO,1,"Harsh environmental conditions / lack of adequate shelter, food, water",,US-Mexico border crossing,POINT (-106.74437 31.8863)
2023-07-20,2023.0,7,NEW MEXICO,1,Mixed or unknown,,US-Mexico border crossing,POINT (-106.90999 31.79938)
2023-07-20,2023.0,7,NEW MEXICO,1,Mixed or unknown,,US-Mexico border crossing,POINT (-106.746274 31.810693)
2023-07-21,2023.0,7,NEW MEXICO,1,Mixed or unknown,,US-Mexico border crossing,POINT (-106.63584 31.8198)
2023-07-21,2023.0,7,NEW MEXICO,1,"Harsh environmental conditions / lack of adequate shelter, food, water",,US-Mexico border crossing,POINT (-106.61043 31.78869)
2023-07-24,2023.0,7,NEW MEXICO,1,Mixed or unknown,,US-Mexico border crossing,POINT (-106.87184 31.80218)
2023-07-24,2023.0,7,NEW MEXICO,1,Mixed or unknown,,US-Mexico border crossing,POINT (-106.78575 31.82086)
2023-07-25,2023.0,7,NEW MEXICO,1,Mixed or unknown,,US-Mexico border crossing,POINT (-106.55073 31.79605)
2023-07-28,2023.0,7,NEW MEXICO,1,"Harsh environmental conditions / lack of adequate shelter, food, water",,US-Mexico border crossing,POINT (-107.36588 31.92594)
2023-07-28,2023.0,7,NEW MEXICO,1,"Harsh environmental conditions / lack of adequate shelter, food, water",,US-Mexico border crossing,POINT (-106.5532234 31.7906404)
2023-07-30,2023.0,7,NEW MEXICO,1,Mixed or unknown,,US-Mexico border crossing,POINT (-106.75186 31.82189)
2023-07-30,2023.0,7,NEW MEXICO,1,"Harsh environmental conditions / lack of adequate shelter, food, water",,US-Mexico border crossing,POINT (-107.43362 32.2000271)
2023-08-05,2023.0,8,NEW MEXICO,1,"Harsh environmental conditions / lack of adequate shelter, food, water",,US-Mexico border crossing,POINT (-106.54951 31.7885002)
2023-08-07,2023.0,8,NEW MEXICO,1,"Harsh environmental conditions / lack of adequate shelter, food, water",,US-Mexico border crossing,POINT (-106.7173021 31.7845158)
2023-08-07,2023.0,8,NEW MEXICO,1,"Harsh environmental conditions / lack of adequate shelter, food, water",,US-Mexico border crossing,POINT (-106.7173085 31.784503)
2023-08-08,2023.0,8,NEW MEXICO,1,Mixed or unknown,,US-Mexico border crossing,POINT (-106.73926 31.8471)
2023-08-09,2023.0,8,NEW MEXICO,1,Mixed or unknown,,US-Mexico border crossing,POINT (-106.592 31.79878)
2023-08-10,2023.0,8,NEW MEXICO,1,Mixed or unknown,,US-Mexico border crossing,POINT (-108.22346 31.76365)
2023-08-11,2023.0,8,NEW MEXICO,1,Mixed or unknown,,US-Mexico border crossing,POINT (-106.78761 31.80586)
2023-08-14,2023.0,8,NEW MEXICO,1,"Harsh environmental conditions / lack of adequate shelter, food, water",,US-Mexico border crossing,POINT (-106.78934 31.81079)
2023-08-16,2023.0,8,NEW MEXICO,1,"Harsh environmental conditions / lack of adequate shelter, food, water",,US-Mexico border crossing,POINT (-106.59445 31.79549)
2023-08-17,2023.0,8,NEW MEXICO,1,Mixed or unknown,,US-Mexico border crossing,POINT (-106.61749 31.80197)
2023-08-17,2023.0,8,NEW MEXICO,1,Mixed or unknown,,US-Mexico border crossing,POINT (-106.78441 31.8278263)
2023-08-21,2023.0,8,NEW MEXICO,1,Mixed or unknown,,US-Mexico border crossing,POINT (-107.25395 33.2201491)
2023-08-21,2023.0,8,NEW MEXICO,1,Mixed or unknown,,US-Mexico border crossing,POINT (-107.25395 33.2201491)
2023-08-27,2023.0,8,NEW MEXICO,1,Sickness / lack of access to adequate healthcare,,US-Mexico border crossing,POINT (-106.82062 31.8166889)
2023-08-29,2023.0,8,NEW MEXICO,1,"Harsh environmental conditions / lack of adequate shelter, food, water",,US-Mexico border crossing,POINT (-106.76213 31.81099)
2023-08-29,2023.0,8,NEW MEXICO,1,Mixed or unknown,,US-Mexico border crossing,POINT (-106.70896 31.79667)
2023-09-07,2023.0,9,NEW MEXICO,1,Mixed or unknown,,US-Mexico border crossing,POINT (-108.62371 31.7516533)
2023-09-09,2023.0,9,NEW MEXICO,1,"Harsh environmental conditions / lack of adequate shelter, food, water",,US-Mexico border crossing,POINT (-106.59799 31.80983)
2023-09-09,2023.0,9,NEW MEXICO,1,"Harsh environmental conditions / lack of adequate shelter, food, water",,US-Mexico border crossing,POINT (-106.61069 31.8184694)
2023-09-10,2023.0,9,NEW MEXICO,1,"Harsh environmental conditions / lack of adequate shelter, food, water",,US-Mexico border crossing,POINT (-106.75744 31.79594)
2023-09-10,2023.0,9,NEW MEXICO,1,Mixed or unknown,,US-Mexico border crossing,POINT (-106.64861 31.80148)
2023-09-11,2023.0,9,NEW MEXICO,1,Mixed or unknown,,US-Mexico border crossing,POINT (-106.63264 31.81623)
2023-09-11,2023.0,9,NEW MEXICO,1,"Harsh environmental conditions / lack of adequate shelter, food, water",,US-Mexico border crossing,POINT (-106.733197 31.857625)
2023-09-13,2023.0,9,NEW MEXICO,1,Mixed or unknown,,US-Mexico border crossing,POINT (-106.6362 31.80815)
2023-09-20,2023.0,9,NEW MEXICO,1,Mixed or unknown,,US-Mexico border crossing,POINT (-107.236 32.2416)
2023-09-23,2023.0,9,NEW MEXICO,1,"Harsh environmental conditions / lack of adequate shelter, food, water",,US-Mexico border crossing,POINT (-106.7452 31.79363)
2023-09-25,2023.0,9,NEW MEXICO,1,"Harsh environmental conditions / lack of adequate shelter, food, water",,US-Mexico border crossing,POINT (-106.7113 31.82548)
2023-10-01,2023.0,10,NEW MEXICO,1,"Harsh environmental conditions / lack of adequate shelter, food, water",,US-Mexico border crossing,POINT (-106.74452 31.83177)
2023-10-02,2023.0,10,NEW MEXICO,1,"Harsh environmental conditions / lack of adequate shelter, food, water",,US-Mexico border crossing,POINT (-106.72568 31.8076)
2023-10-25,2023.0,10,NEW MEXICO,1,Mixed or unknown,,US-Mexico border crossing,POINT (-106.699884 31.924871)
2023-10-30,2023.0,10,NEW MEXICO,1,Mixed or unknown,,US-Mexico border crossing,POINT (-106.64011 31.7951078)
2023-11-10,2023.0,11,NEW MEXICO,1,Mixed or unknown,,US-Mexico border crossing,POINT (-108.08344 31.89975)
2023-11-12,2023.0,11,NEW MEXICO,1,Mixed or unknown,,US-Mexico border crossing,POINT (-106.64149 31.81423)
2023-11-19,2023.0,11,NEW MEXICO,1,Mixed or unknown,,US-Mexico border crossing,POINT (-106.67265 31.918093)
2023-11-21,2023.0,11,NEW MEXICO,1,Mixed or unknown,,US-Mexico border crossing,POINT (-106.744715 31.951104)
2023-11-28,2023.0,11,NEW MEXICO,1,Mixed or unknown,,US-Mexico border crossing,POINT (-106.80247 31.8645)
2023-11-28,2023.0,11,NEW MEXICO,1,Mixed or unknown,,US-Mexico border crossing,POINT (-106.80247 31.8645)
2023-12-11,2023.0,12,NEW MEXICO,1,Mixed or unknown,,US-Mexico border crossing,POINT (-106.76504 31.85728)
2023-03-29,2023.0,3,ARIZONA,1,Mixed or unknown,,US-Mexico border crossing,POINT (-111.39525 31.61317)
2024-01-06,2024.0,1,,2,Drowning,,US-Mexico border crossing,POINT (-100.926655 29.326981)
2024-01-20,2024.0,1,,1,Drowning,,US-Mexico border crossing,POINT (-100.510791 28.707987)
2024-01-24,2024.0,1,,1,Drowning,,US-Mexico border crossing,POINT (-100.51021 28.704121)
2024-02-06,2024.0,2,CALIFORNIA,1,Drowning,,US-Mexico border crossing,POINT (-117.065174 32.549364)
2024-02-01,2024.0,2,TEXAS,1,Drowning,,US-Mexico border crossing,POINT (-100.532578 28.798112)
2024-02-05,2024.0,2,,5,Drowning,,US-Mexico border crossing,POINT (-100.44255 28.608167)
2024-02-06,2024.0,2,CALIFORNIA,1,Drowning,,US-Mexico border crossing,POINT (-117.039734 32.542156)
2024-02-12,2024.0,2,TEXAS,1,Mixed or unknown,,US-Mexico border crossing,POINT (-100.450299 28.644893)
2024-02-12,2024.0,2,,1,Drowning,,US-Mexico border crossing,POINT (-100.444313 28.608986)
2024-02-14,2024.0,2,,1,Drowning,,US-Mexico border crossing,POINT (-100.504407 28.675828)
2024-02-18,2024.0,2,,1,Drowning,,US-Mexico border crossing,POINT (-100.510038 28.708887)
2024-02-18,2024.0,2,,1,Drowning,,US-Mexico border crossing,POINT (-100.444414 28.608826)
2024-02-18,2024.0,2,,1,Sickness / lack of access to adequate healthcare,,,POINT (-79.575524 43.618044)
2024-02-27,2024.0,2,CALIFORNIA,1,Accidental death,,US-Mexico border crossing,POINT (-117.041904 32.543939)
2024-02-26,2024.0,2,TEXAS,1,Vehicle accident / death linked to hazardous transport,,US-Mexico border crossing,POINT (-100.451138 28.707286)
2024-02-27,2024.0,2,,1,Drowning,,US-Mexico border crossing,POINT (-100.443736 28.608574)
2024-03-07,2024.0,3,TEXAS,3,Vehicle accident / death linked to hazardous transport,,,POINT (-100.406504 29.339822)
2024-03-06,2024.0,3,TEXAS,3,Vehicle accident / death linked to hazardous transport,,US-Mexico border crossing,POINT (-100.399987 29.302912)
2024-03-04,2024.0,3,,1,Drowning,,US-Mexico border crossing,POINT (-99.022841 26.408786)
2024-03-03,2024.0,3,NEW MEXICO,1,Accidental death,,US-Mexico border crossing,POINT (-106.730561 31.928212)
2024-03-10,2024.0,3,TEXAS,1,Drowning,,US-Mexico border crossing,POINT (-100.506733 28.739904)
2024-03-18,2024.0,3,,1,Drowning,,US-Mexico border crossing,POINT (-100.509831 28.696063)
2024-03-18,2024.0,3,NEW MEXICO,1,Sickness / lack of access to adequate healthcare,,US-Mexico border crossing,POINT (-106.603251 31.800501)
2024-03-21,2024.0,3,CALIFORNIA,1,Accidental death,,US-Mexico border crossing,POINT (-117.028982 32.54254)
2024-03-12,2024.0,3,NEW YORK,1,Sickness / lack of access to adequate healthcare,,,POINT (-73.471908 44.700965)
2024-03-25,2024.0,3,NEW YORK,2,"Harsh environmental conditions / lack of adequate shelter, food, water",,,POINT (-73.633686 44.997076)
2024-04-11,2024.0,4,TEXAS,1,Drowning,,US-Mexico border crossing,POINT (-106.30235 31.643067)
2024-04-15,2024.0,4,TEXAS,1,Mixed or unknown,,US-Mexico border crossing,POINT (-100.937518 29.356681)
2024-05-04,2024.0,5,NEW MEXICO,1,"Harsh environmental conditions / lack of adequate shelter, food, water",,US-Mexico border crossing,POINT (-106.54313 31.79064)
2024-05-08,2024.0,5,TEXAS,3,Vehicle accident / death linked to hazardous transport,,US-Mexico border crossing,POINT (-99.408286 28.640088)
2024-05-26,2024.0,5,,1,Drowning,,US-Mexico border crossing,POINT (-100.510769 28.707942)
2024-05-26,2024.0,5,TEXAS,1,"Harsh environmental conditions / lack of adequate shelter, food, water",,US-Mexico border crossing,POINT (-100.618543 28.929444)
2024-05-29,2024.0,5,TEXAS,3,Vehicle accident / death linked to hazardous transport,,US-Mexico border crossing,POINT (-100.774093 29.918249)
2024-01-08,2024.0,1,ARIZONA,1,Mixed or unknown,,US-Mexico border crossing,POINT (-111.449806 32.272111)
2024-01-06,2024.0,1,ARIZONA,1,Mixed or unknown,,US-Mexico border crossing,POINT (-111.929662 32.18169)
2024-01-10,2024.0,1,ARIZONA,1,Mixed or unknown,,US-Mexico border crossing,POINT (-111.356831 32.007317)
2024-01-11,2024.0,1,ARIZONA,1,Mixed or unknown,,US-Mexico border crossing,POINT (-111.31058 31.45851)
2024-01-14,2024.0,1,ARIZONA,1,Mixed or unknown,,US-Mexico border crossing,POINT (-111.2232 31.869)
2024-01-22,2024.0,1,ARIZONA,1,Mixed or unknown,,US-Mexico border crossing,POINT (-111.61995 32.29443)
2024-01-26,2024.0,1,ARIZONA,1,Mixed or unknown,,US-Mexico border crossing,POINT (-113.11225 32.12339)
2024-01-27,2024.0,1,ARIZONA,1,Mixed or unknown,,US-Mexico border crossing,POINT (-113.124557 32.375164)
2024-01-31,2024.0,1,ARIZONA,1,Mixed or unknown,,US-Mexico border crossing,POINT (-113.11214 32.112269)
2024-02-03,2024.0,2,ARIZONA,1,"Harsh environmental conditions / lack of adequate shelter, food, water",,US-Mexico border crossing,POINT (-109.220635 31.611253)
2024-02-03,2024.0,2,ARIZONA,1,Mixed or unknown,,US-Mexico border crossing,POINT (-113.15264 32.34112)
2024-02-03,2024.0,2,ARIZONA,1,Mixed or unknown,,US-Mexico border crossing,POINT (-113.166307 32.230776)
2024-02-03,2024.0,2,ARIZONA,1,Mixed or unknown,,US-Mexico border crossing,POINT (-113.13191 32.35073)
2024-06-03,2024.0,6,TEXAS,1,"Harsh environmental conditions / lack of adequate shelter, food, water",,US-Mexico border crossing,POINT (-100.239614 28.335796)
2024-06-10,2024.0,6,,1,Drowning,,US-Mexico border crossing,POINT (-100.510269 28.70875)
2024-06-10,2024.0,6,NEW MEXICO,1,"Harsh environmental conditions / lack of adequate shelter, food, water",,US-Mexico border crossing,POINT (-106.69 31.82)
2024-06-08,2024.0,6,NEW MEXICO,1,"Harsh environmental conditions / lack of adequate shelter, food, water",,US-Mexico border crossing,POINT (-106.59565 31.80917)
2024-06-05,2024.0,6,NEW MEXICO,1,"Harsh environmental conditions / lack of adequate shelter, food, water",,US-Mexico border crossing,POINT (-106.62739 31.82794)
2024-06-05,2024.0,6,NEW MEXICO,1,"Harsh environmental conditions / lack of adequate shelter, food, water",,US-Mexico border crossing,POINT (-106.63 31.82)
2024-06-10,2024.0,6,NEW MEXICO,1,"Harsh environmental conditions / lack of adequate shelter, food, water",,US-Mexico border crossing,POINT (-106.659083 31.819607)
2024-06-12,2024.0,6,TEXAS,1,Drowning,,US-Mexico border crossing,POINT (-106.545973 31.804153)
2024-06-10,2024.0,6,,1,Mixed or unknown,,US-Mexico border crossing,POINT (-100.508436 28.710059)
2024-06-16,2024.0,6,TEXAS,1,"Harsh environmental conditions / lack of adequate shelter, food, water",,US-Mexico border crossing,POINT (-99.064479 26.51368)
2024-02-03,2024.0,2,ARIZONA,1,Mixed or unknown,,US-Mexico border crossing,POINT (-113.16379 32.23346)
2024-02-09,2024.0,2,ARIZONA,1,Drowning,,US-Mexico border crossing,POINT (-110.70348 31.34787)
2024-02-12,2024.0,2,ARIZONA,1,Violence,,US-Mexico border crossing,POINT (-111.63423 31.71566)
2024-02-14,2024.0,2,ARIZONA,1,Mixed or unknown,,US-Mexico border crossing,POINT (-113.16987 32.432)
2024-02-18,2024.0,2,ARIZONA,1,Mixed or unknown,,US-Mexico border crossing,POINT (-111.88026 31.66537)
2024-02-20,2024.0,2,ARIZONA,1,Mixed or unknown,,US-Mexico border crossing,POINT (-111.88026 31.66537)
2024-02-22,2024.0,2,ARIZONA,1,"Harsh environmental conditions / lack of adequate shelter, food, water",,US-Mexico border crossing,POINT (-111.16916 31.54511)
2024-02-24,2024.0,2,ARIZONA,1,Mixed or unknown,,US-Mexico border crossing,POINT (-113.09382 32.28893)
2024-02-24,2024.0,2,ARIZONA,1,Mixed or unknown,,US-Mexico border crossing,POINT (-113.065017 32.208189)
2024-02-24,2024.0,2,ARIZONA,1,Mixed or unknown,,US-Mexico border crossing,POINT (-113.08067 32.25108)
2024-02-24,2024.0,2,ARIZONA,1,Mixed or unknown,,US-Mexico border crossing,POINT (-113.087418 32.274801)
2024-02-24,2024.0,2,ARIZONA,1,Mixed or unknown,,US-Mexico border crossing,POINT (-113.110844 32.344291)
2024-02-24,2024.0,2,ARIZONA,1,Mixed or unknown,,US-Mexico border crossing,POINT (-113.073662 32.262255)
2024-02-24,2024.0,2,ARIZONA,1,Mixed or unknown,,US-Mexico border crossing,POINT (-113.11716 32.32553)
2024-03-08,2024.0,3,ARIZONA,1,Mixed or unknown,,US-Mexico border crossing,POINT (-109.902509 31.336589)
2024-03-28,2024.0,3,ARIZONA,1,Mixed or unknown,,US-Mexico border crossing,POINT (-113.05393 31.96795)
2024-03-28,2024.0,3,ARIZONA,1,Mixed or unknown,,US-Mexico border crossing,POINT (-113.08678 32.31917)
2024-06-28,2024.0,6,ARIZONA,3,"Harsh environmental conditions / lack of adequate shelter, food, water",,US-Mexico border crossing,POINT (-113.115394 32.401094)
2024-07-01,2024.0,7,NEW MEXICO,1,"Harsh environmental conditions / lack of adequate shelter, food, water",,US-Mexico border crossing,POINT (-106.62352 31.83622)
2024-06-25,2024.0,6,TEXAS,4,Drowning,,US-Mexico border crossing,POINT (-106.541822 31.803495)
2024-06-23,2024.0,6,TEXAS,1,Drowning,,US-Mexico border crossing,POINT (-106.318806 31.655484)
2024-06-25,2024.0,6,NEW MEXICO,1,"Harsh environmental conditions / lack of adequate shelter, food, water",,US-Mexico border crossing,POINT (-106.72283 31.810009)
2024-06-20,2024.0,6,WASHINGTON,1,Vehicle accident / death linked to hazardous transport,,,POINT (-122.616795 48.901267)
2024-06-21,2024.0,6,FLORIDA,1,Violence,,,POINT (-80.25051 25.901982)
2024-04-02,2024.0,4,ARIZONA,1,Mixed or unknown,,US-Mexico border crossing,POINT (-111.94507 31.84829)
2024-04-06,2024.0,4,ARIZONA,1,Mixed or unknown,,US-Mexico border crossing,POINT (-111.907406 32.210614)
2024-04-06,2024.0,4,ARIZONA,1,Mixed or unknown,,US-Mexico border crossing,POINT (-111.910646 32.226995)
2024-04-12,2024.0,4,ARIZONA,1,Vehicle accident / death linked to hazardous transport,,US-Mexico border crossing,POINT (-111.464518 32.693547)
2024-04-16,2024.0,4,ARIZONA,1,Mixed or unknown,,US-Mexico border crossing,POINT (-111.624315 31.935031)
2024-04-17,2024.0,4,ARIZONA,1,Mixed or unknown,,US-Mexico border crossing,POINT (-111.92761 31.8575)
2024-04-20,2024.0,4,ARIZONA,1,"Harsh environmental conditions / lack of adequate shelter, food, water",,US-Mexico border crossing,POINT (-111.37371 31.82767)
2024-04-28,2024.0,4,ARIZONA,1,Mixed or unknown,,US-Mexico border crossing,POINT (-111.171944 31.640278)
2024-05-01,2024.0,5,ARIZONA,1,Mixed or unknown,,US-Mexico border crossing,POINT (-111.169297 31.640407)
2024-05-25,2024.0,5,ARIZONA,1,Mixed or unknown,,US-Mexico border crossing,POINT (-109.91314 31.36735)
2024-05-30,2024.0,5,ARIZONA,1,Mixed or unknown,,US-Mexico border crossing,POINT (-111.725536 31.577831)
2024-06-04,2024.0,6,ARIZONA,1,Mixed or unknown,,US-Mexico border crossing,POINT (-111.293131 31.986323)
2024-06-04,2024.0,6,ARIZONA,1,Mixed or unknown,,US-Mexico border crossing,POINT (-111.9985 31.704333)
2024-06-07,2024.0,6,ARIZONA,1,Mixed or unknown,,US-Mexico border crossing,POINT (-111.99752 31.70187)
2024-07-02,2024.0,7,TEXAS,1,Mixed or unknown,,US-Mexico border crossing,POINT (-99.532775 27.933521)
2024-07-02,2024.0,7,TEXAS,1,Vehicle accident / death linked to hazardous transport,,US-Mexico border crossing,POINT (-106.392497 31.77888)
2024-06-14,2024.0,6,ARIZONA,1,"Harsh environmental conditions / lack of adequate shelter, food, water",,US-Mexico border crossing,POINT (-111.4331 31.89617)
2024-06-17,2024.0,6,ARIZONA,1,Mixed or unknown,,US-Mexico border crossing,POINT (-111.949667 31.710833)
2024-06-22,2024.0,6,ARIZONA,1,"Harsh environmental conditions / lack of adequate shelter, food, water",,US-Mexico border crossing,POINT (-111.814367 31.71875)
2024-06-23,2024.0,6,ARIZONA,1,"Harsh environmental conditions / lack of adequate shelter, food, water",,US-Mexico border crossing,POINT (-113.143321 32.461237)
2024-06-25,2024.0,6,ARIZONA,1,"Harsh environmental conditions / lack of adequate shelter, food, water",,US-Mexico border crossing,POINT (-109.24732 31.56296)
2024-06-25,2024.0,6,ARIZONA,1,"Harsh environmental conditions / lack of adequate shelter, food, water",,US-Mexico border crossing,POINT (-109.142167 31.5494)
2024-06-26,2024.0,6,ARIZONA,1,"Harsh environmental conditions / lack of adequate shelter, food, water",,US-Mexico border crossing,POINT (-113.124333 32.3735)
2024-06-26,2024.0,6,ARIZONA,1,"Harsh environmental conditions / lack of adequate shelter, food, water",,US-Mexico border crossing,POINT (-113.168183 32.339517)
2024-06-27,2024.0,6,ARIZONA,1,"Harsh environmental conditions / lack of adequate shelter, food, water",,US-Mexico border crossing,POINT (-113.164933 32.346417)
2024-06-27,2024.0,6,ARIZONA,1,Mixed or unknown,,US-Mexico border crossing,POINT (-110.7988 31.3662)
2024-06-29,2024.0,6,,1,"Harsh environmental conditions / lack of adequate shelter, food, water",,US-Mexico border crossing,POINT (-112.672735 31.835728)
2024-03-21,2024.0,3,CALIFORNIA,1,Accidental death,,US-Mexico border crossing,POINT (-117.010185 32.545053)
2024-08-02,2024.0,8,,1,Drowning,,US-Mexico border crossing,POINT (-100.509946 28.693979)
2024-08-05,2024.0,8,TEXAS,1,"Harsh environmental conditions / lack of adequate shelter, food, water",,US-Mexico border crossing,POINT (-100.411989 29.276114)
2024-06-02,2024.0,6,NEW MEXICO,1,"Harsh environmental conditions / lack of adequate shelter, food, water",,US-Mexico border crossing,POINT (-107.103506 32.078288)
2024-08-07,2024.0,8,TEXAS,1,Drowning,,US-Mexico border crossing,POINT (-100.472031 28.719469)
2024-08-07,2024.0,8,TEXAS,1,Drowning,,US-Mexico border crossing,POINT (-100.507858 28.741574)
2024-08-23,2024.0,8,TEXAS,1,"Harsh environmental conditions / lack of adequate shelter, food, water",,US-Mexico border crossing,POINT (-100.262623 28.495108)
2024-08-13,2024.0,8,CALIFORNIA,1,Sickness / lack of access to adequate healthcare,,US-Mexico border crossing,POINT (-117.022037 32.553019)
2024-07-24,2024.0,7,ARIZONA,1,Vehicle accident / death linked to hazardous transport,,US-Mexico border crossing,POINT (-110.728223 32.03401)
2024-09-09,2024.0,9,TEXAS,1,"Harsh environmental conditions / lack of adequate shelter, food, water",,US-Mexico border crossing,POINT (-100.311815 28.494799)
2024-09-16,2024.0,9,TEXAS,1,"Harsh environmental conditions / lack of adequate shelter, food, water",,US-Mexico border crossing,POINT (-100.318227 28.496274)
2024-09-20,2024.0,9,TEXAS,1,Mixed or unknown,,US-Mexico border crossing,POINT (-100.334358 28.510072)
2024-10-08,2024.0,10,ARIZONA,1,"Harsh environmental conditions / lack of adequate shelter, food, water",,US-Mexico border crossing,POINT (-110.044024 31.378391)
2024-10-14,2024.0,10,,1,Drowning,,US-Mexico border crossing,POINT (-100.510849 28.707733)
2024-10-17,2024.0,10,,2,Drowning,,US-Mexico border crossing,POINT (-100.925971 29.32695)
2024-10-22,2024.0,10,CALIFORNIA,2,Vehicle accident / death linked to hazardous transport,,US-Mexico border crossing,POINT (-117.004499 32.566268)
2024-10-27,2024.0,10,WASHINGTON,1,Sickness / lack of access to adequate healthcare,,,POINT (-122.423784 47.249239)
2024-09-07,2024.0,9,TEXAS,1,Sickness / lack of access to adequate healthcare,,US-Mexico border crossing,POINT (-97.747601 26.464952)
2024-02-23,2024.0,2,LOUISIANA,1,Sickness / lack of access to adequate healthcare,,,POINT (-92.463774 31.283298)
2024-11-13,2024.0,11,,1,Drowning,,US-Mexico border crossing,POINT (-100.510035 28.70888)
2024-12-19,2024.0,12,,1,Drowning,,US-Mexico border crossing,POINT (-117.12997 32.556853)
2024-07-01,2024.0,7,NEW MEXICO,1,"Harsh environmental conditions / lack of adequate shelter, food, water",,US-Mexico border crossing,POINT (-106.61677 31.80382)
2024-07-01,2024.0,7,NEW MEXICO,1,"Harsh environmental conditions / lack of adequate shelter, food, water",,US-Mexico border crossing,POINT (-106.6636 31.79881)
2024-07-01,2024.0,7,NEW MEXICO,1,"Harsh environmental conditions / lack of adequate shelter, food, water",,US-Mexico border crossing,POINT (-106.61677 31.80382)
2024-01-21,2024.0,1,NEW MEXICO,1,Mixed or unknown,,US-Mexico border crossing,POINT (-106.629966 32.024856)
2024-01-21,2024.0,1,NEW MEXICO,1,Mixed or unknown,,US-Mexico border crossing,POINT (-106.72697 31.79649)
2024-01-24,2024.0,1,NEW MEXICO,1,Mixed or unknown,,US-Mexico border crossing,POINT (-107.03876 32.63181)
2024-02-05,2024.0,2,NEW MEXICO,1,Mixed or unknown,,US-Mexico border crossing,POINT (-106.64875 31.81848)
2024-02-14,2024.0,2,NEW MEXICO,1,Mixed or unknown,,US-Mexico border crossing,POINT (-107.57106 32.11044)
2024-02-21,2024.0,2,NEW MEXICO,1,Mixed or unknown,,US-Mexico border crossing,POINT (-106.79941 31.80539)
2024-02-24,2024.0,2,NEW MEXICO,1,Mixed or unknown,,US-Mexico border crossing,POINT (-107.569137 32.181328)
2024-03-06,2024.0,3,NEW MEXICO,1,Violence,,US-Mexico border crossing,POINT (-106.74608 34.588621)
2024-03-17,2024.0,3,NEW MEXICO,1,Mixed or unknown,,US-Mexico border crossing,POINT (-106.803898 31.810433)
2024-03-19,2024.0,3,NEW MEXICO,1,Mixed or unknown,,US-Mexico border crossing,POINT (-106.8681 32.07162)
2024-04-08,2024.0,4,NEW MEXICO,1,"Harsh environmental conditions / lack of adequate shelter, food, water",,US-Mexico border crossing,POINT (-106.58395 31.78998)
2024-04-13,2024.0,4,NEW MEXICO,1,"Harsh environmental conditions / lack of adequate shelter, food, water",,US-Mexico border crossing,POINT (-106.71 31.86)
2024-05-18,2024.0,5,NEW MEXICO,1,"Harsh environmental conditions / lack of adequate shelter, food, water",,US-Mexico border crossing,POINT (-106.60214 31.81881)
2024-05-19,2024.0,5,NEW MEXICO,1,"Harsh environmental conditions / lack of adequate shelter, food, water",,US-Mexico border crossing,POINT (-106.71003 31.83007)
2024-05-20,2024.0,5,NEW MEXICO,1,"Harsh environmental conditions / lack of adequate shelter, food, water",,US-Mexico border crossing,POINT (-106.74893 31.81677)
2024-05-22,2024.0,5,NEW MEXICO,1,"Harsh environmental conditions / lack of adequate shelter, food, water",,US-Mexico border crossing,POINT (-106.73164 31.84296)
2024-05-26,2024.0,5,NEW MEXICO,1,"Harsh environmental conditions / lack of adequate shelter, food, water",,US-Mexico border crossing,POINT (-106.63976 31.82869)
2024-05-30,2024.0,5,NEW MEXICO,1,Mixed or unknown,,US-Mexico border crossing,POINT (-106.8283 31.81209)
2024-05-30,2024.0,5,NEW MEXICO,1,"Harsh environmental conditions / lack of adequate shelter, food, water",,US-Mexico border crossing,POINT (-106.7111 31.80211)
2024-05-31,2024.0,5,NEW MEXICO,1,"Harsh environmental conditions / lack of adequate shelter, food, water",,US-Mexico border crossing,POINT (-106.59776 31.800089)
2024-05-31,2024.0,5,NEW MEXICO,1,"Harsh environmental conditions / lack of adequate shelter, food, water",,US-Mexico border crossing,POINT (-106.59 31.81)
2024-06-01,2024.0,6,NEW MEXICO,1,"Harsh environmental conditions / lack of adequate shelter, food, water",,US-Mexico border crossing,POINT (-106.600613 31.797449)
2024-06-02,2024.0,6,NEW MEXICO,1,Mixed or unknown,,US-Mexico border crossing,POINT (-108.75642 31.8911)
2024-06-03,2024.0,6,NEW MEXICO,1,"Harsh environmental conditions / lack of adequate shelter, food, water",,US-Mexico border crossing,POINT (-106.7467 31.87136)
2024-06-03,2024.0,6,NEW MEXICO,1,"Harsh environmental conditions / lack of adequate shelter, food, water",,US-Mexico border crossing,POINT (-106.73 31.85)
2024-06-03,2024.0,6,NEW MEXICO,1,Mixed or unknown,,US-Mexico border crossing,POINT (-108.03255 32.13917)
2024-06-04,2024.0,6,NEW MEXICO,1,"Harsh environmental conditions / lack of adequate shelter, food, water",,US-Mexico border crossing,POINT (-106.63 31.79)
2024-06-05,2024.0,6,NEW MEXICO,1,"Harsh environmental conditions / lack of adequate shelter, food, water",,US-Mexico border crossing,POINT (-108.60071 31.771314)
2024-06-05,2024.0,6,NEW MEXICO,1,Mixed or unknown,,US-Mexico border crossing,POINT (-106.80247 31.868447)
2024-06-07,2024.0,6,NEW MEXICO,1,"Harsh environmental conditions / lack of adequate shelter, food, water",,US-Mexico border crossing,POINT (-106.69 31.82)
2024-06-08,2024.0,6,NEW MEXICO,1,"Harsh environmental conditions / lack of adequate shelter, food, water",,US-Mexico border crossing,POINT (-106.74507 31.84267)
2024-06-08,2024.0,6,NEW MEXICO,1,"Harsh environmental conditions / lack of adequate shelter, food, water",,US-Mexico border crossing,POINT (-106.63487 31.80315)
2024-06-09,2024.0,6,NEW MEXICO,1,"Harsh environmental conditions / lack of adequate shelter, food, water",,US-Mexico border crossing,POINT (-106.692432 31.91492)
2024-06-12,2024.0,6,TEXAS,1,Drowning,,US-Mexico border crossing,POINT (-106.54782 31.80222)
2024-06-13,2024.0,6,NEW MEXICO,1,Mixed or unknown,,US-Mexico border crossing,POINT (-106.8 31.87)
2024-06-13,2024.0,6,NEW MEXICO,1,Mixed or unknown,,US-Mexico border crossing,POINT (-106.80009 31.86827)
2024-06-13,2024.0,6,NEW MEXICO,1,Mixed or unknown,,US-Mexico border crossing,POINT (-106.76606 31.85589)
2024-06-13,2024.0,6,NEW MEXICO,1,"Harsh environmental conditions / lack of adequate shelter, food, water",,US-Mexico border crossing,POINT (-106.62007 31.82157)
2024-06-15,2024.0,6,NEW MEXICO,1,Mixed or unknown,,US-Mexico border crossing,POINT (-106.7327 31.82369)
2024-06-16,2024.0,6,NEW MEXICO,1,"Harsh environmental conditions / lack of adequate shelter, food, water",,US-Mexico border crossing,POINT (-106.710474 31.930588)
2024-06-16,2024.0,6,NEW MEXICO,1,"Harsh environmental conditions / lack of adequate shelter, food, water",,US-Mexico border crossing,POINT (-106.710474 31.930588)
2024-06-16,2024.0,6,NEW MEXICO,1,"Harsh environmental conditions / lack of adequate shelter, food, water",,US-Mexico border crossing,POINT (-106.710474 31.930588)
2024-06-17,2024.0,6,NEW MEXICO,1,"Harsh environmental conditions / lack of adequate shelter, food, water",,US-Mexico border crossing,POINT (-106.736 31.81829)
2024-06-20,2024.0,6,NEW MEXICO,1,"Harsh environmental conditions / lack of adequate shelter, food, water",,US-Mexico border crossing,POINT (-106.60023 31.79708)
2024-06-22,2024.0,6,NEW MEXICO,1,"Harsh environmental conditions / lack of adequate shelter, food, water",,US-Mexico border crossing,POINT (-106.73088 31.8197)
2024-06-23,2024.0,6,NEW MEXICO,1,"Harsh environmental conditions / lack of adequate shelter, food, water",,US-Mexico border crossing,POINT (-106.734108 31.797425)
2024-06-23,2024.0,6,NEW MEXICO,1,"Harsh environmental conditions / lack of adequate shelter, food, water",,US-Mexico border crossing,POINT (-106.6206 31.80715)
2024-06-24,2024.0,6,NEW MEXICO,1,"Harsh environmental conditions / lack of adequate shelter, food, water",,US-Mexico border crossing,POINT (-107.37296 31.85794)
2024-06-24,2024.0,6,NEW MEXICO,1,"Harsh environmental conditions / lack of adequate shelter, food, water",,US-Mexico border crossing,POINT (-106.74885 31.84932)
2024-06-24,2024.0,6,NEW MEXICO,1,"Harsh environmental conditions / lack of adequate shelter, food, water",,US-Mexico border crossing,POINT (-106.73139 31.814)
2024-06-25,2024.0,6,NEW MEXICO,1,"Harsh environmental conditions / lack of adequate shelter, food, water",,US-Mexico border crossing,POINT (-106.62 31.81)
2024-06-27,2024.0,6,NEW MEXICO,1,"Harsh environmental conditions / lack of adequate shelter, food, water",,US-Mexico border crossing,POINT (-106.628 31.82839)
2024-06-27,2024.0,6,NEW MEXICO,1,Mixed or unknown,,US-Mexico border crossing,POINT (-106.66009 31.78997)
2024-06-29,2024.0,6,NEW MEXICO,1,Mixed or unknown,,US-Mexico border crossing,POINT (-106.72504 31.84388)
2024-06-30,2024.0,6,NEW MEXICO,1,"Harsh environmental conditions / lack of adequate shelter, food, water",,US-Mexico border crossing,POINT (-106.69828 31.8302)
2024-06-30,2024.0,6,NEW MEXICO,1,"Harsh environmental conditions / lack of adequate shelter, food, water",,US-Mexico border crossing,POINT (-106.725598 31.813858)
2024-06-30,2024.0,6,NEW MEXICO,1,Mixed or unknown,,US-Mexico border crossing,POINT (-106.72311 31.809445)
2024-06-30,2024.0,6,NEW MEXICO,1,"Harsh environmental conditions / lack of adequate shelter, food, water",,US-Mexico border crossing,POINT (-106.734994 31.818245)
2024-07-01,2024.0,7,NEW MEXICO,1,"Harsh environmental conditions / lack of adequate shelter, food, water",,US-Mexico border crossing,POINT (-106.72544 31.79849)
2024-07-01,2024.0,7,NEW MEXICO,1,"Harsh environmental conditions / lack of adequate shelter, food, water",,US-Mexico border crossing,POINT (-106.70753 31.794538)
2024-07-04,2024.0,7,NEW MEXICO,1,"Harsh environmental conditions / lack of adequate shelter, food, water",,US-Mexico border crossing,POINT (-106.70029 31.8299)
2024-07-04,2024.0,7,NEW MEXICO,1,"Harsh environmental conditions / lack of adequate shelter, food, water",,US-Mexico border crossing,POINT (-106.7173 31.8022)
2024-07-05,2024.0,7,NEW MEXICO,1,"Harsh environmental conditions / lack of adequate shelter, food, water",,US-Mexico border crossing,POINT (-106.6555 31.80511)
2024-07-06,2024.0,7,NEW MEXICO,1,"Harsh environmental conditions / lack of adequate shelter, food, water",,US-Mexico border crossing,POINT (-106.62282 31.80163)
2024-07-07,2024.0,7,NEW MEXICO,1,"Harsh environmental conditions / lack of adequate shelter, food, water",,US-Mexico border crossing,POINT (-106.71791 31.81128)
2024-07-09,2024.0,7,NEW MEXICO,1,Mixed or unknown,,US-Mexico border crossing,POINT (-106.725834 31.843626)
2024-07-09,2024.0,7,NEW MEXICO,1,Mixed or unknown,,US-Mexico border crossing,POINT (-106.63586 31.824593)
2024-07-10,2024.0,7,NEW MEXICO,1,Mixed or unknown,,US-Mexico border crossing,POINT (-106.7696 31.819392)
2024-07-10,2024.0,7,NEW MEXICO,1,"Harsh environmental conditions / lack of adequate shelter, food, water",,US-Mexico border crossing,POINT (-106.72624 31.80311)
2024-07-10,2024.0,7,NEW MEXICO,1,"Harsh environmental conditions / lack of adequate shelter, food, water",,US-Mexico border crossing,POINT (-106.72624 31.80311)
2024-07-11,2024.0,7,NEW MEXICO,1,Mixed or unknown,,US-Mexico border crossing,POINT (-106.72626 31.80309)
2024-07-13,2024.0,7,NEW MEXICO,1,"Harsh environmental conditions / lack of adequate shelter, food, water",,US-Mexico border crossing,POINT (-106.62725 31.81851)
2024-07-14,2024.0,7,NEW MEXICO,1,Mixed or unknown,,US-Mexico border crossing,POINT (-106.65041 31.823754)
2024-07-15,2024.0,7,NEW MEXICO,1,"Harsh environmental conditions / lack of adequate shelter, food, water",,US-Mexico border crossing,POINT (-106.74519 31.81458)
2024-07-15,2024.0,7,NEW MEXICO,1,"Harsh environmental conditions / lack of adequate shelter, food, water",,US-Mexico border crossing,POINT (-106.7269 31.80835)
2024-07-15,2024.0,7,NEW MEXICO,1,"Harsh environmental conditions / lack of adequate shelter, food, water",,US-Mexico border crossing,POINT (-106.61772 31.81342)
2024-07-16,2024.0,7,NEW MEXICO,1,"Harsh environmental conditions / lack of adequate shelter, food, water",,US-Mexico border crossing,POINT (-106.60639 31.80926)
2024-07-19,2024.0,7,NEW MEXICO,1,Mixed or unknown,,US-Mexico border crossing,POINT (-106.724694 31.83133)
2024-07-20,2024.0,7,NEW MEXICO,1,"Harsh environmental conditions / lack of adequate shelter, food, water",,US-Mexico border crossing,POINT (-106.7 31.85)
2024-07-23,2024.0,7,NEW MEXICO,1,Mixed or unknown,,US-Mexico border crossing,POINT (-106.39172 35.080894)
2024-07-23,2024.0,7,NEW MEXICO,1,"Harsh environmental conditions / lack of adequate shelter, food, water",,US-Mexico border crossing,POINT (-106.89 31.84)
2024-07-24,2024.0,7,NEW MEXICO,1,"Harsh environmental conditions / lack of adequate shelter, food, water",,US-Mexico border crossing,POINT (-106.83364 31.83395)
2024-07-26,2024.0,7,NEW MEXICO,1,"Harsh environmental conditions / lack of adequate shelter, food, water",,US-Mexico border crossing,POINT (-106.66994 31.88932)
2024-07-29,2024.0,7,NEW MEXICO,1,Mixed or unknown,,US-Mexico border crossing,POINT (-106.74612 31.8221)
2024-07-29,2024.0,7,NEW MEXICO,1,"Harsh environmental conditions / lack of adequate shelter, food, water",,US-Mexico border crossing,POINT (-107.77631 32.138076)
2024-07-29,2024.0,7,NEW MEXICO,1,"Harsh environmental conditions / lack of adequate shelter, food, water",,US-Mexico border crossing,POINT (-106.75823 31.82421)
2024-08-01,2024.0,8,NEW MEXICO,1,"Harsh environmental conditions / lack of adequate shelter, food, water",,US-Mexico border crossing,POINT (-106.83415 31.79995)
2024-08-02,2024.0,8,NEW MEXICO,1,"Harsh environmental conditions / lack of adequate shelter, food, water",,US-Mexico border crossing,POINT (-106.71298 31.81551)
2024-08-03,2024.0,8,NEW MEXICO,1,"Harsh environmental conditions / lack of adequate shelter, food, water",,US-Mexico border crossing,POINT (-106.661452 31.829641)
2024-08-04,2024.0,8,NEW MEXICO,1,"Harsh environmental conditions / lack of adequate shelter, food, water",,US-Mexico border crossing,POINT (-106.73863 31.83049)
2024-08-05,2024.0,8,NEW MEXICO,1,Mixed or unknown,,US-Mexico border crossing,POINT (-106.676265 31.868118)
2024-08-07,2024.0,8,NEW MEXICO,1,"Harsh environmental conditions / lack of adequate shelter, food, water",,US-Mexico border crossing,POINT (-106.65828 31.82885)
2024-08-07,2024.0,8,NEW MEXICO,1,"Harsh environmental conditions / lack of adequate shelter, food, water",,US-Mexico border crossing,POINT (-106.79 31.81)
2024-08-11,2024.0,8,NEW MEXICO,1,Mixed or unknown,,US-Mexico border crossing,POINT (-106.65898 31.8518)
2024-08-11,2024.0,8,NEW MEXICO,1,"Harsh environmental conditions / lack of adequate shelter, food, water",,US-Mexico border crossing,POINT (-106.689025 31.93756)
2024-08-13,2024.0,8,NEW MEXICO,1,"Harsh environmental conditions / lack of adequate shelter, food, water",,US-Mexico border crossing,POINT (-106.82489 31.80883)
2024-08-13,2024.0,8,NEW MEXICO,1,Mixed or unknown,,US-Mexico border crossing,POINT (-106.80925 31.81049)
2024-08-13,2024.0,8,NEW MEXICO,1,Mixed or unknown,,US-Mexico border crossing,POINT (-106.75505 31.83338)
2024-08-14,2024.0,8,NEW MEXICO,1,"Harsh environmental conditions / lack of adequate shelter, food, water",,US-Mexico border crossing,POINT (-106.732665 31.839367)
2024-08-18,2024.0,8,NEW MEXICO,1,"Harsh environmental conditions / lack of adequate shelter, food, water",,US-Mexico border crossing,POINT (-106.71703 31.81958)
2024-08-18,2024.0,8,NEW MEXICO,1,"Harsh environmental conditions / lack of adequate shelter, food, water",,US-Mexico border crossing,POINT (-106.72784 31.83781)
2024-08-28,2024.0,8,NEW MEXICO,1,Mixed or unknown,,US-Mexico border crossing,POINT (-106.74767 31.83871)
2024-08-28,2024.0,8,NEW MEXICO,1,Mixed or unknown,,US-Mexico border crossing,POINT (-106.62765 31.81932)
2024-08-29,2024.0,8,NEW MEXICO,1,"Harsh environmental conditions / lack of adequate shelter, food, water",,US-Mexico border crossing,POINT (-106.66476 31.80789)
2024-08-31,2024.0,8,NEW MEXICO,1,Mixed or unknown,,US-Mexico border crossing,POINT (-108.03204 32.13949)
2024-09-04,2024.0,9,NEW MEXICO,1,"Harsh environmental conditions / lack of adequate shelter, food, water",,US-Mexico border crossing,POINT (-106.57419 31.7886)
2024-09-05,2024.0,9,NEW MEXICO,1,Mixed or unknown,,US-Mexico border crossing,POINT (-107.56873 32.18178)
2024-09-09,2024.0,9,NEW MEXICO,1,Mixed or unknown,,US-Mexico border crossing,POINT (-106.717872 31.81273)
2024-09-20,2024.0,9,NEW MEXICO,1,Mixed or unknown,,US-Mexico border crossing,POINT (-106.596692 31.79575)
2024-09-22,2024.0,9,NEW MEXICO,1,Mixed or unknown,,US-Mexico border crossing,POINT (-106.73347 31.85739)
2024-09-25,2024.0,9,NEW MEXICO,1,Mixed or unknown,,US-Mexico border crossing,POINT (-107.770428 32.260377)
2024-09-28,2024.0,9,NEW MEXICO,1,Mixed or unknown,,US-Mexico border crossing,POINT (-106.73316 31.83077)
2024-10-03,2024.0,10,NEW MEXICO,1,Mixed or unknown,,US-Mexico border crossing,POINT (-106.77168 31.8242)
2024-10-03,2024.0,10,NEW MEXICO,1,Mixed or unknown,,US-Mexico border crossing,POINT (-106.75271 31.83324)
2024-10-04,2024.0,10,NEW MEXICO,1,Mixed or unknown,,US-Mexico border crossing,POINT (-106.72549 31.85751)
2024-10-05,2024.0,10,NEW MEXICO,1,Mixed or unknown,,US-Mexico border crossing,POINT (-107.784846 32.227964)
2024-10-09,2024.0,10,NEW MEXICO,1,Mixed or unknown,,US-Mexico border crossing,POINT (-106.612824 31.842617)
2024-10-15,2024.0,10,NEW MEXICO,1,"Harsh environmental conditions / lack of adequate shelter, food, water",,US-Mexico border crossing,POINT (-106.62231 31.814)
2024-10-17,2024.0,10,NEW MEXICO,1,Mixed or unknown,,US-Mexico border crossing,POINT (-106.66296 31.79668)
2024-10-17,2024.0,10,NEW MEXICO,1,Mixed or unknown,,US-Mexico border crossing,POINT (-107.35717 32.02183)
2024-10-27,2024.0,10,NEW MEXICO,1,Mixed or unknown,,US-Mexico border crossing,POINT (-106.714576 31.813466)
2024-10-28,2024.0,10,NEW MEXICO,1,Mixed or unknown,,US-Mexico border crossing,POINT (-106.73867 31.83278)
2024-10-28,2024.0,10,NEW MEXICO,1,Mixed or unknown,,US-Mexico border crossing,POINT (-106.73781 31.8298)
2024-10-31,2024.0,10,NEW MEXICO,1,Mixed or unknown,,US-Mexico border crossing,POINT (-108.607 31.9611)
2024-08-04,2024.0,8,TEXAS,1,"Harsh environmental conditions / lack of adequate shelter, food, water",,US-Mexico border crossing,POINT (-106.564955 31.904266)
2024-07-18,2024.0,7,TEXAS,1,Vehicle accident / death linked to hazardous transport,,US-Mexico border crossing,POINT (-106.580646 31.834277)
2024-07-17,2024.0,7,TEXAS,1,"Harsh environmental conditions / lack of adequate shelter, food, water",,US-Mexico border crossing,POINT (-98.228261 26.186766)
2024-06-25,2024.0,6,TEXAS,1,"Harsh environmental conditions / lack of adequate shelter, food, water",,US-Mexico border crossing,POINT (-106.436625 31.772822)
2024-07-17,2024.0,7,ARIZONA,1,"Harsh environmental conditions / lack of adequate shelter, food, water",,US-Mexico border crossing,POINT (-112.142757 32.819625)
2024-06-28,2024.0,6,ARIZONA,1,"Harsh environmental conditions / lack of adequate shelter, food, water",,US-Mexico border crossing,POINT (-112.142757 32.819625)
2024-01-20,2024.0,1,ARIZONA,1,Mixed or unknown,,US-Mexico border crossing,POINT (-113.332955 32.360115)
2024-06-27,2024.0,6,ARIZONA,1,Mixed or unknown,,US-Mexico border crossing,POINT (-110.7988 31.3662)
2024-07-01,2024.0,7,ARIZONA,1,Mixed or unknown,,US-Mexico border crossing,POINT (-111.49258 31.89254)
2024-07-01,2024.0,7,ARIZONA,1,Mixed or unknown,,US-Mexico border crossing,POINT (-113.119442 32.221057)
2024-07-01,2024.0,7,ARIZONA,1,"Harsh environmental conditions / lack of adequate shelter, food, water",,US-Mexico border crossing,POINT (-111.09327 31.37862)
2024-07-02,2024.0,7,ARIZONA,1,Mixed or unknown,,US-Mexico border crossing,POINT (-113.10797 32.26821)
2024-07-02,2024.0,7,ARIZONA,1,Mixed or unknown,,US-Mexico border crossing,POINT (-113.140467 32.46404)
2024-07-02,2024.0,7,ARIZONA,1,Mixed or unknown,,US-Mexico border crossing,POINT (-113.139958 32.463843)
2024-07-03,2024.0,7,ARIZONA,1,"Harsh environmental conditions / lack of adequate shelter, food, water",,US-Mexico border crossing,POINT (-111.850043 31.749495)
2024-07-04,2024.0,7,ARIZONA,1,"Harsh environmental conditions / lack of adequate shelter, food, water",,US-Mexico border crossing,POINT (-112.442 32.037483)
2024-07-04,2024.0,7,ARIZONA,1,Vehicle accident / death linked to hazardous transport,,US-Mexico border crossing,POINT (-110.965488 31.434468)
2024-07-08,2024.0,7,ARIZONA,1,"Harsh environmental conditions / lack of adequate shelter, food, water",,US-Mexico border crossing,POINT (-112.03427 31.98499)
2024-07-08,2024.0,7,ARIZONA,1,Mixed or unknown,,US-Mexico border crossing,POINT (-111.85601 31.66752)
2024-07-11,2024.0,7,ARIZONA,1,Mixed or unknown,,US-Mexico border crossing,POINT (-113.128789 32.385453)
2024-07-11,2024.0,7,ARIZONA,1,Mixed or unknown,,US-Mexico border crossing,POINT (-111.84894 31.79647)
2024-07-11,2024.0,7,ARIZONA,1,"Harsh environmental conditions / lack of adequate shelter, food, water",,US-Mexico border crossing,POINT (-111.87376 31.90706)
2024-07-12,2024.0,7,ARIZONA,1,"Harsh environmental conditions / lack of adequate shelter, food, water",,US-Mexico border crossing,POINT (-111.76673 32.44901)
2024-07-15,2024.0,7,ARIZONA,1,"Harsh environmental conditions / lack of adequate shelter, food, water",,US-Mexico border crossing,POINT (-112.43026 31.89678)
2024-07-15,2024.0,7,ARIZONA,1,"Harsh environmental conditions / lack of adequate shelter, food, water",,US-Mexico border crossing,POINT (-109.07499 31.57027)
2024-07-16,2024.0,7,ARIZONA,1,Mixed or unknown,,US-Mexico border crossing,POINT (-112.830988 31.93501)
2024-07-17,2024.0,7,ARIZONA,1,"Harsh environmental conditions / lack of adequate shelter, food, water",,US-Mexico border crossing,POINT (-109.3489 31.4812)
2024-07-17,2024.0,7,ARIZONA,1,Mixed or unknown,,US-Mexico border crossing,POINT (-109.418611 31.473611)
2024-07-18,2024.0,7,ARIZONA,1,"Harsh environmental conditions / lack of adequate shelter, food, water",,US-Mexico border crossing,POINT (-111.86221 31.8604)
2024-07-18,2024.0,7,ARIZONA,1,Mixed or unknown,,US-Mexico border crossing,POINT (-111.833217 31.725267)
2024-07-18,2024.0,7,ARIZONA,1,Mixed or unknown,,US-Mexico border crossing,POINT (-111.88079 31.62152)
2024-07-18,2024.0,7,ARIZONA,1,"Harsh environmental conditions / lack of adequate shelter, food, water",,US-Mexico border crossing,POINT (-111.8569 31.78585)
2024-07-21,2024.0,7,ARIZONA,1,Mixed or unknown,,US-Mexico border crossing,POINT (-110.966944 31.351111)
2024-07-23,2024.0,7,ARIZONA,1,Mixed or unknown,,US-Mexico border crossing,POINT (-111.75861 31.8246)
2024-07-23,2024.0,7,ARIZONA,1,"Harsh environmental conditions / lack of adequate shelter, food, water",,US-Mexico border crossing,POINT (-110.86983 31.71582)
2024-07-23,2024.0,7,ARIZONA,1,"Harsh environmental conditions / lack of adequate shelter, food, water",,US-Mexico border crossing,POINT (-112.805705 31.978391)
2024-07-24,2024.0,7,ARIZONA,1,"Harsh environmental conditions / lack of adequate shelter, food, water",,US-Mexico border crossing,POINT (-110.91042 32.07232)
2024-07-25,2024.0,7,ARIZONA,1,"Harsh environmental conditions / lack of adequate shelter, food, water",,US-Mexico border crossing,POINT (-110.97488 31.33513)
2024-07-25,2024.0,7,ARIZONA,1,Mixed or unknown,,US-Mexico border crossing,POINT (-111.830444 31.811547)
2024-07-29,2024.0,7,ARIZONA,1,"Harsh environmental conditions / lack of adequate shelter, food, water",,US-Mexico border crossing,POINT (-112.365555 31.933055)
2024-07-31,2024.0,7,ARIZONA,1,Mixed or unknown,,US-Mexico border crossing,POINT (-111.64674 31.56996)
2024-07-31,2024.0,7,ARIZONA,1,"Harsh environmental conditions / lack of adequate shelter, food, water",,US-Mexico border crossing,POINT (-111.23068 31.58062)
2024-08-04,2024.0,8,ARIZONA,1,"Harsh environmental conditions / lack of adequate shelter, food, water",,US-Mexico border crossing,POINT (-111.21822 31.57418)
2024-08-04,2024.0,8,ARIZONA,1,Mixed or unknown,,US-Mexico border crossing,POINT (-111.56123 32.10514)
2024-08-05,2024.0,8,ARIZONA,1,Mixed or unknown,,US-Mexico border crossing,POINT (-112.494433 31.947533)
2024-08-07,2024.0,8,ARIZONA,1,"Harsh environmental conditions / lack of adequate shelter, food, water",,US-Mexico border crossing,POINT (-112.81203 32.00415)
2024-08-09,2024.0,8,ARIZONA,1,Vehicle accident / death linked to hazardous transport,,US-Mexico border crossing,POINT (-111.319229 31.560291)
2024-08-10,2024.0,8,ARIZONA,1,"Harsh environmental conditions / lack of adequate shelter, food, water",,US-Mexico border crossing,POINT (-109.15486 31.62718)
2024-08-20,2024.0,8,ARIZONA,1,"Harsh environmental conditions / lack of adequate shelter, food, water",,US-Mexico border crossing,POINT (-110.230439 31.552705)
2024-08-20,2024.0,8,ARIZONA,1,"Harsh environmental conditions / lack of adequate shelter, food, water",,US-Mexico border crossing,POINT (-109.21416 31.57194)
2024-08-20,2024.0,8,ARIZONA,1,"Harsh environmental conditions / lack of adequate shelter, food, water",,US-Mexico border crossing,POINT (-112.64095 32.0476)
2024-08-22,2024.0,8,ARIZONA,1,"Harsh environmental conditions / lack of adequate shelter, food, water",,US-Mexico border crossing,POINT (-112.59732 31.90108)
2024-08-23,2024.0,8,ARIZONA,1,"Harsh environmental conditions / lack of adequate shelter, food, water",,US-Mexico border crossing,POINT (-111.36514 31.52685)
2024-08-27,2024.0,8,ARIZONA,1,"Harsh environmental conditions / lack of adequate shelter, food, water",,US-Mexico border crossing,POINT (-112.162727 31.850868)
2024-08-29,2024.0,8,ARIZONA,1,Mixed or unknown,,US-Mexico border crossing,POINT (-111.636098 31.774317)
2024-08-30,2024.0,8,ARIZONA,1,Mixed or unknown,,US-Mexico border crossing,POINT (-111.30594 31.42422)
2024-08-31,2024.0,8,ARIZONA,1,"Harsh environmental conditions / lack of adequate shelter, food, water",,US-Mexico border crossing,POINT (-111.94683 31.83462)
2024-09-01,2024.0,9,ARIZONA,1,Mixed or unknown,,US-Mexico border crossing,POINT (-111.852589 31.899875)
2024-09-01,2024.0,9,ARIZONA,1,Mixed or unknown,,US-Mexico border crossing,POINT (-111.833692 31.877511)
2024-09-02,2024.0,9,ARIZONA,1,"Harsh environmental conditions / lack of adequate shelter, food, water",,US-Mexico border crossing,POINT (-111.966417 31.798117)
2024-09-03,2024.0,9,ARIZONA,1,Mixed or unknown,,US-Mexico border crossing,POINT (-113.12217 32.11245)
2024-09-04,2024.0,9,ARIZONA,1,Mixed or unknown,,US-Mexico border crossing,POINT (-111.502047 31.523069)
2024-09-05,2024.0,9,ARIZONA,1,"Harsh environmental conditions / lack of adequate shelter, food, water",,US-Mexico border crossing,POINT (-112.6398 32.032)
2024-09-05,2024.0,9,ARIZONA,1,Mixed or unknown,,US-Mexico border crossing,POINT (-111.79865 31.6328)
2024-09-06,2024.0,9,ARIZONA,1,"Harsh environmental conditions / lack of adequate shelter, food, water",,US-Mexico border crossing,POINT (-112.69722 32.10191)
2024-09-07,2024.0,9,ARIZONA,1,"Harsh environmental conditions / lack of adequate shelter, food, water",,US-Mexico border crossing,POINT (-111.0944 31.37002)
2024-09-10,2024.0,9,ARIZONA,1,Mixed or unknown,,US-Mexico border crossing,POINT (-111.835483 31.679667)
2024-09-23,2024.0,9,ARIZONA,1,Mixed or unknown,,US-Mexico border crossing,POINT (-110.938406 31.875254)
2024-09-28,2024.0,9,,1,Mixed or unknown,,US-Mexico border crossing,POINT (-113.1718 31.9883)
2024-09-29,2024.0,9,ARIZONA,1,Mixed or unknown,,US-Mexico border crossing,POINT (-111.68302 31.64692)
2024-09-30,2024.0,9,ARIZONA,1,"Harsh environmental conditions / lack of adequate shelter, food, water",,US-Mexico border crossing,POINT (-110.76583 31.36221)
2024-09-30,2024.0,9,ARIZONA,1,Mixed or unknown,,US-Mexico border crossing,POINT (-111.57736 32.25061)
2024-10-02,2024.0,10,ARIZONA,1,"Harsh environmental conditions / lack of adequate shelter, food, water",,US-Mexico border crossing,POINT (-111.772 31.9054)
2024-10-04,2024.0,10,ARIZONA,1,"Harsh environmental conditions / lack of adequate shelter, food, water",,US-Mexico border crossing,POINT (-111.830634 31.919789)
2024-10-10,2024.0,10,ARIZONA,1,"Harsh environmental conditions / lack of adequate shelter, food, water",,US-Mexico border crossing,POINT (-112.8512 31.9958)
2024-10-18,2024.0,10,ARIZONA,1,Mixed or unknown,,US-Mexico border crossing,POINT (-111.84817 31.80333)
2024-10-20,2024.0,10,ARIZONA,1,Mixed or unknown,,US-Mexico border crossing,POINT (-112.57296 32.05448)
2024-10-28,2024.0,10,ARIZONA,1,Mixed or unknown,,US-Mexico border crossing,POINT (-110.80148 31.74118)
2024-10-30,2024.0,10,ARIZONA,1,Mixed or unknown,,US-Mexico border crossing,POINT (-111.090832 31.681221)
2024-11-01,2024.0,11,ARIZONA,1,Mixed or unknown,,US-Mexico border crossing,POINT (-111.1225 31.665556)
2024-11-03,2024.0,11,ARIZONA,1,Mixed or unknown,,US-Mexico border crossing,POINT (-109.896333 31.343167)
2024-11-04,2024.0,11,ARIZONA,1,Mixed or unknown,,US-Mexico border crossing,POINT (-112.863095 31.982384)
2024-11-07,2024.0,11,ARIZONA,1,Mixed or unknown,,US-Mexico border crossing,POINT (-111.32944 31.85457)
2024-11-09,2024.0,11,ARIZONA,1,Mixed or unknown,,US-Mexico border crossing,POINT (-111.60968 31.61529)
2024-11-15,2024.0,11,ARIZONA,1,Mixed or unknown,,US-Mexico border crossing,POINT (-111.81445 32.220055)
2024-11-18,2024.0,11,ARIZONA,1,Mixed or unknown,,US-Mexico border crossing,POINT (-111.07626 31.39331)
2024-11-18,2024.0,11,ARIZONA,1,Mixed or unknown,,US-Mexico border crossing,POINT (-111.37376 31.70905)
2024-11-24,2024.0,11,ARIZONA,1,Mixed or unknown,,US-Mexico border crossing,POINT (-111.29423 31.9886)
2024-11-24,2024.0,11,ARIZONA,1,Mixed or unknown,,US-Mexico border crossing,POINT (-112.792757 31.945527)
2024-11-26,2024.0,11,ARIZONA,1,Mixed or unknown,,US-Mexico border crossing,POINT (-110.99491 32.11504)
2024-12-04,2024.0,12,ARIZONA,1,Mixed or unknown,,US-Mexico border crossing,POINT (-112.4459 31.82802)
2024-12-15,2024.0,12,ARIZONA,1,Mixed or unknown,,US-Mexico border crossing,POINT (-110.97839 31.33377)
2024-12-17,2024.0,12,ARIZONA,1,Mixed or unknown,,US-Mexico border crossing,POINT (-112.467332 31.864712)
2024-12-18,2024.0,12,ARIZONA,1,Mixed or unknown,,US-Mexico border crossing,POINT (-111.681 31.6466)
2024-12-18,2024.0,12,ARIZONA,1,Mixed or unknown,,US-Mexico border crossing,POINT (-111.04926 31.74761)
2024-12-24,2024.0,12,ARIZONA,1,Mixed or unknown,,US-Mexico border crossing,POINT (-112.57296 32.05448)
2024-12-25,2024.0,12,ARIZONA,1,Mixed or unknown,,US-Mexico border crossing,POINT (-113.08148 32.25091)
2024-12-25,2024.0,12,ARIZONA,1,Mixed or unknown,,US-Mexico border crossing,POINT (-113.10238 32.2653)
2024-12-25,2024.0,12,ARIZONA,1,Mixed or unknown,,US-Mexico border crossing,POINT (-113.10685 32.26766)
2024-12-25,2024.0,12,ARIZONA,1,Mixed or unknown,,US-Mexico border crossing,POINT (-113.08439 32.26017)
2024-12-25,2024.0,12,ARIZONA,1,Mixed or unknown,,US-Mexico border crossing,POINT (-113.07849 32.24892)
2024-12-25,2024.0,12,ARIZONA,1,Mixed or unknown,,US-Mexico border crossing,POINT (-113.0768 32.24879)
2024-12-29,2024.0,12,ARIZONA,1,Sickness / lack of access to adequate healthcare,,US-Mexico border crossing,POINT (-112.805871 31.971057)
2024-08-15,2024.0,8,TEXAS,1,"Harsh environmental conditions / lack of adequate shelter, food, water",,US-Mexico border crossing,POINT (-98.492009 27.289269)
2024-07-15,2024.0,7,TEXAS,1,"Harsh environmental conditions / lack of adequate shelter, food, water",,US-Mexico border crossing,POINT (-106.56762 31.904483)
2025-01-25,2025.0,1,TEXAS,1,Vehicle accident / death linked to hazardous transport,,US-Mexico border crossing,POINT (-99.233276 28.45861596)
2025-01-08,2025.0,1,,1,Drowning,,US-Mexico border crossing,POINT (-100.5098864 28.70892767)
2025-01-25,2025.0,1,,1,Drowning,,US-Mexico border crossing,POINT (-117.260107 32.749056)
