month,year,state,average_temp,monthly_mean_from_1901_to_2000,centroid_lon,centroid_lat
1,2014,Alabama,42.6,45.8,-86.82837194,32.78983219
1,2014,Arizona,44,41.1,-111.6644183,34.29310987
1,2014,Arkansas,37.6,40.4,-92.43926766,34.89974533
1,2014,California,47.1,42.7,-119.610699,37.24607067
1,2014,Colorado,25,24.4,-105.5478247,38.99855182
1,2014,Connecticut,27.3,27.3,-72.72570604,41.62028634
1,2014,Delaware,35.2,34.8,-75.40040409,38.88701645
1,2014,Florida,59.6,58.3,-81.79746387,28.62843926
1,2014,Georgia,45.6,46.6,-83.44634183,32.64922907
1,2014,Idaho,24.4,23,-114.6593823,44.08908951
1,2014,Illinois,22.8,27.5,-89.19839676,40.06504091
1,2014,Indiana,24.4,28.5,-86.27563973,39.90814123
1,2014,Iowa,15.8,20.3,-93.50006496,42.07462688
1,2014,Kansas,29.4,30.1,-98.38021317,38.48470815
1,2014,Kentucky,32.1,35,-85.29045609,37.52666746
1,2014,Louisiana,46.5,50.2,-92.58566202,31.05840696
1,2014,Maine,15.6,15.9,-69.22664746,45.37143349
1,2014,Maryland,33.2,33.9,-76.77245461,39.0369223
1,2014,Massachusetts,26.2,26.1,-71.79863942,42.2533024
1,2014,Michigan,15.8,20.7,-85.43716696,44.35068131
1,2014,Minnesota,3.6,9.7,-94.30901265,46.31633293
1,2014,Mississippi,42.6,46,-89.66521368,32.75086663
1,2014,Missouri,28,31.2,-92.47741016,38.36761316
1,2014,Montana,20.4,18.7,-109.6451486,47.03353642
1,2014,Nebraska,24.1,23.7,-99.81080907,41.52714896
1,2014,Nevada,32.8,30.6,-116.6552255,39.35623735
1,2014,New Hampshire,19.4,19.5,-71.57759415,43.68563175
1,2014,New Jersey,31,31.3,-74.66075411,40.18442736
1,2014,New Mexico,35.4,33.9,-106.1083886,34.42137076
1,2014,New York,21.2,22.3,-75.50311828,42.94039011
1,2014,North Carolina,40.4,40.8,-79.37237975,35.54153412
1,2014,North Dakota,6.8,9.7,-100.4693211,47.44633852
1,2014,Ohio,25.9,28.7,-82.7900612,40.29145221
1,2014,Oklahoma,35.6,37.8,-97.50829271,35.58348565
1,2014,Oregon,33.2,31,-120.5554134,43.93664816
1,2014,Pennsylvania,25.2,27.1,-77.79955956,40.87383785
1,2014,Rhode Island,29.6,29.1,-71.55361205,41.67608139
1,2014,South Carolina,44.8,45.1,-80.89613969,33.90797425
1,2014,South Dakota,15.9,17.4,-100.2305075,44.4361607
1,2014,Tennessee,35.2,38.3,-86.34338037,35.84298709
1,2014,Texas,44.6,46.1,-99.35069715,31.48446438
1,2014,Utah,26.8,26.2,-111.6782164,39.32379475
1,2014,Vermont,18,17.8,-72.66264936,44.07519583
1,2014,Virginia,34.8,35.8,-78.81225447,37.51502389
1,2014,Washington,31.2,29.6,-120.4468664,47.38096888
1,2014,West Virginia,29.8,31.9,-80.61371197,38.64259874
1,2014,Wisconsin,9,15.4,-90.01169426,44.63803019
1,2014,Wyoming,20.7,19.5,-107.5514541,42.99964203
2,2014,Alabama,42.3,46.6,-86.82837194,32.78983219
2,2014,Arizona,48.2,42.6,-111.6644183,34.29310987
2,2014,Arkansas,37,41.2,-92.43926766,34.89974533
2,2014,California,50,43.9,-119.610699,37.24607067
2,2014,Colorado,27,25.6,-105.5478247,38.99855182
2,2014,Connecticut,24.3,25.8,-72.72570604,41.62028634
2,2014,Delaware,32,33.9,-75.40040409,38.88701645
2,2014,Florida,58.6,58.5,-81.79746387,28.62843926
2,2014,Georgia,44.9,47.4,-83.44634183,32.64922907
2,2014,Idaho,27.8,24.2,-114.6593823,44.08908951
2,2014,Illinois,19.4,27.3,-89.19839676,40.06504091
2,2014,Indiana,20.7,28,-86.27563973,39.90814123
2,2014,Iowa,13.7,20.2,-93.50006496,42.07462688
2,2014,Kansas,28.7,31.1,-98.38021317,38.48470815
2,2014,Kentucky,30,35.1,-85.29045609,37.52666746
2,2014,Louisiana,46.8,50.9,-92.58566202,31.05840696
2,2014,Maine,15,14.1,-69.22664746,45.37143349
2,2014,Maryland,30.3,33.1,-76.77245461,39.0369223
2,2014,Massachusetts,23.6,24.6,-71.79863942,42.2533024
2,2014,Michigan,12.5,18.6,-85.43716696,44.35068131
2,2014,Minnesota,3,9.2,-94.30901265,46.31633293
2,2014,Mississippi,42.4,46.7,-89.66521368,32.75086663
2,2014,Missouri,26.2,31.6,-92.47741016,38.36761316
2,2014,Montana,19.6,19,-109.6451486,47.03353642
2,2014,Nebraska,23.1,24.4,-99.81080907,41.52714896
2,2014,Nevada,38.2,32.1,-116.6552255,39.35623735
2,2014,New Hampshire,17.3,17.8,-71.57759415,43.68563175
2,2014,New Jersey,27.8,30.1,-74.66075411,40.18442736
2,2014,New Mexico,39.2,35.8,-106.1083886,34.42137076
2,2014,New York,17.8,20.2,-75.50311828,42.94039011
2,2014,North Carolina,39.2,41,-79.37237975,35.54153412
2,2014,North Dakota,7,9.1,-100.4693211,47.44633852
2,2014,Ohio,21.6,27.9,-82.7900612,40.29145221
2,2014,Oklahoma,36,38.8,-97.50829271,35.58348565
2,2014,Oregon,36,32.2,-120.5554134,43.93664816
2,2014,Pennsylvania,21.2,25.9,-77.79955956,40.87383785
2,2014,Rhode Island,26.6,27.4,-71.55361205,41.67608139
2,2014,South Carolina,44,45.8,-80.89613969,33.90797425
2,2014,South Dakota,16.1,17.5,-100.2305075,44.4361607
2,2014,Tennessee,34.2,38.7,-86.34338037,35.84298709
2,2014,Texas,46.4,47.4,-99.35069715,31.48446438
2,2014,Utah,33,27.8,-111.6782164,39.32379475
2,2014,Vermont,15.6,15.9,-72.66264936,44.07519583
2,2014,Virginia,33.2,35.7,-78.81225447,37.51502389
2,2014,Washington,32,30.8,-120.4468664,47.38096888
2,2014,West Virginia,27.2,31.6,-80.61371197,38.64259874
2,2014,Wisconsin,6.6,14.4,-90.01169426,44.63803019
2,2014,Wyoming,21.6,20.3,-107.5514541,42.99964203
3,2014,Alabama,49.8,51.6,-86.82837194,32.78983219
3,2014,Arizona,52,47.1,-111.6644183,34.29310987
3,2014,Arkansas,42.6,47.1,-92.43926766,34.89974533
3,2014,California,51.6,47,-119.610699,37.24607067
3,2014,Colorado,32,30.6,-105.5478247,38.99855182
3,2014,Connecticut,27.8,30.9,-72.72570604,41.62028634
3,2014,Delaware,36.8,38.6,-75.40040409,38.88701645
3,2014,Florida,63.2,61.8,-81.79746387,28.62843926
3,2014,Georgia,51.4,52,-83.44634183,32.64922907
3,2014,Idaho,32.1,29.5,-114.6593823,44.08908951
3,2014,Illinois,26.9,34.5,-89.19839676,40.06504091
3,2014,Indiana,28,34.4,-86.27563973,39.90814123
3,2014,Iowa,21.4,28.6,-93.50006496,42.07462688
3,2014,Kansas,34.2,38,-98.38021317,38.48470815
3,2014,Kentucky,37.4,41,-85.29045609,37.52666746
3,2014,Louisiana,52.6,55.7,-92.58566202,31.05840696
3,2014,Maine,16.9,20.4,-69.22664746,45.37143349
3,2014,Maryland,35.5,38.1,-76.77245461,39.0369223
3,2014,Massachusetts,26.6,29.6,-71.79863942,42.2533024
3,2014,Michigan,16.8,24,-85.43716696,44.35068131
3,2014,Minnesota,11.7,18.7,-94.30901265,46.31633293
3,2014,Mississippi,49,52,-89.66521368,32.75086663
3,2014,Missouri,33,38.7,-92.47741016,38.36761316
3,2014,Montana,22,25.3,-109.6451486,47.03353642
3,2014,Nebraska,28.1,31.3,-99.81080907,41.52714896
3,2014,Nevada,41.3,36.8,-116.6552255,39.35623735
3,2014,New Hampshire,19.8,23.6,-71.57759415,43.68563175
3,2014,New Jersey,32.4,34.9,-74.66075411,40.18442736
3,2014,New Mexico,44,40.7,-106.1083886,34.42137076
3,2014,New York,21.2,25.7,-75.50311828,42.94039011
3,2014,North Carolina,44.2,45.6,-79.37237975,35.54153412
3,2014,North Dakota,14.2,18.4,-100.4693211,47.44633852
3,2014,Ohio,28.5,33.7,-82.7900612,40.29145221
3,2014,Oklahoma,41.2,45.3,-97.50829271,35.58348565
3,2014,Oregon,38.6,36.3,-120.5554134,43.93664816
3,2014,Pennsylvania,26.6,31.2,-77.79955956,40.87383785
3,2014,Rhode Island,30,32,-71.55361205,41.67608139
3,2014,South Carolina,49.1,50.3,-80.89613969,33.90797425
3,2014,South Dakota,21.6,25.3,-100.2305075,44.4361607
3,2014,Tennessee,41.6,44.2,-86.34338037,35.84298709
3,2014,Texas,51.6,52.9,-99.35069715,31.48446438
3,2014,Utah,38.4,33.9,-111.6782164,39.32379475
3,2014,Vermont,17.6,21.9,-72.66264936,44.07519583
3,2014,Virginia,38.8,40.6,-78.81225447,37.51502389
3,2014,Washington,35,35.9,-120.4468664,47.38096888
3,2014,West Virginia,34,36.9,-80.61371197,38.64259874
3,2014,Wisconsin,14.4,22.4,-90.01169426,44.63803019
3,2014,Wyoming,26.2,25.7,-107.5514541,42.99964203
4,2014,Alabama,57.4,59,-86.82837194,32.78983219
4,2014,Arizona,56.5,53.1,-111.6644183,34.29310987
4,2014,Arkansas,53,55.8,-92.43926766,34.89974533
4,2014,California,55.6,51.4,-119.610699,37.24607067
4,2014,Colorado,39.8,38.1,-105.5478247,38.99855182
4,2014,Connecticut,38.6,40.7,-72.72570604,41.62028634
4,2014,Delaware,46.2,47.3,-75.40040409,38.88701645
4,2014,Florida,67,66.6,-81.79746387,28.62843926
4,2014,Georgia,58,59.2,-83.44634183,32.64922907
4,2014,Idaho,38.9,36.8,-114.6593823,44.08908951
4,2014,Illinois,43.4,45.6,-89.19839676,40.06504091
4,2014,Indiana,43.2,45,-86.27563973,39.90814123
4,2014,Iowa,38.6,41.4,-93.50006496,42.07462688
4,2014,Kansas,47.3,47.9,-98.38021317,38.48470815
4,2014,Kentucky,49.4,50.2,-85.29045609,37.52666746
4,2014,Louisiana,60.2,62.6,-92.58566202,31.05840696
4,2014,Maine,28.4,32.1,-69.22664746,45.37143349
4,2014,Maryland,45.4,47.3,-76.77245461,39.0369223
4,2014,Massachusetts,37.5,39.4,-71.79863942,42.2533024
4,2014,Michigan,31.1,35.4,-85.43716696,44.35068131
4,2014,Minnesota,29,33.3,-94.30901265,46.31633293
4,2014,Mississippi,57.2,59.6,-89.66521368,32.75086663
4,2014,Missouri,47.3,49.1,-92.47741016,38.36761316
4,2014,Montana,35.2,35,-109.6451486,47.03353642
4,2014,Nebraska,41.8,41.7,-99.81080907,41.52714896
4,2014,Nevada,46.2,43.1,-116.6552255,39.35623735
4,2014,New Hampshire,31.6,34.8,-71.57759415,43.68563175
4,2014,New Jersey,42.8,44.3,-74.66075411,40.18442736
4,2014,New Mexico,49.2,47.5,-106.1083886,34.42137076
4,2014,New York,33.6,36.7,-75.50311828,42.94039011
4,2014,North Carolina,52.4,53.6,-79.37237975,35.54153412
4,2014,North Dakota,30.4,33,-100.4693211,47.44633852
4,2014,Ohio,42.5,43.8,-82.7900612,40.29145221
4,2014,Oklahoma,52.8,54.3,-97.50829271,35.58348565
4,2014,Oregon,43.8,41.1,-120.5554134,43.93664816
4,2014,Pennsylvania,39,41.3,-77.79955956,40.87383785
4,2014,Rhode Island,39.9,40.9,-71.55361205,41.67608139
4,2014,South Carolina,56.6,57.8,-80.89613969,33.90797425
4,2014,South Dakota,36.4,37.8,-100.2305075,44.4361607
4,2014,Tennessee,51.8,53,-86.34338037,35.84298709
4,2014,Texas,60.1,60.6,-99.35069715,31.48446438
4,2014,Utah,43.8,41.3,-111.6782164,39.32379475
4,2014,Vermont,29.6,33.6,-72.66264936,44.07519583
4,2014,Virginia,47.8,49.3,-78.81225447,37.51502389
4,2014,Washington,43,41.9,-120.4468664,47.38096888
4,2014,West Virginia,45.1,46,-80.61371197,38.64259874
4,2014,Wisconsin,30.6,35.5,-90.01169426,44.63803019
4,2014,Wyoming,36,34,-107.5514541,42.99964203
5,2014,Alabama,66.3,66.7,-86.82837194,32.78983219
5,2014,Arizona,63,60.9,-111.6644183,34.29310987
5,2014,Arkansas,63.8,64.5,-92.43926766,34.89974533
5,2014,California,61.2,57.4,-119.610699,37.24607067
5,2014,Colorado,47.8,47.1,-105.5478247,38.99855182
5,2014,Connecticut,52.5,51.4,-72.72570604,41.62028634
5,2014,Delaware,58.9,57.1,-75.40040409,38.88701645
5,2014,Florida,73.2,72.1,-81.79746387,28.62843926
5,2014,Georgia,67.1,66.9,-83.44634183,32.64922907
5,2014,Idaho,46.6,45.1,-114.6593823,44.08908951
5,2014,Illinois,58,56.8,-89.19839676,40.06504091
5,2014,Indiana,57.6,55.9,-86.27563973,39.90814123
5,2014,Iowa,53.8,54,-93.50006496,42.07462688
5,2014,Kansas,59.4,58.5,-98.38021317,38.48470815
5,2014,Kentucky,61.8,59.9,-85.29045609,37.52666746
5,2014,Louisiana,68.6,69.8,-92.58566202,31.05840696
5,2014,Maine,45.2,44.4,-69.22664746,45.37143349
5,2014,Maryland,58.4,57.2,-76.77245461,39.0369223
5,2014,Massachusetts,51.6,50.3,-71.79863942,42.2533024
5,2014,Michigan,47.9,47.7,-85.43716696,44.35068131
5,2014,Minnesota,46.4,47.8,-94.30901265,46.31633293
5,2014,Mississippi,66.8,67.5,-89.66521368,32.75086663
5,2014,Missouri,60.2,59.4,-92.47741016,38.36761316
5,2014,Montana,46,45.4,-109.6451486,47.03353642
5,2014,Nebraska,53.4,53,-99.81080907,41.52714896
5,2014,Nevada,53.2,50.8,-116.6552255,39.35623735
5,2014,New Hampshire,47.8,46.7,-71.57759415,43.68563175
5,2014,New Jersey,56.2,54.6,-74.66075411,40.18442736
5,2014,New Mexico,56.2,55.8,-106.1083886,34.42137076
5,2014,New York,50.1,48.6,-75.50311828,42.94039011
5,2014,North Carolina,63.8,62.1,-79.37237975,35.54153412
5,2014,North Dakota,46,47.5,-100.4693211,47.44633852
5,2014,Ohio,56.6,54.7,-82.7900612,40.29145221
5,2014,Oklahoma,64.2,63.8,-97.50829271,35.58348565
5,2014,Oregon,49.6,47.3,-120.5554134,43.93664816
5,2014,Pennsylvania,53.4,52.3,-77.79955956,40.87383785
5,2014,Rhode Island,52.5,50.9,-71.55361205,41.67608139
5,2014,South Carolina,67.5,66.1,-80.89613969,33.90797425
5,2014,South Dakota,49.5,50.4,-100.2305075,44.4361607
5,2014,Tennessee,63,61.9,-86.34338037,35.84298709
5,2014,Texas,68.7,68.6,-99.35069715,31.48446438
5,2014,Utah,51.6,50.1,-111.6782164,39.32379475
5,2014,Vermont,47,46,-72.66264936,44.07519583
5,2014,Virginia,60.1,58.6,-78.81225447,37.51502389
5,2014,Washington,50,48.4,-120.4468664,47.38096888
5,2014,West Virginia,57.4,55.7,-80.61371197,38.64259874
5,2014,Wisconsin,47.5,48.6,-90.01169426,44.63803019
5,2014,Wyoming,44.8,43.6,-107.5514541,42.99964203
6,2014,Alabama,74,74,-86.82837194,32.78983219
6,2014,Arizona,72.2,69.7,-111.6644183,34.29310987
6,2014,Arkansas,72.4,72.6,-92.43926766,34.89974533
6,2014,California,68.2,64.4,-119.610699,37.24607067
6,2014,Colorado,57.4,56.5,-105.5478247,38.99855182
6,2014,Connecticut,62.6,61.2,-72.72570604,41.62028634
6,2014,Delaware,68.9,66.5,-75.40040409,38.88701645
6,2014,Florida,78.2,77.3,-81.79746387,28.62843926
6,2014,Georgia,74.8,74.2,-83.44634183,32.64922907
6,2014,Idaho,54.2,53,-114.6593823,44.08908951
6,2014,Illinois,68.4,66.8,-89.19839676,40.06504091
6,2014,Indiana,67.8,66,-86.27563973,39.90814123
6,2014,Iowa,65.1,64.5,-93.50006496,42.07462688
6,2014,Kansas,69.1,68.3,-98.38021317,38.48470815
6,2014,Kentucky,70.1,68.5,-85.29045609,37.52666746
6,2014,Louisiana,75.8,76.6,-92.58566202,31.05840696
6,2014,Maine,56.6,55.1,-69.22664746,45.37143349
6,2014,Maryland,68.2,66.4,-76.77245461,39.0369223
6,2014,Massachusetts,61.6,60.1,-71.79863942,42.2533024
6,2014,Michigan,59.9,58.4,-85.43716696,44.35068131
6,2014,Minnesota,59.6,58.9,-94.30901265,46.31633293
6,2014,Mississippi,74.7,74.8,-89.66521368,32.75086663
6,2014,Missouri,69.5,68.6,-92.47741016,38.36761316
6,2014,Montana,53.8,54.3,-109.6451486,47.03353642
6,2014,Nebraska,63.3,63.3,-99.81080907,41.52714896
6,2014,Nevada,62,59.4,-116.6552255,39.35623735
6,2014,New Hampshire,58.4,57.1,-71.57759415,43.68563175
6,2014,New Jersey,66.3,64.2,-74.66075411,40.18442736
6,2014,New Mexico,66.2,64.6,-106.1083886,34.42137076
6,2014,New York,60.8,58.9,-75.50311828,42.94039011
6,2014,North Carolina,71.8,69.9,-79.37237975,35.54153412
6,2014,North Dakota,58.1,58.3,-100.4693211,47.44633852
6,2014,Ohio,66.2,64.5,-82.7900612,40.29145221
6,2014,Oklahoma,73.1,72.5,-97.50829271,35.58348565
6,2014,Oregon,55.7,53.8,-120.5554134,43.93664816
6,2014,Pennsylvania,63.3,61.8,-77.79955956,40.87383785
6,2014,Rhode Island,62.2,60.4,-71.55361205,41.67608139
6,2014,South Carolina,75,73.6,-80.89613969,33.90797425
6,2014,South Dakota,59.9,60.9,-100.2305075,44.4361607
6,2014,Tennessee,71,69.9,-86.34338037,35.84298709
6,2014,Texas,76.3,76,-99.35069715,31.48446438
6,2014,Utah,61.2,59.3,-111.6782164,39.32379475
6,2014,Vermont,58.1,56.6,-72.66264936,44.07519583
6,2014,Virginia,68.8,67,-78.81225447,37.51502389
6,2014,Washington,56.3,54.8,-120.4468664,47.38096888
6,2014,West Virginia,65.8,64.2,-80.61371197,38.64259874
6,2014,Wisconsin,60.8,59.3,-90.01169426,44.63803019
6,2014,Wyoming,53.2,53,-107.5514541,42.99964203
7,2014,Alabama,77.9,78.8,-86.82837194,32.78983219
7,2014,Arizona,79.6,77.1,-111.6644183,34.29310987
7,2014,Arkansas,76,78.4,-92.43926766,34.89974533
7,2014,California,75.2,71.5,-119.610699,37.24607067
7,2014,Colorado,65.4,64.1,-105.5478247,38.99855182
7,2014,Connecticut,69.4,68.1,-72.72570604,41.62028634
7,2014,Delaware,74.3,73.1,-75.40040409,38.88701645
7,2014,Florida,81,80.2,-81.79746387,28.62843926
7,2014,Georgia,78.6,78.6,-83.44634183,32.64922907
7,2014,Idaho,63,60.9,-114.6593823,44.08908951
7,2014,Illinois,71.6,73.4,-89.19839676,40.06504091
7,2014,Indiana,70.8,72.4,-86.27563973,39.90814123
7,2014,Iowa,69.5,71.5,-93.50006496,42.07462688
7,2014,Kansas,74.5,76.1,-98.38021317,38.48470815
7,2014,Kentucky,73.4,74.5,-85.29045609,37.52666746
7,2014,Louisiana,79.9,80.8,-92.58566202,31.05840696
7,2014,Maine,64.4,62.6,-69.22664746,45.37143349
7,2014,Maryland,73.5,72.9,-76.77245461,39.0369223
7,2014,Massachusetts,68.6,67.1,-71.79863942,42.2533024
7,2014,Michigan,65,65.7,-85.43716696,44.35068131
7,2014,Minnesota,65.8,66.2,-94.30901265,46.31633293
7,2014,Mississippi,78,79.5,-89.66521368,32.75086663
7,2014,Missouri,73.1,75.3,-92.47741016,38.36761316
7,2014,Montana,62,61.9,-109.6451486,47.03353642
7,2014,Nebraska,69.6,71.4,-99.81080907,41.52714896
7,2014,Nevada,71.4,68,-116.6552255,39.35623735
7,2014,New Hampshire,65.4,64.1,-71.57759415,43.68563175
7,2014,New Jersey,72.4,71.1,-74.66075411,40.18442736
7,2014,New Mexico,73.3,70.9,-106.1083886,34.42137076
7,2014,New York,66.2,65.8,-75.50311828,42.94039011
7,2014,North Carolina,75.4,75.2,-79.37237975,35.54153412
7,2014,North Dakota,64.6,65.9,-100.4693211,47.44633852
7,2014,Ohio,70,70.9,-82.7900612,40.29145221
7,2014,Oklahoma,77.6,79.4,-97.50829271,35.58348565
7,2014,Oregon,64,60.9,-120.5554134,43.93664816
7,2014,Pennsylvania,68.4,68.2,-77.79955956,40.87383785
7,2014,Rhode Island,69.4,67.6,-71.55361205,41.67608139
7,2014,South Carolina,78.8,78.4,-80.89613969,33.90797425
7,2014,South Dakota,66.8,69.1,-100.2305075,44.4361607
7,2014,Tennessee,74.1,75.5,-86.34338037,35.84298709
7,2014,Texas,81.1,80.9,-99.35069715,31.48446438
7,2014,Utah,70.3,67.8,-111.6782164,39.32379475
7,2014,Vermont,64.6,63.5,-72.66264936,44.07519583
7,2014,Virginia,72.9,72.7,-78.81225447,37.51502389
7,2014,Washington,63.4,60.8,-120.4468664,47.38096888
7,2014,West Virginia,69.8,70,-80.61371197,38.64259874
7,2014,Wisconsin,66.2,66.6,-90.01169426,44.63803019
7,2014,Wyoming,61.4,61.4,-107.5514541,42.99964203
8,2014,Alabama,78.6,79.6,-86.82837194,32.78983219
8,2014,Arizona,78.9,78.7,-111.6644183,34.29310987
8,2014,Arkansas,77,79.8,-92.43926766,34.89974533
8,2014,California,76.6,74.2,-119.610699,37.24607067
8,2014,Colorado,66.5,66.1,-105.5478247,38.99855182
8,2014,Connecticut,70.2,69.7,-72.72570604,41.62028634
8,2014,Delaware,74.2,74.6,-75.40040409,38.88701645
8,2014,Florida,82.4,81.1,-81.79746387,28.62843926
8,2014,Georgia,79,79.3,-83.44634183,32.64922907
8,2014,Idaho,66.6,64.4,-114.6593823,44.08908951
8,2014,Illinois,72,74.4,-89.19839676,40.06504091
8,2014,Indiana,70.8,73.5,-86.27563973,39.90814123
8,2014,Iowa,70,72.6,-93.50006496,42.07462688
8,2014,Kansas,76.9,78.1,-98.38021317,38.48470815
8,2014,Kentucky,73.8,75.5,-85.29045609,37.52666746
8,2014,Louisiana,80.6,81.7,-92.58566202,31.05840696
8,2014,Maine,65.8,64.2,-69.22664746,45.37143349
8,2014,Maryland,73.2,74.2,-76.77245461,39.0369223
8,2014,Massachusetts,69.2,68.6,-71.79863942,42.2533024
8,2014,Michigan,65.4,67,-85.43716696,44.35068131
8,2014,Minnesota,66.9,67.5,-94.30901265,46.31633293
8,2014,Mississippi,78.6,80.5,-89.66521368,32.75086663
8,2014,Missouri,74.6,76.8,-92.47741016,38.36761316
8,2014,Montana,66.2,64.9,-109.6451486,47.03353642
8,2014,Nebraska,71.7,73.4,-99.81080907,41.52714896
8,2014,Nevada,72.8,71.1,-116.6552255,39.35623735
8,2014,New Hampshire,65.9,65.2,-71.57759415,43.68563175
8,2014,New Jersey,72.4,72.5,-74.66075411,40.18442736
8,2014,New Mexico,72.4,71.8,-106.1083886,34.42137076
8,2014,New York,66.4,67.2,-75.50311828,42.94039011
8,2014,North Carolina,75,76.3,-79.37237975,35.54153412
8,2014,North Dakota,66.9,68,-100.4693211,47.44633852
8,2014,Ohio,70.2,71.9,-82.7900612,40.29145221
8,2014,Oklahoma,79.2,81.2,-97.50829271,35.58348565
8,2014,Oregon,68.3,64.3,-120.5554134,43.93664816
8,2014,Pennsylvania,68,69.4,-77.79955956,40.87383785
8,2014,Rhode Island,70.4,69.4,-71.55361205,41.67608139
8,2014,South Carolina,78.8,79.3,-80.89613969,33.90797425
8,2014,South Dakota,69.4,71.5,-100.2305075,44.4361607
8,2014,Tennessee,74.6,76.5,-86.34338037,35.84298709
8,2014,Texas,82.1,82,-99.35069715,31.48446438
8,2014,Utah,71.1,70.4,-111.6782164,39.32379475
8,2014,Vermont,64.9,64.7,-72.66264936,44.07519583
8,2014,Virginia,72.4,74,-78.81225447,37.51502389
8,2014,Washington,67.9,63.7,-120.4468664,47.38096888
8,2014,West Virginia,69.4,71.2,-80.61371197,38.64259874
8,2014,Wisconsin,66.5,67.7,-90.01169426,44.63803019
8,2014,Wyoming,64.4,64.3,-107.5514541,42.99964203
9,2014,Alabama,77.9,77,-86.82837194,32.78983219
9,2014,Arizona,75.4,75,-111.6644183,34.29310987
9,2014,Arkansas,75.6,76,-92.43926766,34.89974533
9,2014,California,73.6,71.2,-119.610699,37.24607067
9,2014,Colorado,62.3,61.3,-105.5478247,38.99855182
9,2014,Connecticut,66,65,-72.72570604,41.62028634
9,2014,Delaware,70.8,70.5,-75.40040409,38.88701645
9,2014,Florida,81.3,80.1,-81.79746387,28.62843926
9,2014,Georgia,77.4,76.8,-83.44634183,32.64922907
9,2014,Idaho,60.7,59.1,-114.6593823,44.08908951
9,2014,Illinois,69.2,69.8,-89.19839676,40.06504091
9,2014,Indiana,68.2,69,-86.27563973,39.90814123
9,2014,Iowa,66.6,67.2,-93.50006496,42.07462688
9,2014,Kansas,73.2,72.9,-98.38021317,38.48470815
9,2014,Kentucky,71.6,71.7,-85.29045609,37.52666746
9,2014,Louisiana,79.7,79.4,-92.58566202,31.05840696
9,2014,Maine,60.4,59,-69.22664746,45.37143349
9,2014,Maryland,69.8,70.1,-76.77245461,39.0369223
9,2014,Massachusetts,64.8,64,-71.79863942,42.2533024
9,2014,Michigan,62.4,62.2,-85.43716696,44.35068131
9,2014,Minnesota,62.8,61.5,-94.30901265,46.31633293
9,2014,Mississippi,78.2,77.7,-89.66521368,32.75086663
9,2014,Missouri,71.8,72.1,-92.47741016,38.36761316
9,2014,Montana,60,59,-109.6451486,47.03353642
9,2014,Nebraska,67.6,67.6,-99.81080907,41.52714896
9,2014,Nevada,67.5,65.9,-116.6552255,39.35623735
9,2014,New Hampshire,60.9,60.3,-71.57759415,43.68563175
9,2014,New Jersey,68.9,68.3,-74.66075411,40.18442736
9,2014,New Mexico,68.5,67.7,-106.1083886,34.42137076
9,2014,New York,62.7,62.5,-75.50311828,42.94039011
9,2014,North Carolina,72.8,73,-79.37237975,35.54153412
9,2014,North Dakota,62.4,61.6,-100.4693211,47.44633852
9,2014,Ohio,67.5,67.7,-82.7900612,40.29145221
9,2014,Oklahoma,77,77,-97.50829271,35.58348565
9,2014,Oregon,63.7,60.6,-120.5554134,43.93664816
9,2014,Pennsylvania,64.7,65,-77.79955956,40.87383785
9,2014,Rhode Island,66.5,65.3,-71.55361205,41.67608139
9,2014,South Carolina,76.3,76.2,-80.89613969,33.90797425
9,2014,South Dakota,64.9,65.3,-100.2305075,44.4361607
9,2014,Tennessee,73.3,73.1,-86.34338037,35.84298709
9,2014,Texas,79.5,78.9,-99.35069715,31.48446438
9,2014,Utah,65.9,64.9,-111.6782164,39.32379475
9,2014,Vermont,60.4,59.7,-72.66264936,44.07519583
9,2014,Virginia,69.7,70.1,-78.81225447,37.51502389
9,2014,Washington,63.6,60.3,-120.4468664,47.38096888
9,2014,West Virginia,66.9,67.3,-80.61371197,38.64259874
9,2014,Wisconsin,62.6,62.2,-90.01169426,44.63803019
9,2014,Wyoming,59.2,58.5,-107.5514541,42.99964203
10,2014,Alabama,70.8,69.3,-86.82837194,32.78983219
10,2014,Arizona,69.6,66.6,-111.6644183,34.29310987
10,2014,Arkansas,68.2,67.4,-92.43926766,34.89974533
10,2014,California,68.3,64,-119.610699,37.24607067
10,2014,Colorado,55,52,-105.5478247,38.99855182
10,2014,Connecticut,58.8,56.2,-72.72570604,41.62028634
10,2014,Delaware,64.2,61.8,-75.40040409,38.88701645
10,2014,Florida,76.2,75.7,-81.79746387,28.62843926
10,2014,Georgia,70.6,69.4,-83.44634183,32.64922907
10,2014,Idaho,53,49.4,-114.6593823,44.08908951
10,2014,Illinois,59.5,60.4,-89.19839676,40.06504091
10,2014,Indiana,58.9,59.8,-86.27563973,39.90814123
10,2014,Iowa,56.6,57.2,-93.50006496,42.07462688
10,2014,Kansas,63.6,62.6,-98.38021317,38.48470815
10,2014,Kentucky,62.9,62.8,-85.29045609,37.52666746
10,2014,Louisiana,73.6,72.4,-92.58566202,31.05840696
10,2014,Maine,52.4,49.5,-69.22664746,45.37143349
10,2014,Maryland,63.1,61.4,-76.77245461,39.0369223
10,2014,Massachusetts,57.8,55.2,-71.79863942,42.2533024
10,2014,Michigan,53.2,53,-85.43716696,44.35068131
10,2014,Minnesota,52.4,51,-94.30901265,46.31633293
10,2014,Mississippi,71.5,69.8,-89.66521368,32.75086663
10,2014,Missouri,62.4,62.6,-92.47741016,38.36761316
10,2014,Montana,51.5,48.5,-109.6451486,47.03353642
10,2014,Nebraska,58,56.8,-99.81080907,41.52714896
10,2014,Nevada,60.4,56.2,-116.6552255,39.35623735
10,2014,New Hampshire,53.8,51.2,-71.57759415,43.68563175
10,2014,New Jersey,62,59.5,-74.66075411,40.18442736
10,2014,New Mexico,62,59.3,-106.1083886,34.42137076
10,2014,New York,55.7,53.5,-75.50311828,42.94039011
10,2014,North Carolina,66.3,64.9,-79.37237975,35.54153412
10,2014,North Dakota,52.2,50.2,-100.4693211,47.44633852
10,2014,Ohio,58.6,58.6,-82.7900612,40.29145221
10,2014,Oklahoma,68.9,67.3,-97.50829271,35.58348565
10,2014,Oregon,56.8,52.6,-120.5554134,43.93664816
10,2014,Pennsylvania,57.8,56.2,-77.79955956,40.87383785
10,2014,Rhode Island,59.8,56.9,-71.55361205,41.67608139
10,2014,South Carolina,69.6,68.4,-80.89613969,33.90797425
10,2014,South Dakota,55.4,54,-100.2305075,44.4361607
10,2014,Tennessee,65.4,64.4,-86.34338037,35.84298709
10,2014,Texas,73,71,-99.35069715,31.48446438
10,2014,Utah,58.6,54.7,-111.6782164,39.32379475
10,2014,Vermont,53.4,50.6,-72.66264936,44.07519583
10,2014,Virginia,62.9,61.6,-78.81225447,37.51502389
10,2014,Washington,55.8,52,-120.4468664,47.38096888
10,2014,West Virginia,59.4,58.9,-80.61371197,38.64259874
10,2014,Wisconsin,52.1,52.4,-90.01169426,44.63803019
10,2014,Wyoming,51.4,48.1,-107.5514541,42.99964203
11,2014,Alabama,56.7,58.7,-86.82837194,32.78983219
11,2014,Arizona,58.3,55.1,-111.6644183,34.29310987
11,2014,Arkansas,54.3,55.8,-92.43926766,34.89974533
11,2014,California,58.8,54.6,-119.610699,37.24607067
11,2014,Colorado,41.6,39.9,-105.5478247,38.99855182
11,2014,Connecticut,46.9,45.6,-72.72570604,41.62028634
11,2014,Delaware,52,51,-75.40040409,38.88701645
11,2014,Florida,66.9,68.3,-81.79746387,28.62843926
11,2014,Georgia,57.7,59.2,-83.44634183,32.64922907
11,2014,Idaho,39.8,37.9,-114.6593823,44.08908951
11,2014,Illinois,44.4,47.7,-89.19839676,40.06504091
11,2014,Indiana,44.7,47.5,-86.27563973,39.90814123
11,2014,Iowa,40.2,43.5,-93.50006496,42.07462688
11,2014,Kansas,48.7,49.3,-98.38021317,38.48470815
11,2014,Kentucky,48.7,51.1,-85.29045609,37.52666746
11,2014,Louisiana,61,62.4,-92.58566202,31.05840696
11,2014,Maine,40.2,38.3,-69.22664746,45.37143349
11,2014,Maryland,50.4,50.3,-76.77245461,39.0369223
11,2014,Massachusetts,46,44.6,-71.79863942,42.2533024
11,2014,Michigan,38.9,41,-85.43716696,44.35068131
11,2014,Minnesota,33.8,36.5,-94.30901265,46.31633293
11,2014,Mississippi,57.6,59.1,-89.66521368,32.75086663
11,2014,Missouri,47.8,50.3,-92.47741016,38.36761316
11,2014,Montana,36.6,36.4,-109.6451486,47.03353642
11,2014,Nebraska,42.7,43.3,-99.81080907,41.52714896
11,2014,Nevada,48.4,44.8,-116.6552255,39.35623735
11,2014,New Hampshire,41.8,40,-71.57759415,43.68563175
11,2014,New Jersey,49.5,48.6,-74.66075411,40.18442736
11,2014,New Mexico,49.9,48.1,-106.1083886,34.42137076
11,2014,New York,43.3,42.2,-75.50311828,42.94039011
11,2014,North Carolina,53.6,54.4,-79.37237975,35.54153412
11,2014,North Dakota,33.4,35.3,-100.4693211,47.44633852
11,2014,Ohio,45,46.8,-82.7900612,40.29145221
11,2014,Oklahoma,54.5,55,-97.50829271,35.58348565
11,2014,Oregon,45.6,42.9,-120.5554134,43.93664816
11,2014,Pennsylvania,44.8,44.9,-77.79955956,40.87383785
11,2014,Rhode Island,48.4,46.7,-71.55361205,41.67608139
11,2014,South Carolina,57.2,58.2,-80.89613969,33.90797425
11,2014,South Dakota,38,39.8,-100.2305075,44.4361607
11,2014,Tennessee,51.3,53.1,-86.34338037,35.84298709
11,2014,Texas,60.6,60.4,-99.35069715,31.48446438
11,2014,Utah,45.4,42.4,-111.6782164,39.32379475
11,2014,Vermont,41.3,39.2,-72.66264936,44.07519583
11,2014,Virginia,50,50.9,-78.81225447,37.51502389
11,2014,Washington,44.1,41.9,-120.4468664,47.38096888
11,2014,West Virginia,45.8,47.6,-80.61371197,38.64259874
11,2014,Wisconsin,35.6,39.1,-90.01169426,44.63803019
11,2014,Wyoming,37.2,35.8,-107.5514541,42.99964203
12,2014,Alabama,49.1,50,-86.82837194,32.78983219
12,2014,Arizona,48,45.3,-111.6644183,34.29310987
12,2014,Arkansas,44.4,45.7,-92.43926766,34.89974533
12,2014,California,50,46.4,-119.610699,37.24607067
12,2014,Colorado,30.6,29.3,-105.5478247,38.99855182
12,2014,Connecticut,37.6,34.8,-72.72570604,41.62028634
12,2014,Delaware,42.8,40.9,-75.40040409,38.88701645
12,2014,Florida,61.5,61.5,-81.79746387,28.62843926
12,2014,Georgia,50.6,50.7,-83.44634183,32.64922907
12,2014,Idaho,30.1,27.8,-114.6593823,44.08908951
12,2014,Illinois,34.2,35.1,-89.19839676,40.06504091
12,2014,Indiana,35.1,35.7,-86.27563973,39.90814123
12,2014,Iowa,28.8,29.3,-93.50006496,42.07462688
12,2014,Kansas,36.6,36.8,-98.38021317,38.48470815
12,2014,Kentucky,39.8,40.8,-85.29045609,37.52666746
12,2014,Louisiana,53.4,54.2,-92.58566202,31.05840696
12,2014,Maine,28.9,25.5,-69.22664746,45.37143349
12,2014,Maryland,41.2,40.1,-76.77245461,39.0369223
12,2014,Massachusetts,36.8,33.7,-71.79863942,42.2533024
12,2014,Michigan,29.2,28.9,-85.43716696,44.35068131
12,2014,Minnesota,20.9,20.4,-94.30901265,46.31633293
12,2014,Mississippi,49.5,50.3,-89.66521368,32.75086663
12,2014,Missouri,37.2,38.2,-92.47741016,38.36761316
12,2014,Montana,25.2,25.1,-109.6451486,47.03353642
12,2014,Nebraska,30.1,30.6,-99.81080907,41.52714896
12,2014,Nevada,38.6,35.1,-116.6552255,39.35623735
12,2014,New Hampshire,31.2,27.9,-71.57759415,43.68563175
12,2014,New Jersey,40.4,38.1,-74.66075411,40.18442736
12,2014,New Mexico,40,38.2,-106.1083886,34.42137076
12,2014,New York,32.8,30.5,-75.50311828,42.94039011
12,2014,North Carolina,45.4,45.3,-79.37237975,35.54153412
12,2014,North Dakota,19.2,19.6,-100.4693211,47.44633852
12,2014,Ohio,36,35.6,-82.7900612,40.29145221
12,2014,Oklahoma,43.1,43.7,-97.50829271,35.58348565
12,2014,Oregon,37.1,34.7,-120.5554134,43.93664816
12,2014,Pennsylvania,35.4,34.2,-77.79955956,40.87383785
12,2014,Rhode Island,39.4,36.2,-71.55361205,41.67608139
12,2014,South Carolina,49.2,49.3,-80.89613969,33.90797425
12,2014,South Dakota,24.9,25.7,-100.2305075,44.4361607
12,2014,Tennessee,42.6,43.3,-86.34338037,35.84298709
12,2014,Texas,51.1,50.8,-99.35069715,31.48446438
12,2014,Utah,34.7,31.5,-111.6782164,39.32379475
12,2014,Vermont,30.2,26.8,-72.66264936,44.07519583
12,2014,Virginia,41.4,41.1,-78.81225447,37.51502389
12,2014,Washington,35.2,33.6,-120.4468664,47.38096888
12,2014,West Virginia,37.8,37.5,-80.61371197,38.64259874
12,2014,Wisconsin,24.7,24.9,-90.01169426,44.63803019
12,2014,Wyoming,26.1,24.8,-107.5514541,42.99964203
1,2015,Alabama,46.8,45.8,-86.82837194,32.78983219
1,2015,Arizona,44.7,41.1,-111.6644183,34.29310987
1,2015,Arkansas,41.2,40.4,-92.43926766,34.89974533
1,2015,California,47.7,42.7,-119.610699,37.24607067
1,2015,Colorado,28.6,24.5,-105.5478247,38.99855182
1,2015,Connecticut,29.4,27.4,-72.72570604,41.62028634
1,2015,Delaware,36.6,34.8,-75.40040409,38.88701645
1,2015,Florida,60.2,58.2,-81.79746387,28.62843926
1,2015,Georgia,48.1,46.6,-83.44634183,32.64922907
1,2015,Idaho,28.9,23,-114.6593823,44.08908951
1,2015,Illinois,29.8,27.4,-89.19839676,40.06504091
1,2015,Indiana,30,28.5,-86.27563973,39.90814123
1,2015,Iowa,24.9,20.3,-93.50006496,42.07462688
1,2015,Kansas,33.4,30.2,-98.38021317,38.48470815
1,2015,Kentucky,36,35,-85.29045609,37.52666746
1,2015,Louisiana,50.4,50.1,-92.58566202,31.05840696
1,2015,Maine,18.8,15.9,-69.22664746,45.37143349
1,2015,Maryland,35.2,34,-76.77245461,39.0369223
1,2015,Massachusetts,28.2,26.1,-71.79863942,42.2533024
1,2015,Michigan,22.4,20.7,-85.43716696,44.35068131
1,2015,Minnesota,17,9.7,-94.30901265,46.31633293
1,2015,Mississippi,47,46,-89.66521368,32.75086663
1,2015,Missouri,34,31.3,-92.47741016,38.36761316
1,2015,Montana,24.8,18.7,-109.6451486,47.03353642
1,2015,Nebraska,27.6,23.7,-99.81080907,41.52714896
1,2015,Nevada,36.6,30.5,-116.6552255,39.35623735
1,2015,New Hampshire,21.6,19.4,-71.57759415,43.68563175
1,2015,New Jersey,33.3,31.3,-74.66075411,40.18442736
1,2015,New Mexico,36.6,34,-106.1083886,34.42137076
1,2015,New York,23.2,22.2,-75.50311828,42.94039011
1,2015,North Carolina,42.2,40.7,-79.37237975,35.54153412
1,2015,North Dakota,17.1,9.6,-100.4693211,47.44633852
1,2015,Ohio,29.8,28.6,-82.7900612,40.29145221
1,2015,Oklahoma,39.8,37.8,-97.50829271,35.58348565
1,2015,Oregon,37,31,-120.5554134,43.93664816
1,2015,Pennsylvania,28.2,27.1,-77.79955956,40.87383785
1,2015,Rhode Island,31.4,29,-71.55361205,41.67608139
1,2015,South Carolina,46.5,45.1,-80.89613969,33.90797425
1,2015,South Dakota,23.4,17.4,-100.2305075,44.4361607
1,2015,Tennessee,39.4,38.2,-86.34338037,35.84298709
1,2015,Texas,47.4,46.2,-99.35069715,31.48446438
1,2015,Utah,31.9,26.2,-111.6782164,39.32379475
1,2015,Vermont,19.6,17.8,-72.66264936,44.07519583
1,2015,Virginia,37.3,35.8,-78.81225447,37.51502389
1,2015,Washington,34.6,29.5,-120.4468664,47.38096888
1,2015,West Virginia,33.4,31.9,-80.61371197,38.64259874
1,2015,Wisconsin,19.7,15.3,-90.01169426,44.63803019
1,2015,Wyoming,25.2,19.5,-107.5514541,42.99964203
2,2015,Alabama,42.4,46.5,-86.82837194,32.78983219
2,2015,Arizona,48.6,42.7,-111.6644183,34.29310987
2,2015,Arkansas,37.4,41.2,-92.43926766,34.89974533
2,2015,California,50.9,43.8,-119.610699,37.24607067
2,2015,Colorado,30.6,25.5,-105.5478247,38.99855182
2,2015,Connecticut,19.6,25.9,-72.72570604,41.62028634
2,2015,Delaware,29.2,33.8,-75.40040409,38.88701645
2,2015,Florida,57.6,58.6,-81.79746387,28.62843926
2,2015,Georgia,44,47.3,-83.44634183,32.64922907
2,2015,Idaho,32,24.3,-114.6593823,44.08908951
2,2015,Illinois,22.6,27.3,-89.19839676,40.06504091
2,2015,Indiana,22.3,28,-86.27563973,39.90814123
2,2015,Iowa,18,20.2,-93.50006496,42.07462688
2,2015,Kansas,31.6,31.1,-98.38021317,38.48470815
2,2015,Kentucky,29.2,35,-85.29045609,37.52666746
2,2015,Louisiana,47.4,50.9,-92.58566202,31.05840696
2,2015,Maine,8.4,14,-69.22664746,45.37143349
2,2015,Maryland,28,33.1,-76.77245461,39.0369223
2,2015,Massachusetts,18.2,24.6,-71.79863942,42.2533024
2,2015,Michigan,12.3,18.6,-85.43716696,44.35068131
2,2015,Minnesota,9.6,9.2,-94.30901265,46.31633293
2,2015,Mississippi,42.8,46.7,-89.66521368,32.75086663
2,2015,Missouri,28.7,31.6,-92.47741016,38.36761316
2,2015,Montana,25.8,19,-109.6451486,47.03353642
2,2015,Nebraska,26.6,24.4,-99.81080907,41.52714896
2,2015,Nevada,40.2,32,-116.6552255,39.35623735
2,2015,New Hampshire,11.4,17.9,-71.57759415,43.68563175
2,2015,New Jersey,25.1,30.1,-74.66075411,40.18442736
2,2015,New Mexico,38.5,35.7,-106.1083886,34.42137076
2,2015,New York,12.7,20.3,-75.50311828,42.94039011
2,2015,North Carolina,37.2,41,-79.37237975,35.54153412
2,2015,North Dakota,12.2,9.1,-100.4693211,47.44633852
2,2015,Ohio,20.8,27.9,-82.7900612,40.29145221
2,2015,Oklahoma,37.8,38.9,-97.50829271,35.58348565
2,2015,Oregon,39.9,32.2,-120.5554134,43.93664816
2,2015,Pennsylvania,19.3,25.9,-77.79955956,40.87383785
2,2015,Rhode Island,21.6,27.5,-71.55361205,41.67608139
2,2015,South Carolina,42.4,45.7,-80.89613969,33.90797425
2,2015,South Dakota,21.1,17.5,-100.2305075,44.4361607
2,2015,Tennessee,33.8,38.7,-86.34338037,35.84298709
2,2015,Texas,46.1,47.4,-99.35069715,31.48446438
2,2015,Utah,35.5,27.8,-111.6782164,39.32379475
2,2015,Vermont,8.8,15.9,-72.66264936,44.07519583
2,2015,Virginia,31.4,35.8,-78.81225447,37.51502389
2,2015,Washington,37.9,30.7,-120.4468664,47.38096888
2,2015,West Virginia,25.8,31.6,-80.61371197,38.64259874
2,2015,Wisconsin,11.4,14.4,-90.01169426,44.63803019
2,2015,Wyoming,27,20.3,-107.5514541,42.99964203
3,2015,Alabama,49.6,51.6,-86.82837194,32.78983219
3,2015,Arizona,54.2,47.1,-111.6644183,34.29310987
3,2015,Arkansas,42.9,47.2,-92.43926766,34.89974533
3,2015,California,55,47,-119.610699,37.24607067
3,2015,Colorado,36.4,30.6,-105.5478247,38.99855182
3,2015,Connecticut,23.4,30.9,-72.72570604,41.62028634
3,2015,Delaware,33.2,38.6,-75.40040409,38.88701645
3,2015,Florida,63,61.7,-81.79746387,28.62843926
3,2015,Georgia,51,52,-83.44634183,32.64922907
3,2015,Idaho,38,29.5,-114.6593823,44.08908951
3,2015,Illinois,28.8,34.5,-89.19839676,40.06504091
3,2015,Indiana,28.2,34.4,-86.27563973,39.90814123
3,2015,Iowa,25.9,28.7,-93.50006496,42.07462688
3,2015,Kansas,39,38,-98.38021317,38.48470815
3,2015,Kentucky,35.4,40.9,-85.29045609,37.52666746
3,2015,Louisiana,54,55.7,-92.58566202,31.05840696
3,2015,Maine,13.4,20.4,-69.22664746,45.37143349
3,2015,Maryland,32.4,38.2,-76.77245461,39.0369223
3,2015,Massachusetts,22,29.7,-71.79863942,42.2533024
3,2015,Michigan,18.3,24.1,-85.43716696,44.35068131
3,2015,Minnesota,18.2,18.8,-94.30901265,46.31633293
3,2015,Mississippi,49.8,52,-89.66521368,32.75086663
3,2015,Missouri,35.4,38.7,-92.47741016,38.36761316
3,2015,Montana,33.2,25.4,-109.6451486,47.03353642
3,2015,Nebraska,34.5,31.3,-99.81080907,41.52714896
3,2015,Nevada,45.2,36.8,-116.6552255,39.35623735
3,2015,New Hampshire,16,23.7,-71.57759415,43.68563175
3,2015,New Jersey,29.1,34.9,-74.66075411,40.18442736
3,2015,New Mexico,44.5,40.6,-106.1083886,34.42137076
3,2015,New York,17.4,25.7,-75.50311828,42.94039011
3,2015,North Carolina,42.8,45.6,-79.37237975,35.54153412
3,2015,North Dakota,20.7,18.3,-100.4693211,47.44633852
3,2015,Ohio,26.6,33.7,-82.7900612,40.29145221
3,2015,Oklahoma,44.4,45.2,-97.50829271,35.58348565
3,2015,Oregon,43.7,36.2,-120.5554134,43.93664816
3,2015,Pennsylvania,23.8,31.1,-77.79955956,40.87383785
3,2015,Rhode Island,24.8,32,-71.55361205,41.67608139
3,2015,South Carolina,48.7,50.3,-80.89613969,33.90797425
3,2015,South Dakota,29.2,25.3,-100.2305075,44.4361607
3,2015,Tennessee,40.2,44.3,-86.34338037,35.84298709
3,2015,Texas,52.2,52.9,-99.35069715,31.48446438
3,2015,Utah,41.9,33.8,-111.6782164,39.32379475
3,2015,Vermont,13.8,21.9,-72.66264936,44.07519583
3,2015,Virginia,36.6,40.7,-78.81225447,37.51502389
3,2015,Washington,42.8,35.9,-120.4468664,47.38096888
3,2015,West Virginia,31.4,36.8,-80.61371197,38.64259874
3,2015,Wisconsin,19.2,22.4,-90.01169426,44.63803019
3,2015,Wyoming,33,25.6,-107.5514541,42.99964203
4,2015,Alabama,61.9,59,-86.82837194,32.78983219
4,2015,Arizona,57.4,53.2,-111.6644183,34.29310987
4,2015,Arkansas,56.1,55.9,-92.43926766,34.89974533
4,2015,California,56.8,51.4,-119.610699,37.24607067
4,2015,Colorado,42.7,38.1,-105.5478247,38.99855182
4,2015,Connecticut,39,40.7,-72.72570604,41.62028634
4,2015,Delaware,47.1,47.4,-75.40040409,38.88701645
4,2015,Florida,72.3,66.6,-81.79746387,28.62843926
4,2015,Georgia,62.8,59.2,-83.44634183,32.64922907
4,2015,Idaho,41.6,36.8,-114.6593823,44.08908951
4,2015,Illinois,46.3,45.7,-89.19839676,40.06504091
4,2015,Indiana,45,45,-86.27563973,39.90814123
4,2015,Iowa,44.2,41.4,-93.50006496,42.07462688
4,2015,Kansas,51.6,47.9,-98.38021317,38.48470815
4,2015,Kentucky,51,50.3,-85.29045609,37.52666746
4,2015,Louisiana,65.2,62.7,-92.58566202,31.05840696
4,2015,Maine,29.7,32.1,-69.22664746,45.37143349
4,2015,Maryland,46.7,47.3,-76.77245461,39.0369223
4,2015,Massachusetts,37.4,39.4,-71.79863942,42.2533024
4,2015,Michigan,35.9,35.4,-85.43716696,44.35068131
4,2015,Minnesota,37.6,33.3,-94.30901265,46.31633293
4,2015,Mississippi,62.4,59.6,-89.66521368,32.75086663
4,2015,Missouri,51.1,49.1,-92.47741016,38.36761316
4,2015,Montana,41.2,35.1,-109.6451486,47.03353642
4,2015,Nebraska,46.7,41.8,-99.81080907,41.52714896
4,2015,Nevada,47.7,43.1,-116.6552255,39.35623735
4,2015,New Hampshire,32.2,34.8,-71.57759415,43.68563175
4,2015,New Jersey,43.7,44.3,-74.66075411,40.18442736
4,2015,New Mexico,50,47.4,-106.1083886,34.42137076
4,2015,New York,34.4,36.7,-75.50311828,42.94039011
4,2015,North Carolina,55.4,53.6,-79.37237975,35.54153412
4,2015,North Dakota,38.6,33,-100.4693211,47.44633852
4,2015,Ohio,43.7,43.8,-82.7900612,40.29145221
4,2015,Oklahoma,56.2,54.3,-97.50829271,35.58348565
4,2015,Oregon,45.2,41.1,-120.5554134,43.93664816
4,2015,Pennsylvania,40,41.3,-77.79955956,40.87383785
4,2015,Rhode Island,39.5,40.9,-71.55361205,41.67608139
4,2015,South Carolina,60.6,57.9,-80.89613969,33.90797425
4,2015,South Dakota,43.4,37.8,-100.2305075,44.4361607
4,2015,Tennessee,54.6,53.1,-86.34338037,35.84298709
4,2015,Texas,61.4,60.6,-99.35069715,31.48446438
4,2015,Utah,46,41.4,-111.6782164,39.32379475
4,2015,Vermont,30.9,33.5,-72.66264936,44.07519583
4,2015,Virginia,50,49.3,-78.81225447,37.51502389
4,2015,Washington,45.2,41.8,-120.4468664,47.38096888
4,2015,West Virginia,46.6,46,-80.61371197,38.64259874
4,2015,Wisconsin,37.8,35.4,-90.01169426,44.63803019
4,2015,Wyoming,39.5,34,-107.5514541,42.99964203
5,2015,Alabama,68.9,66.7,-86.82837194,32.78983219
5,2015,Arizona,60.6,60.8,-111.6644183,34.29310987
5,2015,Arkansas,65.9,64.6,-92.43926766,34.89974533
5,2015,California,58.8,57.4,-119.610699,37.24607067
5,2015,Colorado,47.3,47.2,-105.5478247,38.99855182
5,2015,Connecticut,54.8,51.3,-72.72570604,41.62028634
5,2015,Delaware,61,57,-75.40040409,38.88701645
5,2015,Florida,76.3,72.2,-81.79746387,28.62843926
5,2015,Georgia,69.6,67,-83.44634183,32.64922907
5,2015,Idaho,47,45.1,-114.6593823,44.08908951
5,2015,Illinois,59.6,56.8,-89.19839676,40.06504091
5,2015,Indiana,59,56,-86.27563973,39.90814123
5,2015,Iowa,55.6,54,-93.50006496,42.07462688
5,2015,Kansas,59,58.4,-98.38021317,38.48470815
5,2015,Kentucky,62.4,59.9,-85.29045609,37.52666746
5,2015,Louisiana,72.3,69.9,-92.58566202,31.05840696
5,2015,Maine,46.8,44.5,-69.22664746,45.37143349
5,2015,Maryland,60.8,57.2,-76.77245461,39.0369223
5,2015,Massachusetts,53.6,50.2,-71.79863942,42.2533024
5,2015,Michigan,50.2,47.7,-85.43716696,44.35068131
5,2015,Minnesota,49.4,47.8,-94.30901265,46.31633293
5,2015,Mississippi,69.6,67.4,-89.66521368,32.75086663
5,2015,Missouri,61.2,59.3,-92.47741016,38.36761316
5,2015,Montana,46.2,45.5,-109.6451486,47.03353642
5,2015,Nebraska,53.4,53.1,-99.81080907,41.52714896
5,2015,Nevada,51.6,50.8,-116.6552255,39.35623735
5,2015,New Hampshire,49.8,46.7,-71.57759415,43.68563175
5,2015,New Jersey,58.8,54.6,-74.66075411,40.18442736
5,2015,New Mexico,55.4,55.8,-106.1083886,34.42137076
5,2015,New York,52.2,48.7,-75.50311828,42.94039011
5,2015,North Carolina,64.3,62.1,-79.37237975,35.54153412
5,2015,North Dakota,48.4,47.5,-100.4693211,47.44633852
5,2015,Ohio,58.2,54.6,-82.7900612,40.29145221
5,2015,Oklahoma,63.8,63.8,-97.50829271,35.58348565
5,2015,Oregon,49.1,47.2,-120.5554134,43.93664816
5,2015,Pennsylvania,55.9,52.2,-77.79955956,40.87383785
5,2015,Rhode Island,54.2,50.9,-71.55361205,41.67608139
5,2015,South Carolina,68.2,66.1,-80.89613969,33.90797425
5,2015,South Dakota,50.8,50.4,-100.2305075,44.4361607
5,2015,Tennessee,64,61.8,-86.34338037,35.84298709
5,2015,Texas,69.1,68.6,-99.35069715,31.48446438
5,2015,Utah,50.4,50,-111.6782164,39.32379475
5,2015,Vermont,49,46,-72.66264936,44.07519583
5,2015,Virginia,61.5,58.6,-78.81225447,37.51502389
5,2015,Washington,50.8,48.4,-120.4468664,47.38096888
5,2015,West Virginia,58.9,55.7,-80.61371197,38.64259874
5,2015,Wisconsin,50.8,48.6,-90.01169426,44.63803019
5,2015,Wyoming,44.2,43.7,-107.5514541,42.99964203
6,2015,Alabama,75.3,74.1,-86.82837194,32.78983219
6,2015,Arizona,70.6,69.7,-111.6644183,34.29310987
6,2015,Arkansas,73.7,72.6,-92.43926766,34.89974533
6,2015,California,67.6,64.5,-119.610699,37.24607067
6,2015,Colorado,57.4,56.6,-105.5478247,38.99855182
6,2015,Connecticut,64,61.1,-72.72570604,41.62028634
6,2015,Delaware,70.8,66.5,-75.40040409,38.88701645
6,2015,Florida,79.6,77.3,-81.79746387,28.62843926
6,2015,Georgia,75.9,74.2,-83.44634183,32.64922907
6,2015,Idaho,58.2,52.9,-114.6593823,44.08908951
6,2015,Illinois,68.3,66.8,-89.19839676,40.06504091
6,2015,Indiana,68,65.9,-86.27563973,39.90814123
6,2015,Iowa,64.7,64.5,-93.50006496,42.07462688
6,2015,Kansas,68.8,68.4,-98.38021317,38.48470815
6,2015,Kentucky,70.8,68.5,-85.29045609,37.52666746
6,2015,Louisiana,77.6,76.5,-92.58566202,31.05840696
6,2015,Maine,56.6,55.2,-69.22664746,45.37143349
6,2015,Maryland,70.3,66.5,-76.77245461,39.0369223
6,2015,Massachusetts,62.7,60,-71.79863942,42.2533024
6,2015,Michigan,59.8,58.4,-85.43716696,44.35068131
6,2015,Minnesota,59.4,58.9,-94.30901265,46.31633293
6,2015,Mississippi,75.8,74.9,-89.66521368,32.75086663
6,2015,Missouri,69.6,68.7,-92.47741016,38.36761316
6,2015,Montana,56.7,54.3,-109.6451486,47.03353642
6,2015,Nebraska,63,63.3,-99.81080907,41.52714896
6,2015,Nevada,63.2,59.4,-116.6552255,39.35623735
6,2015,New Hampshire,59.6,57.1,-71.57759415,43.68563175
6,2015,New Jersey,68.2,64.2,-74.66075411,40.18442736
6,2015,New Mexico,64.9,64.6,-106.1083886,34.42137076
6,2015,New York,62,59,-75.50311828,42.94039011
6,2015,North Carolina,72.9,69.9,-79.37237975,35.54153412
6,2015,North Dakota,58.8,58.4,-100.4693211,47.44633852
6,2015,Ohio,67.4,64.5,-82.7900612,40.29145221
6,2015,Oklahoma,72.2,72.4,-97.50829271,35.58348565
6,2015,Oregon,59.6,53.9,-120.5554134,43.93664816
6,2015,Pennsylvania,65.2,61.8,-77.79955956,40.87383785
6,2015,Rhode Island,62.8,60.3,-71.55361205,41.67608139
6,2015,South Carolina,76,73.6,-80.89613969,33.90797425
6,2015,South Dakota,60.7,60.9,-100.2305075,44.4361607
6,2015,Tennessee,71.9,69.9,-86.34338037,35.84298709
6,2015,Texas,75.4,76,-99.35069715,31.48446438
6,2015,Utah,61.9,59.3,-111.6782164,39.32379475
6,2015,Vermont,59.2,56.6,-72.66264936,44.07519583
6,2015,Virginia,70.4,67,-78.81225447,37.51502389
6,2015,Washington,60.8,54.8,-120.4468664,47.38096888
6,2015,West Virginia,67.6,64.3,-80.61371197,38.64259874
6,2015,Wisconsin,60.2,59.4,-90.01169426,44.63803019
6,2015,Wyoming,55,53,-107.5514541,42.99964203
7,2015,Alabama,80.2,78.7,-86.82837194,32.78983219
7,2015,Arizona,78.5,77.1,-111.6644183,34.29310987
7,2015,Arkansas,80,78.4,-92.43926766,34.89974533
7,2015,California,74.7,71.5,-119.610699,37.24607067
7,2015,Colorado,65.8,64.2,-105.5478247,38.99855182
7,2015,Connecticut,68.8,68.1,-72.72570604,41.62028634
7,2015,Delaware,75.2,73.1,-75.40040409,38.88701645
7,2015,Florida,82.2,80.2,-81.79746387,28.62843926
7,2015,Georgia,80.4,78.6,-83.44634183,32.64922907
7,2015,Idaho,64.9,60.9,-114.6593823,44.08908951
7,2015,Illinois,72.9,73.4,-89.19839676,40.06504091
7,2015,Indiana,71.9,72.4,-86.27563973,39.90814123
7,2015,Iowa,70.7,71.5,-93.50006496,42.07462688
7,2015,Kansas,77.4,76.2,-98.38021317,38.48470815
7,2015,Kentucky,75.4,74.5,-85.29045609,37.52666746
7,2015,Louisiana,82.4,80.9,-92.58566202,31.05840696
7,2015,Maine,61.2,62.6,-69.22664746,45.37143349
7,2015,Maryland,74.4,72.8,-76.77245461,39.0369223
7,2015,Massachusetts,67.3,67,-71.79863942,42.2533024
7,2015,Michigan,65.2,65.7,-85.43716696,44.35068131
7,2015,Minnesota,67.1,66.3,-94.30901265,46.31633293
7,2015,Mississippi,81,79.6,-89.66521368,32.75086663
7,2015,Missouri,75.9,75.4,-92.47741016,38.36761316
7,2015,Montana,65,62,-109.6451486,47.03353642
7,2015,Nebraska,71.6,71.4,-99.81080907,41.52714896
7,2015,Nevada,70.9,68,-116.6552255,39.35623735
7,2015,New Hampshire,63.6,64.1,-71.57759415,43.68563175
7,2015,New Jersey,72.8,71.1,-74.66075411,40.18442736
7,2015,New Mexico,72.4,71,-106.1083886,34.42137076
7,2015,New York,65.6,65.9,-75.50311828,42.94039011
7,2015,North Carolina,77.9,75.2,-79.37237975,35.54153412
7,2015,North Dakota,67.5,66,-100.4693211,47.44633852
7,2015,Ohio,70.7,70.9,-82.7900612,40.29145221
7,2015,Oklahoma,80.2,79.3,-97.50829271,35.58348565
7,2015,Oregon,66.6,61,-120.5554134,43.93664816
7,2015,Pennsylvania,68.8,68.2,-77.79955956,40.87383785
7,2015,Rhode Island,68.4,67.5,-71.55361205,41.67608139
7,2015,South Carolina,81.4,78.5,-80.89613969,33.90797425
7,2015,South Dakota,69.8,69.1,-100.2305075,44.4361607
7,2015,Tennessee,77.1,75.5,-86.34338037,35.84298709
7,2015,Texas,81.2,80.9,-99.35069715,31.48446438
7,2015,Utah,70,67.7,-111.6782164,39.32379475
7,2015,Vermont,63,63.4,-72.66264936,44.07519583
7,2015,Virginia,74.5,72.8,-78.81225447,37.51502389
7,2015,Washington,67,60.8,-120.4468664,47.38096888
7,2015,West Virginia,71.3,70,-80.61371197,38.64259874
7,2015,Wisconsin,66.1,66.5,-90.01169426,44.63803019
7,2015,Wyoming,63.4,61.4,-107.5514541,42.99964203
8,2015,Alabama,80.3,79.6,-86.82837194,32.78983219
8,2015,Arizona,79.6,78.8,-111.6644183,34.29310987
8,2015,Arkansas,80,79.8,-92.43926766,34.89974533
8,2015,California,75.8,74.3,-119.610699,37.24607067
8,2015,Colorado,66.8,66.2,-105.5478247,38.99855182
8,2015,Connecticut,72.1,69.6,-72.72570604,41.62028634
8,2015,Delaware,76,74.6,-75.40040409,38.88701645
8,2015,Florida,82.6,81,-81.79746387,28.62843926
8,2015,Georgia,80.5,79.4,-83.44634183,32.64922907
8,2015,Idaho,65.4,64.3,-114.6593823,44.08908951
8,2015,Illinois,73,74.4,-89.19839676,40.06504091
8,2015,Indiana,71.8,73.5,-86.27563973,39.90814123
8,2015,Iowa,70.4,72.6,-93.50006496,42.07462688
8,2015,Kansas,77,78,-98.38021317,38.48470815
8,2015,Kentucky,74.6,75.5,-85.29045609,37.52666746
8,2015,Louisiana,83.4,81.7,-92.58566202,31.05840696
8,2015,Maine,66,64.2,-69.22664746,45.37143349
8,2015,Maryland,74.9,74.2,-76.77245461,39.0369223
8,2015,Massachusetts,71,68.6,-71.79863942,42.2533024
8,2015,Michigan,67.4,67,-85.43716696,44.35068131
8,2015,Minnesota,67.7,67.5,-94.30901265,46.31633293
8,2015,Mississippi,81.4,80.5,-89.66521368,32.75086663
8,2015,Missouri,75.4,76.8,-92.47741016,38.36761316
8,2015,Montana,66,64.8,-109.6451486,47.03353642
8,2015,Nebraska,72.2,73.5,-99.81080907,41.52714896
8,2015,Nevada,71.8,71.1,-116.6552255,39.35623735
8,2015,New Hampshire,67.2,65.2,-71.57759415,43.68563175
8,2015,New Jersey,74.8,72.6,-74.66075411,40.18442736
8,2015,New Mexico,73.2,71.7,-106.1083886,34.42137076
8,2015,New York,67.8,67.1,-75.50311828,42.94039011
8,2015,North Carolina,77.3,76.3,-79.37237975,35.54153412
8,2015,North Dakota,68.9,67.9,-100.4693211,47.44633852
8,2015,Ohio,70.8,71.9,-82.7900612,40.29145221
8,2015,Oklahoma,80.7,81.3,-97.50829271,35.58348565
8,2015,Oregon,67.2,64.3,-120.5554134,43.93664816
8,2015,Pennsylvania,69.6,69.3,-77.79955956,40.87383785
8,2015,Rhode Island,72.4,69.4,-71.55361205,41.67608139
8,2015,South Carolina,80.8,79.2,-80.89613969,33.90797425
8,2015,South Dakota,70.9,71.5,-100.2305075,44.4361607
8,2015,Tennessee,76.2,76.5,-86.34338037,35.84298709
8,2015,Texas,83.2,82,-99.35069715,31.48446438
8,2015,Utah,70.6,70.5,-111.6782164,39.32379475
8,2015,Vermont,66.4,64.7,-72.66264936,44.07519583
8,2015,Virginia,74.2,73.9,-78.81225447,37.51502389
8,2015,Washington,67.6,63.8,-120.4468664,47.38096888
8,2015,West Virginia,71,71.1,-80.61371197,38.64259874
8,2015,Wisconsin,67.2,67.6,-90.01169426,44.63803019
8,2015,Wyoming,64.1,64.3,-107.5514541,42.99964203
9,2015,Alabama,76.7,77,-86.82837194,32.78983219
9,2015,Arizona,77.8,74.9,-111.6644183,34.29310987
9,2015,Arkansas,76.4,76,-92.43926766,34.89974533
9,2015,California,74.3,71.1,-119.610699,37.24607067
9,2015,Colorado,64.8,61.3,-105.5478247,38.99855182
9,2015,Connecticut,69.9,65,-72.72570604,41.62028634
9,2015,Delaware,73.6,70.6,-75.40040409,38.88701645
9,2015,Florida,81.2,80.1,-81.79746387,28.62843926
9,2015,Georgia,76.6,76.7,-83.44634183,32.64922907
9,2015,Idaho,61.5,59.1,-114.6593823,44.08908951
9,2015,Illinois,71.2,69.9,-89.19839676,40.06504091
9,2015,Indiana,69.7,69,-86.27563973,39.90814123
9,2015,Iowa,68.6,67.1,-93.50006496,42.07462688
9,2015,Kansas,74.7,72.9,-98.38021317,38.48470815
9,2015,Kentucky,71.5,71.7,-85.29045609,37.52666746
9,2015,Louisiana,80.6,79.4,-92.58566202,31.05840696
9,2015,Maine,64.5,59,-69.22664746,45.37143349
9,2015,Maryland,72.4,70.2,-76.77245461,39.0369223
9,2015,Massachusetts,68.6,63.9,-71.79863942,42.2533024
9,2015,Michigan,65.8,62.2,-85.43716696,44.35068131
9,2015,Minnesota,64.8,61.5,-94.30901265,46.31633293
9,2015,Mississippi,78.2,77.7,-89.66521368,32.75086663
9,2015,Missouri,72.5,72.1,-92.47741016,38.36761316
9,2015,Montana,61.6,58.9,-109.6451486,47.03353642
9,2015,Nebraska,69.8,67.6,-99.81080907,41.52714896
9,2015,Nevada,69.3,65.9,-116.6552255,39.35623735
9,2015,New Hampshire,65.2,60.4,-71.57759415,43.68563175
9,2015,New Jersey,72.5,68.3,-74.66075411,40.18442736
9,2015,New Mexico,71.2,67.7,-106.1083886,34.42137076
9,2015,New York,66.2,62.4,-75.50311828,42.94039011
9,2015,North Carolina,73.8,72.9,-79.37237975,35.54153412
9,2015,North Dakota,65,61.6,-100.4693211,47.44633852
9,2015,Ohio,69.2,67.7,-82.7900612,40.29145221
9,2015,Oklahoma,77.9,76.9,-97.50829271,35.58348565
9,2015,Oregon,62.5,60.6,-120.5554134,43.93664816
9,2015,Pennsylvania,67.8,65.1,-77.79955956,40.87383785
9,2015,Rhode Island,70.1,65.3,-71.55361205,41.67608139
9,2015,South Carolina,76.9,76.2,-80.89613969,33.90797425
9,2015,South Dakota,67.9,65.4,-100.2305075,44.4361607
9,2015,Tennessee,72.6,73.1,-86.34338037,35.84298709
9,2015,Texas,81.2,78.8,-99.35069715,31.48446438
9,2015,Utah,68.2,64.9,-111.6782164,39.32379475
9,2015,Vermont,64.5,59.7,-72.66264936,44.07519583
9,2015,Virginia,71.2,70.1,-78.81225447,37.51502389
9,2015,Washington,61.4,60.2,-120.4468664,47.38096888
9,2015,West Virginia,68.5,67.4,-80.61371197,38.64259874
9,2015,Wisconsin,65.4,62.2,-90.01169426,44.63803019
9,2015,Wyoming,61.8,58.4,-107.5514541,42.99964203
10,2015,Alabama,69.7,69.3,-86.82837194,32.78983219
10,2015,Arizona,69.8,66.6,-111.6644183,34.29310987
10,2015,Arkansas,69.2,67.4,-92.43926766,34.89974533
10,2015,California,68.6,64.1,-119.610699,37.24607067
10,2015,Colorado,57,51.9,-105.5478247,38.99855182
10,2015,Connecticut,59.6,56.2,-72.72570604,41.62028634
10,2015,Delaware,64.2,61.8,-75.40040409,38.88701645
10,2015,Florida,77.2,75.7,-81.79746387,28.62843926
10,2015,Georgia,69.3,69.4,-83.44634183,32.64922907
10,2015,Idaho,54,49.5,-114.6593823,44.08908951
10,2015,Illinois,63.2,60.4,-89.19839676,40.06504091
10,2015,Indiana,62.2,59.8,-86.27563973,39.90814123
10,2015,Iowa,60.7,57.2,-93.50006496,42.07462688
10,2015,Kansas,66.7,62.6,-98.38021317,38.48470815
10,2015,Kentucky,64,62.8,-85.29045609,37.52666746
10,2015,Louisiana,74.1,72.3,-92.58566202,31.05840696
10,2015,Maine,52.5,49.6,-69.22664746,45.37143349
10,2015,Maryland,63.2,61.4,-76.77245461,39.0369223
10,2015,Massachusetts,58.1,55.1,-71.79863942,42.2533024
10,2015,Michigan,56.8,53,-85.43716696,44.35068131
10,2015,Minnesota,55.8,50.9,-94.30901265,46.31633293
10,2015,Mississippi,71.4,69.8,-89.66521368,32.75086663
10,2015,Missouri,64.6,62.6,-92.47741016,38.36761316
10,2015,Montana,52.6,48.5,-109.6451486,47.03353642
10,2015,Nebraska,61.4,56.8,-99.81080907,41.52714896
10,2015,Nevada,61,56.2,-116.6552255,39.35623735
10,2015,New Hampshire,54,51.2,-71.57759415,43.68563175
10,2015,New Jersey,62.6,59.5,-74.66075411,40.18442736
10,2015,New Mexico,63.2,59.2,-106.1083886,34.42137076
10,2015,New York,56.2,53.5,-75.50311828,42.94039011
10,2015,North Carolina,65.8,64.9,-79.37237975,35.54153412
10,2015,North Dakota,54.9,50.1,-100.4693211,47.44633852
10,2015,Ohio,61.4,58.7,-82.7900612,40.29145221
10,2015,Oklahoma,70,67.4,-97.50829271,35.58348565
10,2015,Oregon,56.2,52.7,-120.5554134,43.93664816
10,2015,Pennsylvania,58.6,56.1,-77.79955956,40.87383785
10,2015,Rhode Island,60,56.9,-71.55361205,41.67608139
10,2015,South Carolina,68.8,68.5,-80.89613969,33.90797425
10,2015,South Dakota,58.8,54.1,-100.2305075,44.4361607
10,2015,Tennessee,65.3,64.5,-86.34338037,35.84298709
10,2015,Texas,74.2,71,-99.35069715,31.48446438
10,2015,Utah,59.9,54.7,-111.6782164,39.32379475
10,2015,Vermont,53.4,50.7,-72.66264936,44.07519583
10,2015,Virginia,62.8,61.6,-78.81225447,37.51502389
10,2015,Washington,54.3,52.1,-120.4468664,47.38096888
10,2015,West Virginia,60.6,58.9,-80.61371197,38.64259874
10,2015,Wisconsin,56.6,52.5,-90.01169426,44.63803019
10,2015,Wyoming,54,48,-107.5514541,42.99964203
11,2015,Alabama,62.1,58.7,-86.82837194,32.78983219
11,2015,Arizona,56.4,55.1,-111.6644183,34.29310987
11,2015,Arkansas,58.8,55.8,-92.43926766,34.89974533
11,2015,California,56.3,54.5,-119.610699,37.24607067
11,2015,Colorado,43,40,-105.5478247,38.99855182
11,2015,Connecticut,48.8,45.6,-72.72570604,41.62028634
11,2015,Delaware,54,51,-75.40040409,38.88701645
11,2015,Florida,73.3,68.3,-81.79746387,28.62843926
11,2015,Georgia,62.3,59.2,-83.44634183,32.64922907
11,2015,Idaho,40.3,37.9,-114.6593823,44.08908951
11,2015,Illinois,51.3,47.7,-89.19839676,40.06504091
11,2015,Indiana,51.1,47.5,-86.27563973,39.90814123
11,2015,Iowa,47.5,43.6,-93.50006496,42.07462688
11,2015,Kansas,52.8,49.2,-98.38021317,38.48470815
11,2015,Kentucky,54.4,51.2,-85.29045609,37.52666746
11,2015,Louisiana,66.2,62.4,-92.58566202,31.05840696
11,2015,Maine,40.1,38.3,-69.22664746,45.37143349
11,2015,Maryland,53,50.3,-76.77245461,39.0369223
11,2015,Massachusetts,47.4,44.6,-71.79863942,42.2533024
11,2015,Michigan,45.1,41,-85.43716696,44.35068131
11,2015,Minnesota,42.2,36.5,-94.30901265,46.31633293
11,2015,Mississippi,62.8,59.1,-89.66521368,32.75086663
11,2015,Missouri,53.3,50.3,-92.47741016,38.36761316
11,2015,Montana,39,36.4,-109.6451486,47.03353642
11,2015,Nebraska,47.2,43.3,-99.81080907,41.52714896
11,2015,Nevada,46,44.8,-116.6552255,39.35623735
11,2015,New Hampshire,42.4,40,-71.57759415,43.68563175
11,2015,New Jersey,52.1,48.6,-74.66075411,40.18442736
11,2015,New Mexico,50.4,48,-106.1083886,34.42137076
11,2015,New York,45.1,42.2,-75.50311828,42.94039011
11,2015,North Carolina,57.2,54.4,-79.37237975,35.54153412
11,2015,North Dakota,40.2,35.3,-100.4693211,47.44633852
11,2015,Ohio,50.8,46.8,-82.7900612,40.29145221
11,2015,Oklahoma,57.4,55,-97.50829271,35.58348565
11,2015,Oregon,45,42.8,-120.5554134,43.93664816
11,2015,Pennsylvania,48.1,45,-77.79955956,40.87383785
11,2015,Rhode Island,49.8,46.7,-71.55361205,41.67608139
11,2015,South Carolina,60.6,58.1,-80.89613969,33.90797425
11,2015,South Dakota,44,39.8,-100.2305075,44.4361607
11,2015,Tennessee,56.6,53.1,-86.34338037,35.84298709
11,2015,Texas,63.2,60.3,-99.35069715,31.48446438
11,2015,Utah,44.4,42.4,-111.6782164,39.32379475
11,2015,Vermont,41.8,39.2,-72.66264936,44.07519583
11,2015,Virginia,53.7,50.8,-78.81225447,37.51502389
11,2015,Washington,44.2,41.9,-120.4468664,47.38096888
11,2015,West Virginia,51.2,47.7,-80.61371197,38.64259874
11,2015,Wisconsin,43.9,39.2,-90.01169426,44.63803019
11,2015,Wyoming,39,35.8,-107.5514541,42.99964203
12,2015,Alabama,58,49.9,-86.82837194,32.78983219
12,2015,Arizona,44.6,45.3,-111.6644183,34.29310987
12,2015,Arkansas,52.1,45.7,-92.43926766,34.89974533
12,2015,California,45,46.4,-119.610699,37.24607067
12,2015,Colorado,30.2,29.4,-105.5478247,38.99855182
12,2015,Connecticut,44.8,34.7,-72.72570604,41.62028634
12,2015,Delaware,51.2,40.9,-75.40040409,38.88701645
12,2015,Florida,70.9,61.5,-81.79746387,28.62843926
12,2015,Georgia,59.4,50.7,-83.44634183,32.64922907
12,2015,Idaho,27.1,27.8,-114.6593823,44.08908951
12,2015,Illinois,43.8,35.1,-89.19839676,40.06504091
12,2015,Indiana,44.6,35.7,-86.27563973,39.90814123
12,2015,Iowa,37.5,29.2,-93.50006496,42.07462688
12,2015,Kansas,42,36.7,-98.38021317,38.48470815
12,2015,Kentucky,49.8,40.8,-85.29045609,37.52666746
12,2015,Louisiana,60.9,54.2,-92.58566202,31.05840696
12,2015,Maine,34.1,25.5,-69.22664746,45.37143349
12,2015,Maryland,49.6,40.1,-76.77245461,39.0369223
12,2015,Massachusetts,43.2,33.6,-71.79863942,42.2533024
12,2015,Michigan,38.4,28.9,-85.43716696,44.35068131
12,2015,Minnesota,30.6,20.4,-94.30901265,46.31633293
12,2015,Mississippi,58,50.4,-89.66521368,32.75086663
12,2015,Missouri,45.6,38.2,-92.47741016,38.36761316
12,2015,Montana,26.8,25.1,-109.6451486,47.03353642
12,2015,Nebraska,34.9,30.6,-99.81080907,41.52714896
12,2015,Nevada,33.4,35.1,-116.6552255,39.35623735
12,2015,New Hampshire,37.4,27.9,-71.57759415,43.68563175
12,2015,New Jersey,48.8,38,-74.66075411,40.18442736
12,2015,New Mexico,39.6,38.2,-106.1083886,34.42137076
12,2015,New York,41,30.4,-75.50311828,42.94039011
12,2015,North Carolina,54.6,45.4,-79.37237975,35.54153412
12,2015,North Dakota,26.8,19.6,-100.4693211,47.44633852
12,2015,Ohio,45.5,35.6,-82.7900612,40.29145221
12,2015,Oklahoma,48,43.7,-97.50829271,35.58348565
12,2015,Oregon,34.1,34.7,-120.5554134,43.93664816
12,2015,Pennsylvania,43.9,34.1,-77.79955956,40.87383785
12,2015,Rhode Island,46.2,36.2,-71.55361205,41.67608139
12,2015,South Carolina,58.2,49.3,-80.89613969,33.90797425
12,2015,South Dakota,30.4,25.7,-100.2305075,44.4361607
12,2015,Tennessee,52.4,43.3,-86.34338037,35.84298709
12,2015,Texas,54.4,50.8,-99.35069715,31.48446438
12,2015,Utah,30.6,31.6,-111.6782164,39.32379475
12,2015,Vermont,37.2,26.8,-72.66264936,44.07519583
12,2015,Virginia,50.4,41.2,-78.81225447,37.51502389
12,2015,Washington,34,33.6,-120.4468664,47.38096888
12,2015,West Virginia,47.3,37.6,-80.61371197,38.64259874
12,2015,Wisconsin,35.6,24.9,-90.01169426,44.63803019
12,2015,Wyoming,25.3,24.8,-107.5514541,42.99964203
1,2016,Alabama,50,45.9,-86.82837194,32.78983219
1,2016,Arizona,41.4,41.1,-111.6644183,34.29310987
1,2016,Arkansas,44.8,40.5,-92.43926766,34.89974533
1,2016,California,43.4,42.7,-119.610699,37.24607067
1,2016,Colorado,25.7,24.5,-105.5478247,38.99855182
1,2016,Connecticut,36.6,27.3,-72.72570604,41.62028634
1,2016,Delaware,42.6,34.8,-75.40040409,38.88701645
1,2016,Florida,63.2,58.2,-81.79746387,28.62843926
1,2016,Georgia,51.6,46.6,-83.44634183,32.64922907
1,2016,Idaho,25,22.9,-114.6593823,44.08908951
1,2016,Illinois,34,27.4,-89.19839676,40.06504091
1,2016,Indiana,35,28.5,-86.27563973,39.90814123
1,2016,Iowa,26.3,20.3,-93.50006496,42.07462688
1,2016,Kansas,34.8,30.1,-98.38021317,38.48470815
1,2016,Kentucky,40.2,35,-85.29045609,37.52666746
1,2016,Louisiana,53.9,50.1,-92.58566202,31.05840696
1,2016,Maine,25.6,15.9,-69.22664746,45.37143349
1,2016,Maryland,40.4,34,-76.77245461,39.0369223
1,2016,Massachusetts,35.2,26.2,-71.79863942,42.2533024
1,2016,Michigan,29,20.8,-85.43716696,44.35068131
1,2016,Minnesota,18.7,9.7,-94.30901265,46.31633293
1,2016,Mississippi,50.2,46,-89.66521368,32.75086663
1,2016,Missouri,36.6,31.2,-92.47741016,38.36761316
1,2016,Montana,23.5,18.7,-109.6451486,47.03353642
1,2016,Nebraska,27.8,23.7,-99.81080907,41.52714896
1,2016,Nevada,31,30.6,-116.6552255,39.35623735
1,2016,New Hampshire,29,19.4,-71.57759415,43.68563175
1,2016,New Jersey,39.7,31.3,-74.66075411,40.18442736
1,2016,New Mexico,35.1,34,-106.1083886,34.42137076
1,2016,New York,31.5,22.2,-75.50311828,42.94039011
1,2016,North Carolina,46.6,40.8,-79.37237975,35.54153412
1,2016,North Dakota,17.8,9.6,-100.4693211,47.44633852
1,2016,Ohio,35.4,28.6,-82.7900612,40.29145221
1,2016,Oklahoma,41.4,37.8,-97.50829271,35.58348565
1,2016,Oregon,32.8,31.1,-120.5554134,43.93664816
1,2016,Pennsylvania,33.8,27.1,-77.79955956,40.87383785
1,2016,Rhode Island,38.3,29.1,-71.55361205,41.67608139
1,2016,South Carolina,50.8,45.2,-80.89613969,33.90797425
1,2016,South Dakota,22,17.4,-100.2305075,44.4361607
1,2016,Tennessee,43,38.2,-86.34338037,35.84298709
1,2016,Texas,49,46.2,-99.35069715,31.48446438
1,2016,Utah,26.6,26.2,-111.6782164,39.32379475
1,2016,Vermont,28,17.8,-72.66264936,44.07519583
1,2016,Virginia,41.4,35.9,-78.81225447,37.51502389
1,2016,Washington,32.6,29.6,-120.4468664,47.38096888
1,2016,West Virginia,37,31.9,-80.61371197,38.64259874
1,2016,Wisconsin,24,15.3,-90.01169426,44.63803019
1,2016,Wyoming,22,19.5,-107.5514541,42.99964203
2,2016,Alabama,46.4,46.6,-86.82837194,32.78983219
2,2016,Arizona,46.2,42.7,-111.6644183,34.29310987
2,2016,Arkansas,43.2,41.2,-92.43926766,34.89974533
2,2016,California,48.2,43.9,-119.610699,37.24607067
2,2016,Colorado,29,25.6,-105.5478247,38.99855182
2,2016,Connecticut,30.8,25.8,-72.72570604,41.62028634
2,2016,Delaware,36.4,33.8,-75.40040409,38.88701645
2,2016,Florida,58.2,58.6,-81.79746387,28.62843926
2,2016,Georgia,47.2,47.4,-83.44634183,32.64922907
2,2016,Idaho,28.8,24.2,-114.6593823,44.08908951
2,2016,Illinois,30.4,27.3,-89.19839676,40.06504091
2,2016,Indiana,30.7,28,-86.27563973,39.90814123
2,2016,Iowa,24.1,20.2,-93.50006496,42.07462688
2,2016,Kansas,36.4,31.1,-98.38021317,38.48470815
2,2016,Kentucky,35.2,35,-85.29045609,37.52666746
2,2016,Louisiana,51.9,50.8,-92.58566202,31.05840696
2,2016,Maine,21,14.1,-69.22664746,45.37143349
2,2016,Maryland,34.5,33.1,-76.77245461,39.0369223
2,2016,Massachusetts,29.7,24.6,-71.79863942,42.2533024
2,2016,Michigan,23.8,18.6,-85.43716696,44.35068131
2,2016,Minnesota,16.2,9.2,-94.30901265,46.31633293
2,2016,Mississippi,47.3,46.7,-89.66521368,32.75086663
2,2016,Missouri,35,31.6,-92.47741016,38.36761316
2,2016,Montana,28.5,19,-109.6451486,47.03353642
2,2016,Nebraska,30.5,24.4,-99.81080907,41.52714896
2,2016,Nevada,34.6,32.1,-116.6552255,39.35623735
2,2016,New Hampshire,24.2,17.8,-71.57759415,43.68563175
2,2016,New Jersey,33.7,30.1,-74.66075411,40.18442736
2,2016,New Mexico,38.2,35.8,-106.1083886,34.42137076
2,2016,New York,25.2,20.3,-75.50311828,42.94039011
2,2016,North Carolina,40.8,41,-79.37237975,35.54153412
2,2016,North Dakota,20.1,9.1,-100.4693211,47.44633852
2,2016,Ohio,30.4,27.9,-82.7900612,40.29145221
2,2016,Oklahoma,42.8,38.9,-97.50829271,35.58348565
2,2016,Oregon,36.6,32.1,-120.5554134,43.93664816
2,2016,Pennsylvania,28,25.9,-77.79955956,40.87383785
2,2016,Rhode Island,32.2,27.5,-71.55361205,41.67608139
2,2016,South Carolina,45.5,45.7,-80.89613969,33.90797425
2,2016,South Dakota,25.5,17.5,-100.2305075,44.4361607
2,2016,Tennessee,38.6,38.6,-86.34338037,35.84298709
2,2016,Texas,50.4,47.4,-99.35069715,31.48446438
2,2016,Utah,30.2,27.9,-111.6782164,39.32379475
2,2016,Vermont,22.4,15.9,-72.66264936,44.07519583
2,2016,Virginia,35.8,35.8,-78.81225447,37.51502389
2,2016,Washington,36,30.7,-120.4468664,47.38096888
2,2016,West Virginia,31.2,31.6,-80.61371197,38.64259874
2,2016,Wisconsin,19.4,14.4,-90.01169426,44.63803019
2,2016,Wyoming,26.4,20.3,-107.5514541,42.99964203
3,2016,Alabama,54.8,51.6,-86.82837194,32.78983219
3,2016,Arizona,52.8,47.1,-111.6644183,34.29310987
3,2016,Arkansas,51.2,47.2,-92.43926766,34.89974533
3,2016,California,52.2,47.1,-119.610699,37.24607067
3,2016,Colorado,35.2,30.6,-105.5478247,38.99855182
3,2016,Connecticut,37.6,30.9,-72.72570604,41.62028634
3,2016,Delaware,44.1,38.5,-75.40040409,38.88701645
3,2016,Florida,64.1,61.7,-81.79746387,28.62843926
3,2016,Georgia,55.4,51.9,-83.44634183,32.64922907
3,2016,Idaho,34.4,29.5,-114.6593823,44.08908951
3,2016,Illinois,40.6,34.6,-89.19839676,40.06504091
3,2016,Indiana,40.6,34.5,-86.27563973,39.90814123
3,2016,Iowa,35.5,28.7,-93.50006496,42.07462688
3,2016,Kansas,45.2,38,-98.38021317,38.48470815
3,2016,Kentucky,45.4,41,-85.29045609,37.52666746
3,2016,Louisiana,59.4,55.7,-92.58566202,31.05840696
3,2016,Maine,25.6,20.5,-69.22664746,45.37143349
3,2016,Maryland,43.2,38.2,-76.77245461,39.0369223
3,2016,Massachusetts,36,29.7,-71.79863942,42.2533024
3,2016,Michigan,30.7,24.1,-85.43716696,44.35068131
3,2016,Minnesota,27.8,18.7,-94.30901265,46.31633293
3,2016,Mississippi,55.6,52,-89.66521368,32.75086663
3,2016,Missouri,44.8,38.7,-92.47741016,38.36761316
3,2016,Montana,35.5,25.4,-109.6451486,47.03353642
3,2016,Nebraska,39.4,31.2,-99.81080907,41.52714896
3,2016,Nevada,41.1,36.8,-116.6552255,39.35623735
3,2016,New Hampshire,30.4,23.7,-71.57759415,43.68563175
3,2016,New Jersey,41.5,34.9,-74.66075411,40.18442736
3,2016,New Mexico,45.2,40.7,-106.1083886,34.42137076
3,2016,New York,32.2,25.7,-75.50311828,42.94039011
3,2016,North Carolina,49.7,45.6,-79.37237975,35.54153412
3,2016,North Dakota,31,18.4,-100.4693211,47.44633852
3,2016,Ohio,40,33.7,-82.7900612,40.29145221
3,2016,Oklahoma,51,45.2,-97.50829271,35.58348565
3,2016,Oregon,40.7,36.2,-120.5554134,43.93664816
3,2016,Pennsylvania,37,31.2,-77.79955956,40.87383785
3,2016,Rhode Island,38,32,-71.55361205,41.67608139
3,2016,South Carolina,54.3,50.3,-80.89613969,33.90797425
3,2016,South Dakota,35.6,25.3,-100.2305075,44.4361607
3,2016,Tennessee,48.2,44.3,-86.34338037,35.84298709
3,2016,Texas,57.8,52.9,-99.35069715,31.48446438
3,2016,Utah,38,33.9,-111.6782164,39.32379475
3,2016,Vermont,28.8,21.9,-72.66264936,44.07519583
3,2016,Virginia,45.1,40.7,-78.81225447,37.51502389
3,2016,Washington,40.4,35.8,-120.4468664,47.38096888
3,2016,West Virginia,41.7,36.9,-80.61371197,38.64259874
3,2016,Wisconsin,29.7,22.3,-90.01169426,44.63803019
3,2016,Wyoming,32.3,25.7,-107.5514541,42.99964203
4,2016,Alabama,61.6,58.9,-86.82837194,32.78983219
4,2016,Arizona,56.7,53.1,-111.6644183,34.29310987
4,2016,Arkansas,59,55.9,-92.43926766,34.89974533
4,2016,California,55.2,51.4,-119.610699,37.24607067
4,2016,Colorado,40.8,38.1,-105.5478247,38.99855182
4,2016,Connecticut,45,40.7,-72.72570604,41.62028634
4,2016,Delaware,51.4,47.4,-75.40040409,38.88701645
4,2016,Florida,70,66.6,-81.79746387,28.62843926
4,2016,Georgia,62.4,59.2,-83.44634183,32.64922907
4,2016,Idaho,42,36.8,-114.6593823,44.08908951
4,2016,Illinois,50.2,45.7,-89.19839676,40.06504091
4,2016,Indiana,49.6,45,-86.27563973,39.90814123
4,2016,Iowa,46.2,41.3,-93.50006496,42.07462688
4,2016,Kansas,53,47.9,-98.38021317,38.48470815
4,2016,Kentucky,54.6,50.3,-85.29045609,37.52666746
4,2016,Louisiana,66,62.7,-92.58566202,31.05840696
4,2016,Maine,33.2,32,-69.22664746,45.37143349
4,2016,Maryland,51.2,47.3,-76.77245461,39.0369223
4,2016,Massachusetts,43,39.4,-71.79863942,42.2533024
4,2016,Michigan,38.4,35.4,-85.43716696,44.35068131
4,2016,Minnesota,39.1,33.3,-94.30901265,46.31633293
4,2016,Mississippi,62.7,59.6,-89.66521368,32.75086663
4,2016,Missouri,53.8,49,-92.47741016,38.36761316
4,2016,Montana,41.2,35,-109.6451486,47.03353642
4,2016,Nebraska,46.9,41.8,-99.81080907,41.52714896
4,2016,Nevada,47.2,43.1,-116.6552255,39.35623735
4,2016,New Hampshire,37.7,34.8,-71.57759415,43.68563175
4,2016,New Jersey,48.8,44.3,-74.66075411,40.18442736
4,2016,New Mexico,50.3,47.4,-106.1083886,34.42137076
4,2016,New York,39.5,36.7,-75.50311828,42.94039011
4,2016,North Carolina,57.4,53.5,-79.37237975,35.54153412
4,2016,North Dakota,39,33,-100.4693211,47.44633852
4,2016,Ohio,48.4,43.9,-82.7900612,40.29145221
4,2016,Oklahoma,58,54.3,-97.50829271,35.58348565
4,2016,Oregon,45.6,41.1,-120.5554134,43.93664816
4,2016,Pennsylvania,45.2,41.4,-77.79955956,40.87383785
4,2016,Rhode Island,44.6,41,-71.55361205,41.67608139
4,2016,South Carolina,61.8,57.8,-80.89613969,33.90797425
4,2016,South Dakota,43.2,37.8,-100.2305075,44.4361607
4,2016,Tennessee,56.7,53,-86.34338037,35.84298709
4,2016,Texas,63.6,60.5,-99.35069715,31.48446438
4,2016,Utah,45,41.3,-111.6782164,39.32379475
4,2016,Vermont,35.9,33.5,-72.66264936,44.07519583
4,2016,Virginia,53.4,49.3,-78.81225447,37.51502389
4,2016,Washington,46.7,41.8,-120.4468664,47.38096888
4,2016,West Virginia,50.8,46,-80.61371197,38.64259874
4,2016,Wisconsin,39.8,35.4,-90.01169426,44.63803019
4,2016,Wyoming,38.2,34,-107.5514541,42.99964203
5,2016,Alabama,66.9,66.7,-86.82837194,32.78983219
5,2016,Arizona,61.6,60.9,-111.6644183,34.29310987
5,2016,Arkansas,64.8,64.5,-92.43926766,34.89974533
5,2016,California,60,57.3,-119.610699,37.24607067
5,2016,Colorado,47.2,47.1,-105.5478247,38.99855182
5,2016,Connecticut,52.6,51.4,-72.72570604,41.62028634
5,2016,Delaware,57.4,57.1,-75.40040409,38.88701645
5,2016,Florida,73.7,72.2,-81.79746387,28.62843926
5,2016,Georgia,67.4,67,-83.44634183,32.64922907
5,2016,Idaho,48.8,45.1,-114.6593823,44.08908951
5,2016,Illinois,57.5,56.8,-89.19839676,40.06504091
5,2016,Indiana,56.3,56,-86.27563973,39.90814123
5,2016,Iowa,54.8,53.9,-93.50006496,42.07462688
5,2016,Kansas,58.9,58.4,-98.38021317,38.48470815
5,2016,Kentucky,60.1,59.8,-85.29045609,37.52666746
5,2016,Louisiana,70.8,69.9,-92.58566202,31.05840696
5,2016,Maine,45,44.4,-69.22664746,45.37143349
5,2016,Maryland,57,57.2,-76.77245461,39.0369223
5,2016,Massachusetts,51.1,50.2,-71.79863942,42.2533024
5,2016,Michigan,48.1,47.7,-85.43716696,44.35068131
5,2016,Minnesota,49.6,47.8,-94.30901265,46.31633293
5,2016,Mississippi,67.8,67.4,-89.66521368,32.75086663
5,2016,Missouri,60,59.4,-92.47741016,38.36761316
5,2016,Montana,48,45.5,-109.6451486,47.03353642
5,2016,Nebraska,53.6,53.1,-99.81080907,41.52714896
5,2016,Nevada,52.6,50.8,-116.6552255,39.35623735
5,2016,New Hampshire,47.5,46.7,-71.57759415,43.68563175
5,2016,New Jersey,55.4,54.5,-74.66075411,40.18442736
5,2016,New Mexico,55.8,55.7,-106.1083886,34.42137076
5,2016,New York,48.5,48.6,-75.50311828,42.94039011
5,2016,North Carolina,62.2,62.1,-79.37237975,35.54153412
5,2016,North Dakota,49.2,47.5,-100.4693211,47.44633852
5,2016,Ohio,55,54.7,-82.7900612,40.29145221
5,2016,Oklahoma,63.8,63.7,-97.50829271,35.58348565
5,2016,Oregon,51.6,47.2,-120.5554134,43.93664816
5,2016,Pennsylvania,52.2,52.2,-77.79955956,40.87383785
5,2016,Rhode Island,52,50.8,-71.55361205,41.67608139
5,2016,South Carolina,66.6,66.1,-80.89613969,33.90797425
5,2016,South Dakota,51.5,50.4,-100.2305075,44.4361607
5,2016,Tennessee,62.4,61.9,-86.34338037,35.84298709
5,2016,Texas,68.8,68.6,-99.35069715,31.48446438
5,2016,Utah,51.2,50.1,-111.6782164,39.32379475
5,2016,Vermont,46.1,46,-72.66264936,44.07519583
5,2016,Virginia,58.5,58.6,-78.81225447,37.51502389
5,2016,Washington,53.4,48.5,-120.4468664,47.38096888
5,2016,West Virginia,56.2,55.6,-80.61371197,38.64259874
5,2016,Wisconsin,49.5,48.6,-90.01169426,44.63803019
5,2016,Wyoming,44.8,43.6,-107.5514541,42.99964203
6,2016,Alabama,74.7,74.1,-86.82837194,32.78983219
6,2016,Arizona,72.4,69.7,-111.6644183,34.29310987
6,2016,Arkansas,73,72.5,-92.43926766,34.89974533
6,2016,California,67.8,64.4,-119.610699,37.24607067
6,2016,Colorado,58.6,56.5,-105.5478247,38.99855182
6,2016,Connecticut,62.9,61.1,-72.72570604,41.62028634
6,2016,Delaware,67,66.4,-75.40040409,38.88701645
6,2016,Florida,79,77.2,-81.79746387,28.62843926
6,2016,Georgia,75.2,74.1,-83.44634183,32.64922907
6,2016,Idaho,55.9,53,-114.6593823,44.08908951
6,2016,Illinois,68.4,66.8,-89.19839676,40.06504091
6,2016,Indiana,66.8,66,-86.27563973,39.90814123
6,2016,Iowa,66.2,64.4,-93.50006496,42.07462688
6,2016,Kansas,69.6,68.4,-98.38021317,38.48470815
6,2016,Kentucky,68.9,68.5,-85.29045609,37.52666746
6,2016,Louisiana,77.1,76.6,-92.58566202,31.05840696
6,2016,Maine,56.6,55.1,-69.22664746,45.37143349
6,2016,Maryland,66.6,66.5,-76.77245461,39.0369223
6,2016,Massachusetts,61.6,60,-71.79863942,42.2533024
6,2016,Michigan,60,58.4,-85.43716696,44.35068131
6,2016,Minnesota,61.2,59,-94.30901265,46.31633293
6,2016,Mississippi,75.4,74.9,-89.66521368,32.75086663
6,2016,Missouri,69.8,68.6,-92.47741016,38.36761316
6,2016,Montana,56.7,54.3,-109.6451486,47.03353642
6,2016,Nebraska,65.2,63.3,-99.81080907,41.52714896
6,2016,Nevada,62.4,59.4,-116.6552255,39.35623735
6,2016,New Hampshire,58.7,57.1,-71.57759415,43.68563175
6,2016,New Jersey,65.4,64.2,-74.66075411,40.18442736
6,2016,New Mexico,66.2,64.7,-106.1083886,34.42137076
6,2016,New York,59.9,59,-75.50311828,42.94039011
6,2016,North Carolina,70.6,70,-79.37237975,35.54153412
6,2016,North Dakota,61.3,58.3,-100.4693211,47.44633852
6,2016,Ohio,65.4,64.4,-82.7900612,40.29145221
6,2016,Oklahoma,72.7,72.5,-97.50829271,35.58348565
6,2016,Oregon,56.8,53.8,-120.5554134,43.93664816
6,2016,Pennsylvania,62.4,61.8,-77.79955956,40.87383785
6,2016,Rhode Island,62.4,60.4,-71.55361205,41.67608139
6,2016,South Carolina,74.9,73.6,-80.89613969,33.90797425
6,2016,South Dakota,63.7,60.9,-100.2305075,44.4361607
6,2016,Tennessee,70.9,70,-86.34338037,35.84298709
6,2016,Texas,75.8,76,-99.35069715,31.48446438
6,2016,Utah,62.6,59.3,-111.6782164,39.32379475
6,2016,Vermont,58,56.6,-72.66264936,44.07519583
6,2016,Virginia,66.9,67.1,-78.81225447,37.51502389
6,2016,Washington,57.5,54.8,-120.4468664,47.38096888
6,2016,West Virginia,64.5,64.3,-80.61371197,38.64259874
6,2016,Wisconsin,61,59.4,-90.01169426,44.63803019
6,2016,Wyoming,55.8,53,-107.5514541,42.99964203
7,2016,Alabama,80.6,78.7,-86.82837194,32.78983219
7,2016,Arizona,81.4,77.1,-111.6644183,34.29310987
7,2016,Arkansas,80.4,78.4,-92.43926766,34.89974533
7,2016,California,75.2,71.5,-119.610699,37.24607067
7,2016,Colorado,67.8,64.2,-105.5478247,38.99855182
7,2016,Connecticut,70.8,68.1,-72.72570604,41.62028634
7,2016,Delaware,76,73.1,-75.40040409,38.88701645
7,2016,Florida,82.9,80.2,-81.79746387,28.62843926
7,2016,Georgia,81.2,78.5,-83.44634183,32.64922907
7,2016,Idaho,63,60.9,-114.6593823,44.08908951
7,2016,Illinois,75.2,73.5,-89.19839676,40.06504091
7,2016,Indiana,73.8,72.5,-86.27563973,39.90814123
7,2016,Iowa,72.9,71.5,-93.50006496,42.07462688
7,2016,Kansas,78.6,76.1,-98.38021317,38.48470815
7,2016,Kentucky,76.4,74.4,-85.29045609,37.52666746
7,2016,Louisiana,82.3,80.8,-92.58566202,31.05840696
7,2016,Maine,63.8,62.6,-69.22664746,45.37143349
7,2016,Maryland,75.3,72.9,-76.77245461,39.0369223
7,2016,Massachusetts,69.4,67.1,-71.79863942,42.2533024
7,2016,Michigan,67.5,65.7,-85.43716696,44.35068131
7,2016,Minnesota,67.4,66.2,-94.30901265,46.31633293
7,2016,Mississippi,81.3,79.6,-89.66521368,32.75086663
7,2016,Missouri,77.5,75.3,-92.47741016,38.36761316
7,2016,Montana,64.2,62,-109.6451486,47.03353642
7,2016,Nebraska,73.8,71.5,-99.81080907,41.52714896
7,2016,Nevada,71.7,68,-116.6552255,39.35623735
7,2016,New Hampshire,65.6,64.1,-71.57759415,43.68563175
7,2016,New Jersey,73.9,71,-74.66075411,40.18442736
7,2016,New Mexico,74.9,70.9,-106.1083886,34.42137076
7,2016,New York,67.2,65.8,-75.50311828,42.94039011
7,2016,North Carolina,77.7,75.2,-79.37237975,35.54153412
7,2016,North Dakota,67.6,65.9,-100.4693211,47.44633852
7,2016,Ohio,73,70.9,-82.7900612,40.29145221
7,2016,Oklahoma,81.2,79.3,-97.50829271,35.58348565
7,2016,Oregon,62.4,60.9,-120.5554134,43.93664816
7,2016,Pennsylvania,70.2,68.2,-77.79955956,40.87383785
7,2016,Rhode Island,70.4,67.6,-71.55361205,41.67608139
7,2016,South Carolina,81.8,78.5,-80.89613969,33.90797425
7,2016,South Dakota,71.8,69.1,-100.2305075,44.4361607
7,2016,Tennessee,78.2,75.5,-86.34338037,35.84298709
7,2016,Texas,82.8,81,-99.35069715,31.48446438
7,2016,Utah,72.3,67.8,-111.6782164,39.32379475
7,2016,Vermont,64.7,63.5,-72.66264936,44.07519583
7,2016,Virginia,74.6,72.8,-78.81225447,37.51502389
7,2016,Washington,61.8,60.9,-120.4468664,47.38096888
7,2016,West Virginia,71.6,70,-80.61371197,38.64259874
7,2016,Wisconsin,67.9,66.6,-90.01169426,44.63803019
7,2016,Wyoming,65.3,61.4,-107.5514541,42.99964203
8,2016,Alabama,81.8,79.6,-86.82837194,32.78983219
8,2016,Arizona,79.9,78.7,-111.6644183,34.29310987
8,2016,Arkansas,81,79.8,-92.43926766,34.89974533
8,2016,California,76.5,74.2,-119.610699,37.24607067
8,2016,Colorado,66.8,66.1,-105.5478247,38.99855182
8,2016,Connecticut,74,69.6,-72.72570604,41.62028634
8,2016,Delaware,79.1,74.6,-75.40040409,38.88701645
8,2016,Florida,83.5,81,-81.79746387,28.62843926
8,2016,Georgia,82.2,79.4,-83.44634183,32.64922907
8,2016,Idaho,64.8,64.4,-114.6593823,44.08908951
8,2016,Illinois,75.6,74.4,-89.19839676,40.06504091
8,2016,Indiana,75.1,73.4,-86.27563973,39.90814123
8,2016,Iowa,72.4,72.6,-93.50006496,42.07462688
8,2016,Kansas,78,78,-98.38021317,38.48470815
8,2016,Kentucky,77.9,75.5,-85.29045609,37.52666746
8,2016,Louisiana,83,81.7,-92.58566202,31.05840696
8,2016,Maine,66.8,64.2,-69.22664746,45.37143349
8,2016,Maryland,78.2,74.2,-76.77245461,39.0369223
8,2016,Massachusetts,72.6,68.7,-71.79863942,42.2533024
8,2016,Michigan,70.6,67,-85.43716696,44.35068131
8,2016,Minnesota,68.7,67.5,-94.30901265,46.31633293
8,2016,Mississippi,82.2,80.5,-89.66521368,32.75086663
8,2016,Missouri,77.4,76.8,-92.47741016,38.36761316
8,2016,Montana,65.2,64.9,-109.6451486,47.03353642
8,2016,Nebraska,73,73.4,-99.81080907,41.52714896
8,2016,Nevada,72.9,71.1,-116.6552255,39.35623735
8,2016,New Hampshire,68.4,65.3,-71.57759415,43.68563175
8,2016,New Jersey,77,72.5,-74.66075411,40.18442736
8,2016,New Mexico,73.5,71.8,-106.1083886,34.42137076
8,2016,New York,70.6,67.1,-75.50311828,42.94039011
8,2016,North Carolina,79.6,76.2,-79.37237975,35.54153412
8,2016,North Dakota,68.6,67.9,-100.4693211,47.44633852
8,2016,Ohio,75.4,71.9,-82.7900612,40.29145221
8,2016,Oklahoma,82,81.3,-97.50829271,35.58348565
8,2016,Oregon,65.6,64.4,-120.5554134,43.93664816
8,2016,Pennsylvania,73.2,69.4,-77.79955956,40.87383785
8,2016,Rhode Island,73.9,69.5,-71.55361205,41.67608139
8,2016,South Carolina,82.8,79.3,-80.89613969,33.90797425
8,2016,South Dakota,72,71.5,-100.2305075,44.4361607
8,2016,Tennessee,79.4,76.6,-86.34338037,35.84298709
8,2016,Texas,83.4,82,-99.35069715,31.48446438
8,2016,Utah,71.9,70.5,-111.6782164,39.32379475
8,2016,Vermont,67.4,64.6,-72.66264936,44.07519583
8,2016,Virginia,77.2,74,-78.81225447,37.51502389
8,2016,Washington,64.8,63.8,-120.4468664,47.38096888
8,2016,West Virginia,74.4,71.1,-80.61371197,38.64259874
8,2016,Wisconsin,69.7,67.7,-90.01169426,44.63803019
8,2016,Wyoming,65.2,64.4,-107.5514541,42.99964203
9,2016,Alabama,80.1,77,-86.82837194,32.78983219
9,2016,Arizona,74.6,75,-111.6644183,34.29310987
9,2016,Arkansas,77.9,76.1,-92.43926766,34.89974533
9,2016,California,72.8,71.1,-119.610699,37.24607067
9,2016,Colorado,62.1,61.3,-105.5478247,38.99855182
9,2016,Connecticut,70,65,-72.72570604,41.62028634
9,2016,Delaware,75.3,70.6,-75.40040409,38.88701645
9,2016,Florida,82,80,-81.79746387,28.62843926
9,2016,Georgia,79.6,76.8,-83.44634183,32.64922907
9,2016,Idaho,59.6,59.1,-114.6593823,44.08908951
9,2016,Illinois,73.2,69.8,-89.19839676,40.06504091
9,2016,Indiana,72.8,69,-86.27563973,39.90814123
9,2016,Iowa,69.6,67.1,-93.50006496,42.07462688
9,2016,Kansas,73.6,72.9,-98.38021317,38.48470815
9,2016,Kentucky,75.1,71.7,-85.29045609,37.52666746
9,2016,Louisiana,81.3,79.4,-92.58566202,31.05840696
9,2016,Maine,62.8,58.9,-69.22664746,45.37143349
9,2016,Maryland,74.8,70.2,-76.77245461,39.0369223
9,2016,Massachusetts,68.6,64,-71.79863942,42.2533024
9,2016,Michigan,67.2,62.2,-85.43716696,44.35068131
9,2016,Minnesota,64.4,61.5,-94.30901265,46.31633293
9,2016,Mississippi,80.5,77.7,-89.66521368,32.75086663
9,2016,Missouri,74.2,72.1,-92.47741016,38.36761316
9,2016,Montana,59.6,58.9,-109.6451486,47.03353642
9,2016,Nebraska,68.4,67.6,-99.81080907,41.52714896
9,2016,Nevada,67.2,65.9,-116.6552255,39.35623735
9,2016,New Hampshire,64.4,60.4,-71.57759415,43.68563175
9,2016,New Jersey,73.3,68.3,-74.66075411,40.18442736
9,2016,New Mexico,68,67.7,-106.1083886,34.42137076
9,2016,New York,66.9,62.5,-75.50311828,42.94039011
9,2016,North Carolina,76.8,73,-79.37237975,35.54153412
9,2016,North Dakota,63.3,61.6,-100.4693211,47.44633852
9,2016,Ohio,72.6,67.7,-82.7900612,40.29145221
9,2016,Oklahoma,78,76.9,-97.50829271,35.58348565
9,2016,Oregon,61.9,60.6,-120.5554134,43.93664816
9,2016,Pennsylvania,69.8,65,-77.79955956,40.87383785
9,2016,Rhode Island,70.2,65.3,-71.55361205,41.67608139
9,2016,South Carolina,79.5,76.2,-80.89613969,33.90797425
9,2016,South Dakota,66.7,65.3,-100.2305075,44.4361607
9,2016,Tennessee,76.6,73.1,-86.34338037,35.84298709
9,2016,Texas,79.6,78.9,-99.35069715,31.48446438
9,2016,Utah,65.6,65,-111.6782164,39.32379475
9,2016,Vermont,63.7,59.7,-72.66264936,44.07519583
9,2016,Virginia,74.4,70.1,-78.81225447,37.51502389
9,2016,Washington,61.2,60.3,-120.4468664,47.38096888
9,2016,West Virginia,72.2,67.3,-80.61371197,38.64259874
9,2016,Wisconsin,66,62.2,-90.01169426,44.63803019
9,2016,Wyoming,59.4,58.4,-107.5514541,42.99964203
10,2016,Alabama,73.6,69.3,-86.82837194,32.78983219
10,2016,Arizona,68.8,66.5,-111.6644183,34.29310987
10,2016,Arkansas,71.4,67.3,-92.43926766,34.89974533
10,2016,California,65,64,-119.610699,37.24607067
10,2016,Colorado,55.8,52,-105.5478247,38.99855182
10,2016,Connecticut,59.8,56.2,-72.72570604,41.62028634
10,2016,Delaware,66.2,61.9,-75.40040409,38.88701645
10,2016,Florida,77.8,75.6,-81.79746387,28.62843926
10,2016,Georgia,72.6,69.3,-83.44634183,32.64922907
10,2016,Idaho,50.2,49.5,-114.6593823,44.08908951
10,2016,Illinois,65.4,60.5,-89.19839676,40.06504091
10,2016,Indiana,64.7,59.8,-86.27563973,39.90814123
10,2016,Iowa,61.3,57.2,-93.50006496,42.07462688
10,2016,Kansas,66.2,62.6,-98.38021317,38.48470815
10,2016,Kentucky,67.4,62.8,-85.29045609,37.52666746
10,2016,Louisiana,75.8,72.3,-92.58566202,31.05840696
10,2016,Maine,53,49.6,-69.22664746,45.37143349
10,2016,Maryland,65.4,61.4,-76.77245461,39.0369223
10,2016,Massachusetts,58.4,55.2,-71.79863942,42.2533024
10,2016,Michigan,57.6,53,-85.43716696,44.35068131
10,2016,Minnesota,54.4,50.9,-94.30901265,46.31633293
10,2016,Mississippi,74.1,69.8,-89.66521368,32.75086663
10,2016,Missouri,66.9,62.6,-92.47741016,38.36761316
10,2016,Montana,49.6,48.6,-109.6451486,47.03353642
10,2016,Nebraska,60.2,56.8,-99.81080907,41.52714896
10,2016,Nevada,57.8,56.3,-116.6552255,39.35623735
10,2016,New Hampshire,54.2,51.1,-71.57759415,43.68563175
10,2016,New Jersey,63.2,59.5,-74.66075411,40.18442736
10,2016,New Mexico,62.8,59.3,-106.1083886,34.42137076
10,2016,New York,56.7,53.5,-75.50311828,42.94039011
10,2016,North Carolina,68.8,65,-79.37237975,35.54153412
10,2016,North Dakota,52.4,50.2,-100.4693211,47.44633852
10,2016,Ohio,63.4,58.6,-82.7900612,40.29145221
10,2016,Oklahoma,71.2,67.4,-97.50829271,35.58348565
10,2016,Oregon,52.6,52.7,-120.5554134,43.93664816
10,2016,Pennsylvania,59.9,56.2,-77.79955956,40.87383785
10,2016,Rhode Island,60.6,57,-71.55361205,41.67608139
10,2016,South Carolina,71.8,68.5,-80.89613969,33.90797425
10,2016,South Dakota,57,54,-100.2305075,44.4361607
10,2016,Tennessee,69.4,64.5,-86.34338037,35.84298709
10,2016,Texas,74.2,70.9,-99.35069715,31.48446438
10,2016,Utah,57.2,54.8,-111.6782164,39.32379475
10,2016,Vermont,53.8,50.6,-72.66264936,44.07519583
10,2016,Virginia,65.8,61.6,-78.81225447,37.51502389
10,2016,Washington,51.9,52.1,-120.4468664,47.38096888
10,2016,West Virginia,63.4,58.9,-80.61371197,38.64259874
10,2016,Wisconsin,56.5,52.4,-90.01169426,44.63803019
10,2016,Wyoming,51,48.1,-107.5514541,42.99964203
11,2016,Alabama,63.2,58.7,-86.82837194,32.78983219
11,2016,Arizona,59.6,55.1,-111.6644183,34.29310987
11,2016,Arkansas,61.4,55.9,-92.43926766,34.89974533
11,2016,California,56.6,54.5,-119.610699,37.24607067
11,2016,Colorado,46,40,-105.5478247,38.99855182
11,2016,Connecticut,48.5,45.6,-72.72570604,41.62028634
11,2016,Delaware,54.6,51,-75.40040409,38.88701645
11,2016,Florida,70.6,68.3,-81.79746387,28.62843926
11,2016,Georgia,62.9,59.2,-83.44634183,32.64922907
11,2016,Idaho,42.2,37.9,-114.6593823,44.08908951
11,2016,Illinois,54,47.7,-89.19839676,40.06504091
11,2016,Indiana,53.2,47.4,-86.27563973,39.90814123
11,2016,Iowa,50.2,43.6,-93.50006496,42.07462688
11,2016,Kansas,55.7,49.3,-98.38021317,38.48470815
11,2016,Kentucky,56.3,51.1,-85.29045609,37.52666746
11,2016,Louisiana,66.9,62.4,-92.58566202,31.05840696
11,2016,Maine,42,38.2,-69.22664746,45.37143349
11,2016,Maryland,53.6,50.4,-76.77245461,39.0369223
11,2016,Massachusetts,47.2,44.6,-71.79863942,42.2533024
11,2016,Michigan,47.1,41,-85.43716696,44.35068131
11,2016,Minnesota,44.2,36.5,-94.30901265,46.31633293
11,2016,Mississippi,63.7,59.1,-89.66521368,32.75086663
11,2016,Missouri,56.6,50.4,-92.47741016,38.36761316
11,2016,Montana,41.7,36.4,-109.6451486,47.03353642
11,2016,Nebraska,49.8,43.3,-99.81080907,41.52714896
11,2016,Nevada,48.2,44.8,-116.6552255,39.35623735
11,2016,New Hampshire,43,40,-71.57759415,43.68563175
11,2016,New Jersey,51.7,48.6,-74.66075411,40.18442736
11,2016,New Mexico,53.2,48.1,-106.1083886,34.42137076
11,2016,New York,45.4,42.2,-75.50311828,42.94039011
11,2016,North Carolina,57.4,54.4,-79.37237975,35.54153412
11,2016,North Dakota,42.7,35.2,-100.4693211,47.44633852
11,2016,Ohio,51.8,46.9,-82.7900612,40.29145221
11,2016,Oklahoma,61.2,55,-97.50829271,35.58348565
11,2016,Oregon,45.6,42.8,-120.5554134,43.93664816
11,2016,Pennsylvania,48.1,45,-77.79955956,40.87383785
11,2016,Rhode Island,50,46.7,-71.55361205,41.67608139
11,2016,South Carolina,61,58.1,-80.89613969,33.90797425
11,2016,South Dakota,46.8,39.8,-100.2305075,44.4361607
11,2016,Tennessee,58.6,53,-86.34338037,35.84298709
11,2016,Texas,65.9,60.3,-99.35069715,31.48446438
11,2016,Utah,47.4,42.4,-111.6782164,39.32379475
11,2016,Vermont,42.2,39.1,-72.66264936,44.07519583
11,2016,Virginia,54,50.8,-78.81225447,37.51502389
11,2016,Washington,45.2,41.9,-120.4468664,47.38096888
11,2016,West Virginia,51.4,47.6,-80.61371197,38.64259874
11,2016,Wisconsin,46,39.2,-90.01169426,44.63803019
11,2016,Wyoming,41.8,35.8,-107.5514541,42.99964203
12,2016,Alabama,53.9,49.9,-86.82837194,32.78983219
12,2016,Arizona,48.9,45.3,-111.6644183,34.29310987
12,2016,Arkansas,49.1,45.7,-92.43926766,34.89974533
12,2016,California,48.1,46.3,-119.610699,37.24607067
12,2016,Colorado,32.7,29.4,-105.5478247,38.99855182
12,2016,Connecticut,38,34.7,-72.72570604,41.62028634
12,2016,Delaware,44.1,40.9,-75.40040409,38.88701645
12,2016,Florida,66.2,61.5,-81.79746387,28.62843926
12,2016,Georgia,55,50.6,-83.44634183,32.64922907
12,2016,Idaho,28.9,27.8,-114.6593823,44.08908951
12,2016,Illinois,38.5,35.1,-89.19839676,40.06504091
12,2016,Indiana,38.4,35.7,-86.27563973,39.90814123
12,2016,Iowa,34,29.2,-93.50006496,42.07462688
12,2016,Kansas,39.8,36.7,-98.38021317,38.48470815
12,2016,Kentucky,43.4,40.7,-85.29045609,37.52666746
12,2016,Louisiana,58.6,54.2,-92.58566202,31.05840696
12,2016,Maine,28.8,25.4,-69.22664746,45.37143349
12,2016,Maryland,42.8,40,-76.77245461,39.0369223
12,2016,Massachusetts,36.6,33.7,-71.79863942,42.2533024
12,2016,Michigan,33.8,28.9,-85.43716696,44.35068131
12,2016,Minnesota,27.8,20.5,-94.30901265,46.31633293
12,2016,Mississippi,53.8,50.3,-89.66521368,32.75086663
12,2016,Missouri,41.7,38.3,-92.47741016,38.36761316
12,2016,Montana,26.6,25,-109.6451486,47.03353642
12,2016,Nebraska,34,30.5,-99.81080907,41.52714896
12,2016,Nevada,36.8,35,-116.6552255,39.35623735
12,2016,New Hampshire,31.2,28,-71.57759415,43.68563175
12,2016,New Jersey,41.5,38.1,-74.66075411,40.18442736
12,2016,New Mexico,42.2,38.2,-106.1083886,34.42137076
12,2016,New York,33.9,30.4,-75.50311828,42.94039011
12,2016,North Carolina,47.8,45.3,-79.37237975,35.54153412
12,2016,North Dakota,24.8,19.6,-100.4693211,47.44633852
12,2016,Ohio,38.4,35.6,-82.7900612,40.29145221
12,2016,Oklahoma,47.1,43.7,-97.50829271,35.58348565
12,2016,Oregon,35.3,34.7,-120.5554134,43.93664816
12,2016,Pennsylvania,36.9,34.1,-77.79955956,40.87383785
12,2016,Rhode Island,39.7,36.2,-71.55361205,41.67608139
12,2016,South Carolina,52.3,49.4,-80.89613969,33.90797425
12,2016,South Dakota,28.7,25.7,-100.2305075,44.4361607
12,2016,Tennessee,46.8,43.3,-86.34338037,35.84298709
12,2016,Texas,55.3,50.8,-99.35069715,31.48446438
12,2016,Utah,34.5,31.5,-111.6782164,39.32379475
12,2016,Vermont,30.4,26.8,-72.66264936,44.07519583
12,2016,Virginia,43.7,41.1,-78.81225447,37.51502389
12,2016,Washington,34.6,33.7,-120.4468664,47.38096888
12,2016,West Virginia,40.6,37.6,-80.61371197,38.64259874
12,2016,Wisconsin,30.8,24.9,-90.01169426,44.63803019
12,2016,Wyoming,27,24.9,-107.5514541,42.99964203
1,2017,Alabama,51.2,45.8,-86.82837194,32.78983219
1,2017,Arizona,43.5,41.1,-111.6644183,34.29310987
1,2017,Arkansas,43.8,40.4,-92.43926766,34.89974533
1,2017,California,42.8,42.7,-119.610699,37.24607067
1,2017,Colorado,25.2,24.4,-105.5478247,38.99855182
1,2017,Connecticut,32.6,27.3,-72.72570604,41.62028634
1,2017,Delaware,39.2,34.8,-75.40040409,38.88701645
1,2017,Florida,64.4,58.3,-81.79746387,28.62843926
1,2017,Georgia,52.6,46.6,-83.44634183,32.64922907
1,2017,Idaho,18.8,23,-114.6593823,44.08908951
1,2017,Illinois,30.5,27.4,-89.19839676,40.06504091
1,2017,Indiana,31.8,28.5,-86.27563973,39.90814123
1,2017,Iowa,23.6,20.3,-93.50006496,42.07462688
1,2017,Kansas,31.4,30.1,-98.38021317,38.48470815
1,2017,Kentucky,39,35,-85.29045609,37.52666746
1,2017,Louisiana,55.8,50.2,-92.58566202,31.05840696
1,2017,Maine,21,15.9,-69.22664746,45.37143349
1,2017,Maryland,38.2,34,-76.77245461,39.0369223
1,2017,Massachusetts,31.2,26.1,-71.79863942,42.2533024
1,2017,Michigan,25.1,20.7,-85.43716696,44.35068131
1,2017,Minnesota,15,9.8,-94.30901265,46.31633293
1,2017,Mississippi,51.2,46.1,-89.66521368,32.75086663
1,2017,Missouri,33.9,31.3,-92.47741016,38.36761316
1,2017,Montana,14.7,18.7,-109.6451486,47.03353642
1,2017,Nebraska,24.3,23.7,-99.81080907,41.52714896
1,2017,Nevada,29.8,30.5,-116.6552255,39.35623735
1,2017,New Hampshire,25,19.4,-71.57759415,43.68563175
1,2017,New Jersey,36.2,31.3,-74.66075411,40.18442736
1,2017,New Mexico,37.5,34,-106.1083886,34.42137076
1,2017,New York,27.8,22.3,-75.50311828,42.94039011
1,2017,North Carolina,44.7,40.8,-79.37237975,35.54153412
1,2017,North Dakota,10.7,9.6,-100.4693211,47.44633852
1,2017,Ohio,32.8,28.7,-82.7900612,40.29145221
1,2017,Oklahoma,39.8,37.7,-97.50829271,35.58348565
1,2017,Oregon,27,31,-120.5554134,43.93664816
1,2017,Pennsylvania,31.5,27.1,-77.79955956,40.87383785
1,2017,Rhode Island,34.2,29.1,-71.55361205,41.67608139
1,2017,South Carolina,50.2,45.1,-80.89613969,33.90797425
1,2017,South Dakota,16,17.5,-100.2305075,44.4361607
1,2017,Tennessee,42.9,38.3,-86.34338037,35.84298709
1,2017,Texas,50.2,46.2,-99.35069715,31.48446438
1,2017,Utah,26.6,26.1,-111.6782164,39.32379475
1,2017,Vermont,24.4,17.8,-72.66264936,44.07519583
1,2017,Virginia,39.6,35.8,-78.81225447,37.51502389
1,2017,Washington,25.4,29.5,-120.4468664,47.38096888
1,2017,West Virginia,36.6,31.9,-80.61371197,38.64259874
1,2017,Wisconsin,19.6,15.3,-90.01169426,44.63803019
1,2017,Wyoming,16.8,19.6,-107.5514541,42.99964203
2,2017,Alabama,54,46.6,-86.82837194,32.78983219
2,2017,Arizona,45.8,42.6,-111.6644183,34.29310987
2,2017,Arkansas,48.8,41.1,-92.43926766,34.89974533
2,2017,California,44.8,43.9,-119.610699,37.24607067
2,2017,Colorado,30.4,25.6,-105.5478247,38.99855182
2,2017,Connecticut,33.6,25.8,-72.72570604,41.62028634
2,2017,Delaware,41.8,33.9,-75.40040409,38.88701645
2,2017,Florida,64.2,58.6,-81.79746387,28.62843926
2,2017,Georgia,54.8,47.3,-83.44634183,32.64922907
2,2017,Idaho,24,24.2,-114.6593823,44.08908951
2,2017,Illinois,36.6,27.3,-89.19839676,40.06504091
2,2017,Indiana,37.6,28,-86.27563973,39.90814123
2,2017,Iowa,29.4,20.3,-93.50006496,42.07462688
2,2017,Kansas,38,31.1,-98.38021317,38.48470815
2,2017,Kentucky,43.6,35.1,-85.29045609,37.52666746
2,2017,Louisiana,59.2,50.8,-92.58566202,31.05840696
2,2017,Maine,21,14,-69.22664746,45.37143349
2,2017,Maryland,41,33.1,-76.77245461,39.0369223
2,2017,Massachusetts,32.2,24.5,-71.79863942,42.2533024
2,2017,Michigan,27.6,18.7,-85.43716696,44.35068131
2,2017,Minnesota,19.2,9.2,-94.30901265,46.31633293
2,2017,Mississippi,55,46.7,-89.66521368,32.75086663
2,2017,Missouri,40.2,31.5,-92.47741016,38.36761316
2,2017,Montana,20.3,19,-109.6451486,47.03353642
2,2017,Nebraska,30.1,24.4,-99.81080907,41.52714896
2,2017,Nevada,33.6,32,-116.6552255,39.35623735
2,2017,New Hampshire,26.2,17.8,-71.57759415,43.68563175
2,2017,New Jersey,38.3,30.1,-74.66075411,40.18442736
2,2017,New Mexico,40.8,35.7,-106.1083886,34.42137076
2,2017,New York,29.2,20.2,-75.50311828,42.94039011
2,2017,North Carolina,48,40.9,-79.37237975,35.54153412
2,2017,North Dakota,15.8,9.1,-100.4693211,47.44633852
2,2017,Ohio,37.6,28,-82.7900612,40.29145221
2,2017,Oklahoma,45.7,38.9,-97.50829271,35.58348565
2,2017,Oregon,30.8,32.2,-120.5554134,43.93664816
2,2017,Pennsylvania,34.2,25.9,-77.79955956,40.87383785
2,2017,Rhode Island,34.7,27.5,-71.55361205,41.67608139
2,2017,South Carolina,53.4,45.7,-80.89613969,33.90797425
2,2017,South Dakota,23,17.5,-100.2305075,44.4361607
2,2017,Tennessee,46.9,38.7,-86.34338037,35.84298709
2,2017,Texas,54.6,47.4,-99.35069715,31.48446438
2,2017,Utah,31.2,27.8,-111.6782164,39.32379475
2,2017,Vermont,25.2,15.9,-72.66264936,44.07519583
2,2017,Virginia,43,35.7,-78.81225447,37.51502389
2,2017,Washington,27.9,30.7,-120.4468664,47.38096888
2,2017,West Virginia,39.8,31.6,-80.61371197,38.64259874
2,2017,Wisconsin,23.6,14.4,-90.01169426,44.63803019
2,2017,Wyoming,22.2,20.3,-107.5514541,42.99964203
3,2017,Alabama,57,51.6,-86.82837194,32.78983219
3,2017,Arizona,53,47.1,-111.6644183,34.29310987
3,2017,Arkansas,54.1,47.2,-92.43926766,34.89974533
3,2017,California,50.4,47.1,-119.610699,37.24607067
3,2017,Colorado,39,30.6,-105.5478247,38.99855182
3,2017,Connecticut,34,30.9,-72.72570604,41.62028634
3,2017,Delaware,44.1,38.5,-75.40040409,38.88701645
3,2017,Florida,65.8,61.7,-81.79746387,28.62843926
3,2017,Georgia,57.2,51.9,-83.44634183,32.64922907
3,2017,Idaho,34,29.5,-114.6593823,44.08908951
3,2017,Illinois,42.2,34.6,-89.19839676,40.06504091
3,2017,Indiana,42,34.5,-86.27563973,39.90814123
3,2017,Iowa,36,28.7,-93.50006496,42.07462688
3,2017,Kansas,46,38,-98.38021317,38.48470815
3,2017,Kentucky,47,40.9,-85.29045609,37.52666746
3,2017,Louisiana,63,55.7,-92.58566202,31.05840696
3,2017,Maine,21.4,20.4,-69.22664746,45.37143349
3,2017,Maryland,43.4,38.1,-76.77245461,39.0369223
3,2017,Massachusetts,32.2,29.6,-71.79863942,42.2533024
3,2017,Michigan,30.3,24.1,-85.43716696,44.35068131
3,2017,Minnesota,26,18.6,-94.30901265,46.31633293
3,2017,Mississippi,58.6,52,-89.66521368,32.75086663
3,2017,Missouri,46.8,38.7,-92.47741016,38.36761316
3,2017,Montana,30.6,25.4,-109.6451486,47.03353642
3,2017,Nebraska,38.8,31.3,-99.81080907,41.52714896
3,2017,Nevada,41.9,36.8,-116.6552255,39.35623735
3,2017,New Hampshire,26,23.7,-71.57759415,43.68563175
3,2017,New Jersey,39.6,34.9,-74.66075411,40.18442736
3,2017,New Mexico,47.8,40.6,-106.1083886,34.42137076
3,2017,New York,29.4,25.7,-75.50311828,42.94039011
3,2017,North Carolina,50.4,45.7,-79.37237975,35.54153412
3,2017,North Dakota,24,18.4,-100.4693211,47.44633852
3,2017,Ohio,40.4,33.7,-82.7900612,40.29145221
3,2017,Oklahoma,53.4,45.3,-97.50829271,35.58348565
3,2017,Oregon,38.2,36.2,-120.5554134,43.93664816
3,2017,Pennsylvania,36,31.2,-77.79955956,40.87383785
3,2017,Rhode Island,34.6,31.9,-71.55361205,41.67608139
3,2017,South Carolina,55.5,50.3,-80.89613969,33.90797425
3,2017,South Dakota,32.4,25.3,-100.2305075,44.4361607
3,2017,Tennessee,50,44.3,-86.34338037,35.84298709
3,2017,Texas,61,52.9,-99.35069715,31.48446438
3,2017,Utah,40.9,33.8,-111.6782164,39.32379475
3,2017,Vermont,24.6,21.9,-72.66264936,44.07519583
3,2017,Virginia,46,40.7,-78.81225447,37.51502389
3,2017,Washington,35.2,35.9,-120.4468664,47.38096888
3,2017,West Virginia,42.2,36.9,-80.61371197,38.64259874
3,2017,Wisconsin,29,22.3,-90.01169426,44.63803019
3,2017,Wyoming,33.1,25.7,-107.5514541,42.99964203
4,2017,Alabama,62.8,59,-86.82837194,32.78983219
4,2017,Arizona,58.2,53.1,-111.6644183,34.29310987
4,2017,Arkansas,59.9,55.8,-92.43926766,34.89974533
4,2017,California,54.5,51.4,-119.610699,37.24607067
4,2017,Colorado,43.4,38.1,-105.5478247,38.99855182
4,2017,Connecticut,42.6,40.7,-72.72570604,41.62028634
4,2017,Delaware,51.7,47.4,-75.40040409,38.88701645
4,2017,Florida,69.2,66.6,-81.79746387,28.62843926
4,2017,Georgia,62.8,59.2,-83.44634183,32.64922907
4,2017,Idaho,39.4,36.8,-114.6593823,44.08908951
4,2017,Illinois,49.8,45.6,-89.19839676,40.06504091
4,2017,Indiana,49.8,45.1,-86.27563973,39.90814123
4,2017,Iowa,44.3,41.4,-93.50006496,42.07462688
4,2017,Kansas,52.2,47.9,-98.38021317,38.48470815
4,2017,Kentucky,54.7,50.3,-85.29045609,37.52666746
4,2017,Louisiana,66.9,62.7,-92.58566202,31.05840696
4,2017,Maine,32.1,32.1,-69.22664746,45.37143349
4,2017,Maryland,51.3,47.3,-76.77245461,39.0369223
4,2017,Massachusetts,40.8,39.4,-71.79863942,42.2533024
4,2017,Michigan,39,35.5,-85.43716696,44.35068131
4,2017,Minnesota,36.3,33.3,-94.30901265,46.31633293
4,2017,Mississippi,63.7,59.6,-89.66521368,32.75086663
4,2017,Missouri,53.4,49,-92.47741016,38.36761316
4,2017,Montana,39,35.1,-109.6451486,47.03353642
4,2017,Nebraska,46,41.8,-99.81080907,41.52714896
4,2017,Nevada,46.4,43.1,-116.6552255,39.35623735
4,2017,New Hampshire,35.6,34.8,-71.57759415,43.68563175
4,2017,New Jersey,47.4,44.3,-74.66075411,40.18442736
4,2017,New Mexico,52.4,47.4,-106.1083886,34.42137076
4,2017,New York,38.5,36.7,-75.50311828,42.94039011
4,2017,North Carolina,57,53.6,-79.37237975,35.54153412
4,2017,North Dakota,35,33,-100.4693211,47.44633852
4,2017,Ohio,48.5,43.8,-82.7900612,40.29145221
4,2017,Oklahoma,58.8,54.4,-97.50829271,35.58348565
4,2017,Oregon,42.2,41.1,-120.5554134,43.93664816
4,2017,Pennsylvania,44.5,41.3,-77.79955956,40.87383785
4,2017,Rhode Island,42.8,40.9,-71.55361205,41.67608139
4,2017,South Carolina,61.2,57.8,-80.89613969,33.90797425
4,2017,South Dakota,40.8,37.8,-100.2305075,44.4361607
4,2017,Tennessee,57.1,53,-86.34338037,35.84298709
4,2017,Texas,65.4,60.6,-99.35069715,31.48446438
4,2017,Utah,45.6,41.3,-111.6782164,39.32379475
4,2017,Vermont,34.4,33.6,-72.66264936,44.07519583
4,2017,Virginia,53.2,49.3,-78.81225447,37.51502389
4,2017,Washington,41.8,41.9,-120.4468664,47.38096888
4,2017,West Virginia,49.9,46,-80.61371197,38.64259874
4,2017,Wisconsin,38.3,35.5,-90.01169426,44.63803019
4,2017,Wyoming,39.2,33.9,-107.5514541,42.99964203
5,2017,Alabama,68.6,66.8,-86.82837194,32.78983219
5,2017,Arizona,63,60.9,-111.6644183,34.29310987
5,2017,Arkansas,65.9,64.5,-92.43926766,34.89974533
5,2017,California,59.5,57.4,-119.610699,37.24607067
5,2017,Colorado,47.9,47.2,-105.5478247,38.99855182
5,2017,Connecticut,54.2,51.3,-72.72570604,41.62028634
5,2017,Delaware,61.2,57.1,-75.40040409,38.88701645
5,2017,Florida,74.7,72.2,-81.79746387,28.62843926
5,2017,Georgia,69.4,66.9,-83.44634183,32.64922907
5,2017,Idaho,45.4,45.1,-114.6593823,44.08908951
5,2017,Illinois,59.2,56.8,-89.19839676,40.06504091
5,2017,Indiana,59,56,-86.27563973,39.90814123
5,2017,Iowa,54.8,53.9,-93.50006496,42.07462688
5,2017,Kansas,58.9,58.4,-98.38021317,38.48470815
5,2017,Kentucky,63.2,59.8,-85.29045609,37.52666746
5,2017,Louisiana,70.6,69.9,-92.58566202,31.05840696
5,2017,Maine,46.4,44.5,-69.22664746,45.37143349
5,2017,Maryland,60.8,57.2,-76.77245461,39.0369223
5,2017,Massachusetts,52.7,50.2,-71.79863942,42.2533024
5,2017,Michigan,50.1,47.7,-85.43716696,44.35068131
5,2017,Minnesota,49,47.8,-94.30901265,46.31633293
5,2017,Mississippi,68.7,67.4,-89.66521368,32.75086663
5,2017,Missouri,61.3,59.4,-92.47741016,38.36761316
5,2017,Montana,47.2,45.5,-109.6451486,47.03353642
5,2017,Nebraska,53.4,53.1,-99.81080907,41.52714896
5,2017,Nevada,52.1,50.8,-116.6552255,39.35623735
5,2017,New Hampshire,49,46.7,-71.57759415,43.68563175
5,2017,New Jersey,58,54.6,-74.66075411,40.18442736
5,2017,New Mexico,56.9,55.8,-106.1083886,34.42137076
5,2017,New York,51.4,48.6,-75.50311828,42.94039011
5,2017,North Carolina,65.8,62.1,-79.37237975,35.54153412
5,2017,North Dakota,48.8,47.5,-100.4693211,47.44633852
5,2017,Ohio,58.4,54.7,-82.7900612,40.29145221
5,2017,Oklahoma,64.2,63.8,-97.50829271,35.58348565
5,2017,Oregon,47.9,47.2,-120.5554134,43.93664816
5,2017,Pennsylvania,55.4,52.2,-77.79955956,40.87383785
5,2017,Rhode Island,54,50.9,-71.55361205,41.67608139
5,2017,South Carolina,69.2,66.1,-80.89613969,33.90797425
5,2017,South Dakota,51,50.3,-100.2305075,44.4361607
5,2017,Tennessee,64.8,61.8,-86.34338037,35.84298709
5,2017,Texas,69.6,68.7,-99.35069715,31.48446438
5,2017,Utah,50.8,50.1,-111.6782164,39.32379475
5,2017,Vermont,48.5,46,-72.66264936,44.07519583
5,2017,Virginia,62,58.6,-78.81225447,37.51502389
5,2017,Washington,49,48.5,-120.4468664,47.38096888
5,2017,West Virginia,59.2,55.6,-80.61371197,38.64259874
5,2017,Wisconsin,49.8,48.6,-90.01169426,44.63803019
5,2017,Wyoming,44.6,43.6,-107.5514541,42.99964203
6,2017,Alabama,72.9,74.1,-86.82837194,32.78983219
6,2017,Arizona,72.9,69.7,-111.6644183,34.29310987
6,2017,Arkansas,71.6,72.6,-92.43926766,34.89974533
6,2017,California,68.1,64.5,-119.610699,37.24607067
6,2017,Colorado,58.2,56.6,-105.5478247,38.99855182
6,2017,Connecticut,61.8,61.1,-72.72570604,41.62028634
6,2017,Delaware,68.2,66.4,-75.40040409,38.88701645
6,2017,Florida,78.6,77.2,-81.79746387,28.62843926
6,2017,Georgia,74,74.2,-83.44634183,32.64922907
6,2017,Idaho,54.8,52.9,-114.6593823,44.08908951
6,2017,Illinois,67.3,66.8,-89.19839676,40.06504091
6,2017,Indiana,66,65.9,-86.27563973,39.90814123
6,2017,Iowa,64.8,64.5,-93.50006496,42.07462688
6,2017,Kansas,68.6,68.3,-98.38021317,38.48470815
6,2017,Kentucky,68.4,68.5,-85.29045609,37.52666746
6,2017,Louisiana,75.2,76.6,-92.58566202,31.05840696
6,2017,Maine,55.8,55.1,-69.22664746,45.37143349
6,2017,Maryland,67.4,66.5,-76.77245461,39.0369223
6,2017,Massachusetts,60.6,60,-71.79863942,42.2533024
6,2017,Michigan,59.2,58.5,-85.43716696,44.35068131
6,2017,Minnesota,59.3,59,-94.30901265,46.31633293
6,2017,Mississippi,73.4,74.8,-89.66521368,32.75086663
6,2017,Missouri,68.8,68.6,-92.47741016,38.36761316
6,2017,Montana,56.4,54.2,-109.6451486,47.03353642
6,2017,Nebraska,63.8,63.3,-99.81080907,41.52714896
6,2017,Nevada,62.8,59.4,-116.6552255,39.35623735
6,2017,New Hampshire,57.4,57.1,-71.57759415,43.68563175
6,2017,New Jersey,65.2,64.2,-74.66075411,40.18442736
6,2017,New Mexico,66.4,64.6,-106.1083886,34.42137076
6,2017,New York,59,59,-75.50311828,42.94039011
6,2017,North Carolina,70.8,70,-79.37237975,35.54153412
6,2017,North Dakota,59.8,58.3,-100.4693211,47.44633852
6,2017,Ohio,64.8,64.4,-82.7900612,40.29145221
6,2017,Oklahoma,72.1,72.5,-97.50829271,35.58348565
6,2017,Oregon,56.4,53.8,-120.5554134,43.93664816
6,2017,Pennsylvania,62,61.9,-77.79955956,40.87383785
6,2017,Rhode Island,61.6,60.3,-71.55361205,41.67608139
6,2017,South Carolina,74.2,73.7,-80.89613969,33.90797425
6,2017,South Dakota,62,60.8,-100.2305075,44.4361607
6,2017,Tennessee,69.8,70,-86.34338037,35.84298709
6,2017,Texas,76.3,76,-99.35069715,31.48446438
6,2017,Utah,62.6,59.4,-111.6782164,39.32379475
6,2017,Vermont,56.6,56.6,-72.66264936,44.07519583
6,2017,Virginia,67.3,67,-78.81225447,37.51502389
6,2017,Washington,56.6,54.8,-120.4468664,47.38096888
6,2017,West Virginia,64.4,64.3,-80.61371197,38.64259874
6,2017,Wisconsin,59.4,59.3,-90.01169426,44.63803019
6,2017,Wyoming,54.6,53,-107.5514541,42.99964203
7,2017,Alabama,78.2,78.7,-86.82837194,32.78983219
7,2017,Arizona,80.6,77,-111.6644183,34.29310987
7,2017,Arkansas,78,78.4,-92.43926766,34.89974533
7,2017,California,75.8,71.5,-119.610699,37.24607067
7,2017,Colorado,67.1,64.2,-105.5478247,38.99855182
7,2017,Connecticut,69.2,68,-72.72570604,41.62028634
7,2017,Delaware,76,73.1,-75.40040409,38.88701645
7,2017,Florida,81.5,80.3,-81.79746387,28.62843926
7,2017,Georgia,78.6,78.6,-83.44634183,32.64922907
7,2017,Idaho,64.6,60.9,-114.6593823,44.08908951
7,2017,Illinois,74.4,73.5,-89.19839676,40.06504091
7,2017,Indiana,72.6,72.4,-86.27563973,39.90814123
7,2017,Iowa,72.9,71.5,-93.50006496,42.07462688
7,2017,Kansas,77.6,76.1,-98.38021317,38.48470815
7,2017,Kentucky,74.3,74.4,-85.29045609,37.52666746
7,2017,Louisiana,80.4,80.8,-92.58566202,31.05840696
7,2017,Maine,63.1,62.6,-69.22664746,45.37143349
7,2017,Maryland,75,72.9,-76.77245461,39.0369223
7,2017,Massachusetts,68,67,-71.79863942,42.2533024
7,2017,Michigan,66.9,65.7,-85.43716696,44.35068131
7,2017,Minnesota,67.1,66.3,-94.30901265,46.31633293
7,2017,Mississippi,78.9,79.5,-89.66521368,32.75086663
7,2017,Missouri,76.2,75.4,-92.47741016,38.36761316
7,2017,Montana,66.1,62,-109.6451486,47.03353642
7,2017,Nebraska,73.8,71.5,-99.81080907,41.52714896
7,2017,Nevada,72.4,68,-116.6552255,39.35623735
7,2017,New Hampshire,64.6,64.1,-71.57759415,43.68563175
7,2017,New Jersey,72.9,71,-74.66075411,40.18442736
7,2017,New Mexico,73.7,70.9,-106.1083886,34.42137076
7,2017,New York,66,65.8,-75.50311828,42.94039011
7,2017,North Carolina,76.2,75.2,-79.37237975,35.54153412
7,2017,North Dakota,68.5,66,-100.4693211,47.44633852
7,2017,Ohio,71.3,70.9,-82.7900612,40.29145221
7,2017,Oklahoma,79.9,79.3,-97.50829271,35.58348565
7,2017,Oregon,64.6,61,-120.5554134,43.93664816
7,2017,Pennsylvania,69.1,68.2,-77.79955956,40.87383785
7,2017,Rhode Island,68.9,67.5,-71.55361205,41.67608139
7,2017,South Carolina,78.9,78.4,-80.89613969,33.90797425
7,2017,South Dakota,72,69.1,-100.2305075,44.4361607
7,2017,Tennessee,75.6,75.5,-86.34338037,35.84298709
7,2017,Texas,82.1,81,-99.35069715,31.48446438
7,2017,Utah,72.2,67.7,-111.6782164,39.32379475
7,2017,Vermont,63.4,63.5,-72.66264936,44.07519583
7,2017,Virginia,74,72.8,-78.81225447,37.51502389
7,2017,Washington,63.3,60.9,-120.4468664,47.38096888
7,2017,West Virginia,70,69.9,-80.61371197,38.64259874
7,2017,Wisconsin,67.2,66.5,-90.01169426,44.63803019
7,2017,Wyoming,64.4,61.4,-107.5514541,42.99964203
8,2017,Alabama,79.7,79.6,-86.82837194,32.78983219
8,2017,Arizona,80.3,78.8,-111.6644183,34.29310987
8,2017,Arkansas,78.8,79.9,-92.43926766,34.89974533
8,2017,California,78.4,74.3,-119.610699,37.24607067
8,2017,Colorado,67,66.1,-105.5478247,38.99855182
8,2017,Connecticut,70.3,69.6,-72.72570604,41.62028634
8,2017,Delaware,76.2,74.6,-75.40040409,38.88701645
8,2017,Florida,82.8,81,-81.79746387,28.62843926
8,2017,Georgia,80,79.4,-83.44634183,32.64922907
8,2017,Idaho,68.4,64.3,-114.6593823,44.08908951
8,2017,Illinois,73.3,74.5,-89.19839676,40.06504091
8,2017,Indiana,72.1,73.4,-86.27563973,39.90814123
8,2017,Iowa,71.2,72.6,-93.50006496,42.07462688
8,2017,Kansas,76.6,78.1,-98.38021317,38.48470815
8,2017,Kentucky,75,75.5,-85.29045609,37.52666746
8,2017,Louisiana,81.7,81.7,-92.58566202,31.05840696
8,2017,Maine,64.2,64.1,-69.22664746,45.37143349
8,2017,Maryland,75.1,74.2,-76.77245461,39.0369223
8,2017,Massachusetts,69,68.6,-71.79863942,42.2533024
8,2017,Michigan,66.8,66.9,-85.43716696,44.35068131
8,2017,Minnesota,66.6,67.5,-94.30901265,46.31633293
8,2017,Mississippi,80.2,80.5,-89.66521368,32.75086663
8,2017,Missouri,75.4,76.8,-92.47741016,38.36761316
8,2017,Montana,68.6,64.9,-109.6451486,47.03353642
8,2017,Nebraska,72.9,73.4,-99.81080907,41.52714896
8,2017,Nevada,74.8,71.1,-116.6552255,39.35623735
8,2017,New Hampshire,65.3,65.3,-71.57759415,43.68563175
8,2017,New Jersey,73.6,72.6,-74.66075411,40.18442736
8,2017,New Mexico,72.7,71.8,-106.1083886,34.42137076
8,2017,New York,66.8,67.1,-75.50311828,42.94039011
8,2017,North Carolina,77.2,76.2,-79.37237975,35.54153412
8,2017,North Dakota,68.7,68,-100.4693211,47.44633852
8,2017,Ohio,71.4,72,-82.7900612,40.29145221
8,2017,Oklahoma,79.9,81.3,-97.50829271,35.58348565
8,2017,Oregon,69.4,64.3,-120.5554134,43.93664816
8,2017,Pennsylvania,69.4,69.4,-77.79955956,40.87383785
8,2017,Rhode Island,70.4,69.4,-71.55361205,41.67608139
8,2017,South Carolina,80.2,79.3,-80.89613969,33.90797425
8,2017,South Dakota,71.7,71.5,-100.2305075,44.4361607
8,2017,Tennessee,76.4,76.6,-86.34338037,35.84298709
8,2017,Texas,82.1,82.1,-99.35069715,31.48446438
8,2017,Utah,73.3,70.5,-111.6782164,39.32379475
8,2017,Vermont,64.2,64.6,-72.66264936,44.07519583
8,2017,Virginia,74.8,73.9,-78.81225447,37.51502389
8,2017,Washington,67.8,63.7,-120.4468664,47.38096888
8,2017,West Virginia,70.9,71.2,-80.61371197,38.64259874
8,2017,Wisconsin,66.5,67.7,-90.01169426,44.63803019
8,2017,Wyoming,66.2,64.3,-107.5514541,42.99964203
9,2017,Alabama,76.1,77,-86.82837194,32.78983219
9,2017,Arizona,75.8,75,-111.6644183,34.29310987
9,2017,Arkansas,75,76,-92.43926766,34.89974533
9,2017,California,73.9,71.2,-119.610699,37.24607067
9,2017,Colorado,61.9,61.3,-105.5478247,38.99855182
9,2017,Connecticut,67.6,65.1,-72.72570604,41.62028634
9,2017,Delaware,71.9,70.6,-75.40040409,38.88701645
9,2017,Florida,81.6,80.1,-81.79746387,28.62843926
9,2017,Georgia,76.7,76.8,-83.44634183,32.64922907
9,2017,Idaho,61.3,59.1,-114.6593823,44.08908951
9,2017,Illinois,69.6,69.8,-89.19839676,40.06504091
9,2017,Indiana,68.6,69,-86.27563973,39.90814123
9,2017,Iowa,67.2,67.1,-93.50006496,42.07462688
9,2017,Kansas,71.8,72.9,-98.38021317,38.48470815
9,2017,Kentucky,70.7,71.7,-85.29045609,37.52666746
9,2017,Louisiana,79,79.4,-92.58566202,31.05840696
9,2017,Maine,62.2,59,-69.22664746,45.37143349
9,2017,Maryland,70.6,70.2,-76.77245461,39.0369223
9,2017,Massachusetts,66.6,64,-71.79863942,42.2533024
9,2017,Michigan,63.9,62.2,-85.43716696,44.35068131
9,2017,Minnesota,62.4,61.5,-94.30901265,46.31633293
9,2017,Mississippi,76.9,77.7,-89.66521368,32.75086663
9,2017,Missouri,71.2,72.1,-92.47741016,38.36761316
9,2017,Montana,60.4,59,-109.6451486,47.03353642
9,2017,Nebraska,67,67.6,-99.81080907,41.52714896
9,2017,Nevada,67.6,66,-116.6552255,39.35623735
9,2017,New Hampshire,63.2,60.4,-71.57759415,43.68563175
9,2017,New Jersey,69.9,68.3,-74.66075411,40.18442736
9,2017,New Mexico,68.6,67.7,-106.1083886,34.42137076
9,2017,New York,63.9,62.4,-75.50311828,42.94039011
9,2017,North Carolina,73.2,73,-79.37237975,35.54153412
9,2017,North Dakota,61.8,61.6,-100.4693211,47.44633852
9,2017,Ohio,67.8,67.8,-82.7900612,40.29145221
9,2017,Oklahoma,75.3,77,-97.50829271,35.58348565
9,2017,Oregon,64.6,60.6,-120.5554134,43.93664816
9,2017,Pennsylvania,65.6,65,-77.79955956,40.87383785
9,2017,Rhode Island,68.1,65.3,-71.55361205,41.67608139
9,2017,South Carolina,76.9,76.3,-80.89613969,33.90797425
9,2017,South Dakota,64.6,65.3,-100.2305075,44.4361607
9,2017,Tennessee,71.8,73,-86.34338037,35.84298709
9,2017,Texas,78.6,78.9,-99.35069715,31.48446438
9,2017,Utah,66.2,65,-111.6782164,39.32379475
9,2017,Vermont,62,59.7,-72.66264936,44.07519583
9,2017,Virginia,70.1,70.1,-78.81225447,37.51502389
9,2017,Washington,64.2,60.2,-120.4468664,47.38096888
9,2017,West Virginia,66.9,67.3,-80.61371197,38.64259874
9,2017,Wisconsin,63.2,62.2,-90.01169426,44.63803019
9,2017,Wyoming,58.8,58.4,-107.5514541,42.99964203
10,2017,Alabama,69.6,69.3,-86.82837194,32.78983219
10,2017,Arizona,68.8,66.6,-111.6644183,34.29310987
10,2017,Arkansas,68,67.3,-92.43926766,34.89974533
10,2017,California,65.9,64,-119.610699,37.24607067
10,2017,Colorado,52.9,51.9,-105.5478247,38.99855182
10,2017,Connecticut,62.3,56.2,-72.72570604,41.62028634
10,2017,Delaware,66.1,61.9,-75.40040409,38.88701645
10,2017,Florida,77.6,75.6,-81.79746387,28.62843926
10,2017,Georgia,70.5,69.4,-83.44634183,32.64922907
10,2017,Idaho,48.8,49.4,-114.6593823,44.08908951
10,2017,Illinois,63.4,60.4,-89.19839676,40.06504091
10,2017,Indiana,62.4,59.8,-86.27563973,39.90814123
10,2017,Iowa,60,57.2,-93.50006496,42.07462688
10,2017,Kansas,64,62.5,-98.38021317,38.48470815
10,2017,Kentucky,63.8,62.8,-85.29045609,37.52666746
10,2017,Louisiana,73.1,72.3,-92.58566202,31.05840696
10,2017,Maine,56.6,49.6,-69.22664746,45.37143349
10,2017,Maryland,64.8,61.5,-76.77245461,39.0369223
10,2017,Massachusetts,61.3,55.2,-71.79863942,42.2533024
10,2017,Michigan,57.6,53,-85.43716696,44.35068131
10,2017,Minnesota,53.9,50.9,-94.30901265,46.31633293
10,2017,Mississippi,70.4,69.8,-89.66521368,32.75086663
10,2017,Missouri,64.7,62.6,-92.47741016,38.36761316
10,2017,Montana,48.9,48.5,-109.6451486,47.03353642
10,2017,Nebraska,58,56.8,-99.81080907,41.52714896
10,2017,Nevada,56,56.2,-116.6552255,39.35623735
10,2017,New Hampshire,58,51.1,-71.57759415,43.68563175
10,2017,New Jersey,64.3,59.5,-74.66075411,40.18442736
10,2017,New Mexico,61.4,59.3,-106.1083886,34.42137076
10,2017,New York,58.6,53.5,-75.50311828,42.94039011
10,2017,North Carolina,66.6,64.9,-79.37237975,35.54153412
10,2017,North Dakota,51.6,50.1,-100.4693211,47.44633852
10,2017,Ohio,61.6,58.7,-82.7900612,40.29145221
10,2017,Oklahoma,67.6,67.3,-97.50829271,35.58348565
10,2017,Oregon,53.3,52.7,-120.5554134,43.93664816
10,2017,Pennsylvania,60,56.2,-77.79955956,40.87383785
10,2017,Rhode Island,63,56.9,-71.55361205,41.67608139
10,2017,South Carolina,70.2,68.4,-80.89613969,33.90797425
10,2017,South Dakota,54.9,54,-100.2305075,44.4361607
10,2017,Tennessee,64.9,64.4,-86.34338037,35.84298709
10,2017,Texas,71.5,71,-99.35069715,31.48446438
10,2017,Utah,54.4,54.7,-111.6782164,39.32379475
10,2017,Vermont,56.9,50.6,-72.66264936,44.07519583
10,2017,Virginia,63.8,61.6,-78.81225447,37.51502389
10,2017,Washington,53,52.1,-120.4468664,47.38096888
10,2017,West Virginia,61,58.8,-80.61371197,38.64259874
10,2017,Wisconsin,56.1,52.4,-90.01169426,44.63803019
10,2017,Wyoming,47.6,48,-107.5514541,42.99964203
11,2017,Alabama,60.7,58.7,-86.82837194,32.78983219
11,2017,Arizona,61.4,55.1,-111.6644183,34.29310987
11,2017,Arkansas,58.3,55.8,-92.43926766,34.89974533
11,2017,California,57.7,54.5,-119.610699,37.24607067
11,2017,Colorado,44,40,-105.5478247,38.99855182
11,2017,Connecticut,49.8,45.6,-72.72570604,41.62028634
11,2017,Delaware,55,51.1,-75.40040409,38.88701645
11,2017,Florida,71.2,68.3,-81.79746387,28.62843926
11,2017,Georgia,61.7,59.2,-83.44634183,32.64922907
11,2017,Idaho,38.4,37.9,-114.6593823,44.08908951
11,2017,Illinois,50,47.7,-89.19839676,40.06504091
11,2017,Indiana,50,47.5,-86.27563973,39.90814123
11,2017,Iowa,44.8,43.6,-93.50006496,42.07462688
11,2017,Kansas,51.4,49.3,-98.38021317,38.48470815
11,2017,Kentucky,53.2,51.1,-85.29045609,37.52666746
11,2017,Louisiana,65.4,62.4,-92.58566202,31.05840696
11,2017,Maine,42.2,38.3,-69.22664746,45.37143349
11,2017,Maryland,53.5,50.3,-76.77245461,39.0369223
11,2017,Massachusetts,48.9,44.6,-71.79863942,42.2533024
11,2017,Michigan,43.5,41,-85.43716696,44.35068131
11,2017,Minnesota,37.2,36.4,-94.30901265,46.31633293
11,2017,Mississippi,61.5,59.1,-89.66521368,32.75086663
11,2017,Missouri,52.6,50.3,-92.47741016,38.36761316
11,2017,Montana,36.6,36.3,-109.6451486,47.03353642
11,2017,Nebraska,45.4,43.3,-99.81080907,41.52714896
11,2017,Nevada,47.4,44.8,-116.6552255,39.35623735
11,2017,New Hampshire,44.2,39.9,-71.57759415,43.68563175
11,2017,New Jersey,52.4,48.6,-74.66075411,40.18442736
11,2017,New Mexico,53.3,48.1,-106.1083886,34.42137076
11,2017,New York,45.5,42.2,-75.50311828,42.94039011
11,2017,North Carolina,56.6,54.5,-79.37237975,35.54153412
11,2017,North Dakota,35.7,35.2,-100.4693211,47.44633852
11,2017,Ohio,49.6,46.8,-82.7900612,40.29145221
11,2017,Oklahoma,57.4,55,-97.50829271,35.58348565
11,2017,Oregon,43.2,42.9,-120.5554134,43.93664816
11,2017,Pennsylvania,47.7,45,-77.79955956,40.87383785
11,2017,Rhode Island,51.4,46.7,-71.55361205,41.67608139
11,2017,South Carolina,60.2,58.1,-80.89613969,33.90797425
11,2017,South Dakota,41.4,39.8,-100.2305075,44.4361607
11,2017,Tennessee,55.4,53.1,-86.34338037,35.84298709
11,2017,Texas,63.4,60.3,-99.35069715,31.48446438
11,2017,Utah,45.6,42.5,-111.6782164,39.32379475
11,2017,Vermont,43,39.2,-72.66264936,44.07519583
11,2017,Virginia,53.2,50.9,-78.81225447,37.51502389
11,2017,Washington,42,41.9,-120.4468664,47.38096888
11,2017,West Virginia,50.4,47.7,-80.61371197,38.64259874
11,2017,Wisconsin,40.7,39.2,-90.01169426,44.63803019
11,2017,Wyoming,37.9,35.8,-107.5514541,42.99964203
12,2017,Alabama,51.2,49.9,-86.82837194,32.78983219
12,2017,Arizona,52.1,45.3,-111.6644183,34.29310987
12,2017,Arkansas,48,45.6,-92.43926766,34.89974533
12,2017,California,50.4,46.3,-119.610699,37.24607067
12,2017,Colorado,35.7,29.4,-105.5478247,38.99855182
12,2017,Connecticut,34.8,34.7,-72.72570604,41.62028634
12,2017,Delaware,41.8,40.9,-75.40040409,38.88701645
12,2017,Florida,64.6,61.6,-81.79746387,28.62843926
12,2017,Georgia,52.8,50.6,-83.44634183,32.64922907
12,2017,Idaho,30,27.7,-114.6593823,44.08908951
12,2017,Illinois,35.8,35.1,-89.19839676,40.06504091
12,2017,Indiana,36,35.7,-86.27563973,39.90814123
12,2017,Iowa,30.3,29.2,-93.50006496,42.07462688
12,2017,Kansas,39.4,36.8,-98.38021317,38.48470815
12,2017,Kentucky,41.4,40.7,-85.29045609,37.52666746
12,2017,Louisiana,56.2,54.2,-92.58566202,31.05840696
12,2017,Maine,24.4,25.5,-69.22664746,45.37143349
12,2017,Maryland,40.6,40.1,-76.77245461,39.0369223
12,2017,Massachusetts,33.4,33.6,-71.79863942,42.2533024
12,2017,Michigan,27.7,28.9,-85.43716696,44.35068131
12,2017,Minnesota,20.4,20.4,-94.30901265,46.31633293
12,2017,Mississippi,51.9,50.3,-89.66521368,32.75086663
12,2017,Missouri,40.2,38.2,-92.47741016,38.36761316
12,2017,Montana,25.9,25.1,-109.6451486,47.03353642
12,2017,Nebraska,33.2,30.5,-99.81080907,41.52714896
12,2017,Nevada,39.6,35,-116.6552255,39.35623735
12,2017,New Hampshire,27.1,27.9,-71.57759415,43.68563175
12,2017,New Jersey,38.8,38.1,-74.66075411,40.18442736
12,2017,New Mexico,44.4,38.2,-106.1083886,34.42137076
12,2017,New York,29.4,30.4,-75.50311828,42.94039011
12,2017,North Carolina,46.4,45.4,-79.37237975,35.54153412
12,2017,North Dakota,21,19.6,-100.4693211,47.44633852
12,2017,Ohio,35.5,35.6,-82.7900612,40.29145221
12,2017,Oklahoma,46.7,43.7,-97.50829271,35.58348565
12,2017,Oregon,36.1,34.7,-120.5554134,43.93664816
12,2017,Pennsylvania,33.6,34.1,-77.79955956,40.87383785
12,2017,Rhode Island,36.6,36.2,-71.55361205,41.67608139
12,2017,South Carolina,51,49.3,-80.89613969,33.90797425
12,2017,South Dakota,28.2,25.7,-100.2305075,44.4361607
12,2017,Tennessee,44.7,43.3,-86.34338037,35.84298709
12,2017,Texas,54,50.7,-99.35069715,31.48446438
12,2017,Utah,37.2,31.5,-111.6782164,39.32379475
12,2017,Vermont,25.4,26.7,-72.66264936,44.07519583
12,2017,Virginia,41.6,41.1,-78.81225447,37.51502389
12,2017,Washington,33.8,33.6,-120.4468664,47.38096888
12,2017,West Virginia,38.1,37.6,-80.61371197,38.64259874
12,2017,Wisconsin,24.4,24.9,-90.01169426,44.63803019
12,2017,Wyoming,29.2,24.8,-107.5514541,42.99964203
1,2018,Alabama,43.6,45.8,-86.82837194,32.78983219
1,2018,Arizona,47.1,41.1,-111.6644183,34.29310987
1,2018,Arkansas,39,40.4,-92.43926766,34.89974533
1,2018,California,48.2,42.7,-119.610699,37.24607067
1,2018,Colorado,29.9,24.5,-105.5478247,38.99855182
1,2018,Connecticut,27,27.3,-72.72570604,41.62028634
1,2018,Delaware,34.4,34.7,-75.40040409,38.88701645
1,2018,Florida,58.4,58.3,-81.79746387,28.62843926
1,2018,Georgia,45.9,46.6,-83.44634183,32.64922907
1,2018,Idaho,27.8,23,-114.6593823,44.08908951
1,2018,Illinois,27,27.5,-89.19839676,40.06504091
1,2018,Indiana,27,28.4,-86.27563973,39.90814123
1,2018,Iowa,21.1,20.3,-93.50006496,42.07462688
1,2018,Kansas,31.8,30.2,-98.38021317,38.48470815
1,2018,Kentucky,32.9,35,-85.29045609,37.52666746
1,2018,Louisiana,47.5,50.2,-92.58566202,31.05840696
1,2018,Maine,15.7,15.9,-69.22664746,45.37143349
1,2018,Maryland,33.2,34,-76.77245461,39.0369223
1,2018,Massachusetts,25.6,26.2,-71.79863942,42.2533024
1,2018,Michigan,20.4,20.7,-85.43716696,44.35068131
1,2018,Minnesota,11.9,9.7,-94.30901265,46.31633293
1,2018,Mississippi,43.6,46,-89.66521368,32.75086663
1,2018,Missouri,31.2,31.3,-92.47741016,38.36761316
1,2018,Montana,21.4,18.7,-109.6451486,47.03353642
1,2018,Nebraska,24.8,23.7,-99.81080907,41.52714896
1,2018,Nevada,36.6,30.5,-116.6552255,39.35623735
1,2018,New Hampshire,19,19.5,-71.57759415,43.68563175
1,2018,New Jersey,31.2,31.3,-74.66075411,40.18442736
1,2018,New Mexico,37.8,33.9,-106.1083886,34.42137076
1,2018,New York,20.8,22.2,-75.50311828,42.94039011
1,2018,North Carolina,39.2,40.8,-79.37237975,35.54153412
1,2018,North Dakota,13.7,9.6,-100.4693211,47.44633852
1,2018,Ohio,27.1,28.7,-82.7900612,40.29145221
1,2018,Oklahoma,38.6,37.8,-97.50829271,35.58348565
1,2018,Oregon,35.2,31,-120.5554134,43.93664816
1,2018,Pennsylvania,25.6,27.2,-77.79955956,40.87383785
1,2018,Rhode Island,28.8,29,-71.55361205,41.67608139
1,2018,South Carolina,44.2,45.1,-80.89613969,33.90797425
1,2018,South Dakota,19.9,17.4,-100.2305075,44.4361607
1,2018,Tennessee,36.2,38.3,-86.34338037,35.84298709
1,2018,Texas,45.8,46.2,-99.35069715,31.48446438
1,2018,Utah,32.1,26.2,-111.6782164,39.32379475
1,2018,Vermont,17.2,17.8,-72.66264936,44.07519583
1,2018,Virginia,34.5,35.8,-78.81225447,37.51502389
1,2018,Washington,32.6,29.5,-120.4468664,47.38096888
1,2018,West Virginia,30,31.8,-80.61371197,38.64259874
1,2018,Wisconsin,16.2,15.3,-90.01169426,44.63803019
1,2018,Wyoming,24.4,19.5,-107.5514541,42.99964203
2,2018,Alabama,49.2,46.6,-86.82837194,32.78983219
2,2018,Arizona,47.2,42.7,-111.6644183,34.29310987
2,2018,Arkansas,40.8,41.2,-92.43926766,34.89974533
2,2018,California,47.8,43.9,-119.610699,37.24607067
2,2018,Colorado,29.2,25.6,-105.5478247,38.99855182
2,2018,Connecticut,30.6,25.9,-72.72570604,41.62028634
2,2018,Delaware,38,33.8,-75.40040409,38.88701645
2,2018,Florida,62.1,58.6,-81.79746387,28.62843926
2,2018,Georgia,50.8,47.3,-83.44634183,32.64922907
2,2018,Idaho,28.3,24.2,-114.6593823,44.08908951
2,2018,Illinois,28,27.3,-89.19839676,40.06504091
2,2018,Indiana,29.8,28,-86.27563973,39.90814123
2,2018,Iowa,19.2,20.3,-93.50006496,42.07462688
2,2018,Kansas,30.9,31.1,-98.38021317,38.48470815
2,2018,Kentucky,37.3,35.1,-85.29045609,37.52666746
2,2018,Louisiana,52.4,50.9,-92.58566202,31.05840696
2,2018,Maine,18.8,14,-69.22664746,45.37143349
2,2018,Maryland,36.3,33.1,-76.77245461,39.0369223
2,2018,Massachusetts,29.4,24.6,-71.79863942,42.2533024
2,2018,Michigan,21.5,18.6,-85.43716696,44.35068131
2,2018,Minnesota,9.5,9.3,-94.30901265,46.31633293
2,2018,Mississippi,48.5,46.7,-89.66521368,32.75086663
2,2018,Missouri,31.8,31.6,-92.47741016,38.36761316
2,2018,Montana,16.6,19.1,-109.6451486,47.03353642
2,2018,Nebraska,22.4,24.5,-99.81080907,41.52714896
2,2018,Nevada,36.1,32,-116.6552255,39.35623735
2,2018,New Hampshire,22.6,17.8,-71.57759415,43.68563175
2,2018,New Jersey,34.3,30.1,-74.66075411,40.18442736
2,2018,New Mexico,39.2,35.8,-106.1083886,34.42137076
2,2018,New York,24.2,20.2,-75.50311828,42.94039011
2,2018,North Carolina,43.9,41,-79.37237975,35.54153412
2,2018,North Dakota,8.6,9.1,-100.4693211,47.44633852
2,2018,Ohio,30.8,27.9,-82.7900612,40.29145221
2,2018,Oklahoma,38.8,38.9,-97.50829271,35.58348565
2,2018,Oregon,35.4,32.2,-120.5554134,43.93664816
2,2018,Pennsylvania,28.7,25.9,-77.79955956,40.87383785
2,2018,Rhode Island,32.6,27.4,-71.55361205,41.67608139
2,2018,South Carolina,49,45.7,-80.89613969,33.90797425
2,2018,South Dakota,14.8,17.4,-100.2305075,44.4361607
2,2018,Tennessee,40.7,38.7,-86.34338037,35.84298709
2,2018,Texas,48,47.4,-99.35069715,31.48446438
2,2018,Utah,32.5,27.8,-111.6782164,39.32379475
2,2018,Vermont,21,15.9,-72.66264936,44.07519583
2,2018,Virginia,38.5,35.7,-78.81225447,37.51502389
2,2018,Washington,33.9,30.7,-120.4468664,47.38096888
2,2018,West Virginia,34.4,31.7,-80.61371197,38.64259874
2,2018,Wisconsin,15.6,14.4,-90.01169426,44.63803019
2,2018,Wyoming,22.2,20.3,-107.5514541,42.99964203
3,2018,Alabama,56.7,51.6,-86.82837194,32.78983219
3,2018,Arizona,49.5,47.1,-111.6644183,34.29310987
3,2018,Arkansas,49.9,47.2,-92.43926766,34.89974533
3,2018,California,47.8,47.1,-119.610699,37.24607067
3,2018,Colorado,33.2,30.6,-105.5478247,38.99855182
3,2018,Connecticut,36,30.8,-72.72570604,41.62028634
3,2018,Delaware,41.8,38.5,-75.40040409,38.88701645
3,2018,Florida,66.1,61.7,-81.79746387,28.62843926
3,2018,Georgia,56.8,51.9,-83.44634183,32.64922907
3,2018,Idaho,30,29.6,-114.6593823,44.08908951
3,2018,Illinois,35.5,34.5,-89.19839676,40.06504091
3,2018,Indiana,36.6,34.4,-86.27563973,39.90814123
3,2018,Iowa,27.8,28.6,-93.50006496,42.07462688
3,2018,Kansas,38.9,38,-98.38021317,38.48470815
3,2018,Kentucky,44.4,41,-85.29045609,37.52666746
3,2018,Louisiana,61.4,55.8,-92.58566202,31.05840696
3,2018,Maine,25.8,20.4,-69.22664746,45.37143349
3,2018,Maryland,40.4,38.1,-76.77245461,39.0369223
3,2018,Massachusetts,34.6,29.7,-71.79863942,42.2533024
3,2018,Michigan,26.3,24.1,-85.43716696,44.35068131
3,2018,Minnesota,18,18.6,-94.30901265,46.31633293
3,2018,Mississippi,57,52,-89.66521368,32.75086663
3,2018,Missouri,39.8,38.7,-92.47741016,38.36761316
3,2018,Montana,19.8,25.3,-109.6451486,47.03353642
3,2018,Nebraska,30.1,31.3,-99.81080907,41.52714896
3,2018,Nevada,36.6,36.8,-116.6552255,39.35623735
3,2018,New Hampshire,28.6,23.6,-71.57759415,43.68563175
3,2018,New Jersey,38.8,34.9,-74.66075411,40.18442736
3,2018,New Mexico,44.2,40.6,-106.1083886,34.42137076
3,2018,New York,29.6,25.6,-75.50311828,42.94039011
3,2018,North Carolina,49.1,45.6,-79.37237975,35.54153412
3,2018,North Dakota,15,18.3,-100.4693211,47.44633852
3,2018,Ohio,36.5,33.7,-82.7900612,40.29145221
3,2018,Oklahoma,47,45.3,-97.50829271,35.58348565
3,2018,Oregon,35.8,36.2,-120.5554134,43.93664816
3,2018,Pennsylvania,33.6,31.1,-77.79955956,40.87383785
3,2018,Rhode Island,37.5,32,-71.55361205,41.67608139
3,2018,South Carolina,54.7,50.3,-80.89613969,33.90797425
3,2018,South Dakota,21,25.3,-100.2305075,44.4361607
3,2018,Tennessee,48.4,44.3,-86.34338037,35.84298709
3,2018,Texas,57,52.9,-99.35069715,31.48446438
3,2018,Utah,35.7,33.8,-111.6782164,39.32379475
3,2018,Vermont,26.8,21.8,-72.66264936,44.07519583
3,2018,Virginia,43.2,40.7,-78.81225447,37.51502389
3,2018,Washington,35.6,35.8,-120.4468664,47.38096888
3,2018,West Virginia,39.8,36.8,-80.61371197,38.64259874
3,2018,Wisconsin,22.9,22.3,-90.01169426,44.63803019
3,2018,Wyoming,25.8,25.7,-107.5514541,42.99964203
4,2018,Alabama,57.4,58.9,-86.82837194,32.78983219
4,2018,Arizona,57.6,53.1,-111.6644183,34.29310987
4,2018,Arkansas,54.6,55.9,-92.43926766,34.89974533
4,2018,California,53.1,51.4,-119.610699,37.24607067
4,2018,Colorado,40.9,38.1,-105.5478247,38.99855182
4,2018,Connecticut,39.9,40.7,-72.72570604,41.62028634
4,2018,Delaware,46,47.3,-75.40040409,38.88701645
4,2018,Florida,66.6,66.6,-81.79746387,28.62843926
4,2018,Georgia,57.6,59.2,-83.44634183,32.64922907
4,2018,Idaho,38,36.7,-114.6593823,44.08908951
4,2018,Illinois,42,45.6,-89.19839676,40.06504091
4,2018,Indiana,41.6,45,-86.27563973,39.90814123
4,2018,Iowa,37.2,41.3,-93.50006496,42.07462688
4,2018,Kansas,46.8,48,-98.38021317,38.48470815
4,2018,Kentucky,47.4,50.3,-85.29045609,37.52666746
4,2018,Louisiana,62.4,62.6,-92.58566202,31.05840696
4,2018,Maine,32.7,32.1,-69.22664746,45.37143349
4,2018,Maryland,45,47.3,-76.77245461,39.0369223
4,2018,Massachusetts,38.6,39.5,-71.79863942,42.2533024
4,2018,Michigan,32.4,35.4,-85.43716696,44.35068131
4,2018,Minnesota,30.1,33.3,-94.30901265,46.31633293
4,2018,Mississippi,58,59.6,-89.66521368,32.75086663
4,2018,Missouri,46.1,49.1,-92.47741016,38.36761316
4,2018,Montana,33.1,35,-109.6451486,47.03353642
4,2018,Nebraska,39.8,41.7,-99.81080907,41.52714896
4,2018,Nevada,44.8,43.1,-116.6552255,39.35623735
4,2018,New Hampshire,34.2,34.8,-71.57759415,43.68563175
4,2018,New Jersey,43.2,44.4,-74.66075411,40.18442736
4,2018,New Mexico,51.2,47.5,-106.1083886,34.42137076
4,2018,New York,33.8,36.6,-75.50311828,42.94039011
4,2018,North Carolina,51.2,53.6,-79.37237975,35.54153412
4,2018,North Dakota,29,33,-100.4693211,47.44633852
4,2018,Ohio,40.8,43.9,-82.7900612,40.29145221
4,2018,Oklahoma,53.6,54.4,-97.50829271,35.58348565
4,2018,Oregon,41.7,41.1,-120.5554134,43.93664816
4,2018,Pennsylvania,38.1,41.3,-77.79955956,40.87383785
4,2018,Rhode Island,40.8,40.9,-71.55361205,41.67608139
4,2018,South Carolina,56,57.9,-80.89613969,33.90797425
4,2018,South Dakota,33.6,37.8,-100.2305075,44.4361607
4,2018,Tennessee,50.6,53.1,-86.34338037,35.84298709
4,2018,Texas,62.4,60.6,-99.35069715,31.48446438
4,2018,Utah,44.1,41.4,-111.6782164,39.32379475
4,2018,Vermont,32.2,33.6,-72.66264936,44.07519583
4,2018,Virginia,46.7,49.3,-78.81225447,37.51502389
4,2018,Washington,42,41.8,-120.4468664,47.38096888
4,2018,West Virginia,42.8,45.9,-80.61371197,38.64259874
4,2018,Wisconsin,31.6,35.5,-90.01169426,44.63803019
4,2018,Wyoming,36,34,-107.5514541,42.99964203
5,2018,Alabama,66.9,66.7,-86.82837194,32.78983219
5,2018,Arizona,65.7,60.9,-111.6644183,34.29310987
5,2018,Arkansas,65.1,64.6,-92.43926766,34.89974533
5,2018,California,60.1,57.4,-119.610699,37.24607067
5,2018,Colorado,50.6,47.2,-105.5478247,38.99855182
5,2018,Connecticut,52.8,51.4,-72.72570604,41.62028634
5,2018,Delaware,60,57.1,-75.40040409,38.88701645
5,2018,Florida,73.3,72.2,-81.79746387,28.62843926
5,2018,Georgia,67.1,66.9,-83.44634183,32.64922907
5,2018,Idaho,48.2,45.1,-114.6593823,44.08908951
5,2018,Illinois,57.8,56.9,-89.19839676,40.06504091
5,2018,Indiana,57.4,56,-86.27563973,39.90814123
5,2018,Iowa,53.2,54,-93.50006496,42.07462688
5,2018,Kansas,59.4,58.5,-98.38021317,38.48470815
5,2018,Kentucky,61.2,59.8,-85.29045609,37.52666746
5,2018,Louisiana,70.2,69.8,-92.58566202,31.05840696
5,2018,Maine,45,44.4,-69.22664746,45.37143349
5,2018,Maryland,59.8,57.3,-76.77245461,39.0369223
5,2018,Massachusetts,51.6,50.3,-71.79863942,42.2533024
5,2018,Michigan,47.7,47.7,-85.43716696,44.35068131
5,2018,Minnesota,46.9,47.8,-94.30901265,46.31633293
5,2018,Mississippi,67.4,67.5,-89.66521368,32.75086663
5,2018,Missouri,60.4,59.4,-92.47741016,38.36761316
5,2018,Montana,46.8,45.5,-109.6451486,47.03353642
5,2018,Nebraska,52.5,53,-99.81080907,41.52714896
5,2018,Nevada,53.8,50.7,-116.6552255,39.35623735
5,2018,New Hampshire,47.6,46.6,-71.57759415,43.68563175
5,2018,New Jersey,56.6,54.6,-74.66075411,40.18442736
5,2018,New Mexico,60.3,55.8,-106.1083886,34.42137076
5,2018,New York,48.9,48.6,-75.50311828,42.94039011
5,2018,North Carolina,63.8,62.1,-79.37237975,35.54153412
5,2018,North Dakota,46.8,47.5,-100.4693211,47.44633852
5,2018,Ohio,56.6,54.7,-82.7900612,40.29145221
5,2018,Oklahoma,64.6,63.7,-97.50829271,35.58348565
5,2018,Oregon,50.2,47.2,-120.5554134,43.93664816
5,2018,Pennsylvania,53.6,52.2,-77.79955956,40.87383785
5,2018,Rhode Island,52.9,50.9,-71.55361205,41.67608139
5,2018,South Carolina,66.9,66.1,-80.89613969,33.90797425
5,2018,South Dakota,49.4,50.4,-100.2305075,44.4361607
5,2018,Tennessee,62.6,61.9,-86.34338037,35.84298709
5,2018,Texas,70.5,68.6,-99.35069715,31.48446438
5,2018,Utah,53.6,50,-111.6782164,39.32379475
5,2018,Vermont,46.3,46,-72.66264936,44.07519583
5,2018,Virginia,60.9,58.5,-78.81225447,37.51502389
5,2018,Washington,51.4,48.4,-120.4468664,47.38096888
5,2018,West Virginia,57.8,55.7,-80.61371197,38.64259874
5,2018,Wisconsin,47.8,48.7,-90.01169426,44.63803019
5,2018,Wyoming,46.3,43.6,-107.5514541,42.99964203
6,2018,Alabama,76.9,74.1,-86.82837194,32.78983219
6,2018,Arizona,73.6,69.8,-111.6644183,34.29310987
6,2018,Arkansas,77.6,72.6,-92.43926766,34.89974533
6,2018,California,67.2,64.5,-119.610699,37.24607067
6,2018,Colorado,61.8,56.5,-105.5478247,38.99855182
6,2018,Connecticut,64.3,61.1,-72.72570604,41.62028634
6,2018,Delaware,70.4,66.4,-75.40040409,38.88701645
6,2018,Florida,78.9,77.2,-81.79746387,28.62843926
6,2018,Georgia,76.5,74.2,-83.44634183,32.64922907
6,2018,Idaho,55.8,52.9,-114.6593823,44.08908951
6,2018,Illinois,72.8,66.8,-89.19839676,40.06504091
6,2018,Indiana,71.6,66,-86.27563973,39.90814123
6,2018,Iowa,70,64.4,-93.50006496,42.07462688
6,2018,Kansas,74.6,68.3,-98.38021317,38.48470815
6,2018,Kentucky,73.6,68.4,-85.29045609,37.52666746
6,2018,Louisiana,79.9,76.5,-92.58566202,31.05840696
6,2018,Maine,56.2,55.1,-69.22664746,45.37143349
6,2018,Maryland,70.4,66.4,-76.77245461,39.0369223
6,2018,Massachusetts,62.8,60,-71.79863942,42.2533024
6,2018,Michigan,62.7,58.4,-85.43716696,44.35068131
6,2018,Minnesota,64,58.9,-94.30901265,46.31633293
6,2018,Mississippi,78.2,74.8,-89.66521368,32.75086663
6,2018,Missouri,74.9,68.6,-92.47741016,38.36761316
6,2018,Montana,57.4,54.2,-109.6451486,47.03353642
6,2018,Nebraska,68,63.3,-99.81080907,41.52714896
6,2018,Nevada,62.8,59.5,-116.6552255,39.35623735
6,2018,New Hampshire,59.4,57.1,-71.57759415,43.68563175
6,2018,New Jersey,67.6,64.1,-74.66075411,40.18442736
6,2018,New Mexico,69.9,64.7,-106.1083886,34.42137076
6,2018,New York,61.7,59,-75.50311828,42.94039011
6,2018,North Carolina,74.2,70,-79.37237975,35.54153412
6,2018,North Dakota,63.8,58.3,-100.4693211,47.44633852
6,2018,Ohio,69.7,64.5,-82.7900612,40.29145221
6,2018,Oklahoma,77.8,72.4,-97.50829271,35.58348565
6,2018,Oregon,57,53.9,-120.5554134,43.93664816
6,2018,Pennsylvania,65.3,61.8,-77.79955956,40.87383785
6,2018,Rhode Island,63.6,60.3,-71.55361205,41.67608139
6,2018,South Carolina,77,73.7,-80.89613969,33.90797425
6,2018,South Dakota,65.7,60.9,-100.2305075,44.4361607
6,2018,Tennessee,74.4,70,-86.34338037,35.84298709
6,2018,Texas,80.9,76,-99.35069715,31.48446438
6,2018,Utah,63.7,59.3,-111.6782164,39.32379475
6,2018,Vermont,58.3,56.6,-72.66264936,44.07519583
6,2018,Virginia,71.4,67,-78.81225447,37.51502389
6,2018,Washington,57.9,54.8,-120.4468664,47.38096888
6,2018,West Virginia,68.9,64.2,-80.61371197,38.64259874
6,2018,Wisconsin,64.2,59.3,-90.01169426,44.63803019
6,2018,Wyoming,56.6,53,-107.5514541,42.99964203
7,2018,Alabama,80,78.7,-86.82837194,32.78983219
7,2018,Arizona,80.4,77,-111.6644183,34.29310987
7,2018,Arkansas,80.9,78.4,-92.43926766,34.89974533
7,2018,California,75.5,71.5,-119.610699,37.24607067
7,2018,Colorado,68.2,64.1,-105.5478247,38.99855182
7,2018,Connecticut,70.2,68,-72.72570604,41.62028634
7,2018,Delaware,74.9,73.1,-75.40040409,38.88701645
7,2018,Florida,81.9,80.2,-81.79746387,28.62843926
7,2018,Georgia,79.8,78.6,-83.44634183,32.64922907
7,2018,Idaho,63,60.8,-114.6593823,44.08908951
7,2018,Illinois,74.9,73.4,-89.19839676,40.06504091
7,2018,Indiana,73.8,72.5,-86.27563973,39.90814123
7,2018,Iowa,73.1,71.5,-93.50006496,42.07462688
7,2018,Kansas,78.4,76.1,-98.38021317,38.48470815
7,2018,Kentucky,76,74.4,-85.29045609,37.52666746
7,2018,Louisiana,82.8,80.8,-92.58566202,31.05840696
7,2018,Maine,63.9,62.6,-69.22664746,45.37143349
7,2018,Maryland,74.1,72.8,-76.77245461,39.0369223
7,2018,Massachusetts,69,67,-71.79863942,42.2533024
7,2018,Michigan,67.8,65.6,-85.43716696,44.35068131
7,2018,Minnesota,68.4,66.3,-94.30901265,46.31633293
7,2018,Mississippi,81.2,79.6,-89.66521368,32.75086663
7,2018,Missouri,77.8,75.3,-92.47741016,38.36761316
7,2018,Montana,63,62,-109.6451486,47.03353642
7,2018,Nebraska,72.8,71.4,-99.81080907,41.52714896
7,2018,Nevada,72.4,68,-116.6552255,39.35623735
7,2018,New Hampshire,65.6,64,-71.57759415,43.68563175
7,2018,New Jersey,73.1,71,-74.66075411,40.18442736
7,2018,New Mexico,74.7,70.9,-106.1083886,34.42137076
7,2018,New York,67.3,65.8,-75.50311828,42.94039011
7,2018,North Carolina,77,75.2,-79.37237975,35.54153412
7,2018,North Dakota,68.4,66,-100.4693211,47.44633852
7,2018,Ohio,72.6,70.9,-82.7900612,40.29145221
7,2018,Oklahoma,81.6,79.3,-97.50829271,35.58348565
7,2018,Oregon,63.8,61,-120.5554134,43.93664816
7,2018,Pennsylvania,69.1,68.2,-77.79955956,40.87383785
7,2018,Rhode Island,69.9,67.6,-71.55361205,41.67608139
7,2018,South Carolina,80.2,78.4,-80.89613969,33.90797425
7,2018,South Dakota,70.8,69.2,-100.2305075,44.4361607
7,2018,Tennessee,77.3,75.5,-86.34338037,35.84298709
7,2018,Texas,84.2,81,-99.35069715,31.48446438
7,2018,Utah,72.6,67.8,-111.6782164,39.32379475
7,2018,Vermont,64.6,63.4,-72.66264936,44.07519583
7,2018,Virginia,74.1,72.8,-78.81225447,37.51502389
7,2018,Washington,62.8,60.8,-120.4468664,47.38096888
7,2018,West Virginia,71.2,69.9,-80.61371197,38.64259874
7,2018,Wisconsin,68.2,66.6,-90.01169426,44.63803019
7,2018,Wyoming,63.8,61.4,-107.5514541,42.99964203
8,2018,Alabama,80.1,79.6,-86.82837194,32.78983219
8,2018,Arizona,81.2,78.7,-111.6644183,34.29310987
8,2018,Arkansas,80.3,79.8,-92.43926766,34.89974533
8,2018,California,78,74.2,-119.610699,37.24607067
8,2018,Colorado,68.1,66.1,-105.5478247,38.99855182
8,2018,Connecticut,74.2,69.7,-72.72570604,41.62028634
8,2018,Delaware,77.9,74.6,-75.40040409,38.88701645
8,2018,Florida,82.3,81,-81.79746387,28.62843926
8,2018,Georgia,79.8,79.4,-83.44634183,32.64922907
8,2018,Idaho,66.7,64.3,-114.6593823,44.08908951
8,2018,Illinois,74.8,74.4,-89.19839676,40.06504091
8,2018,Indiana,74,73.4,-86.27563973,39.90814123
8,2018,Iowa,72.4,72.6,-93.50006496,42.07462688
8,2018,Kansas,77.2,78.1,-98.38021317,38.48470815
8,2018,Kentucky,76.2,75.5,-85.29045609,37.52666746
8,2018,Louisiana,82.8,81.8,-92.58566202,31.05840696
8,2018,Maine,68.4,64.2,-69.22664746,45.37143349
8,2018,Maryland,76.6,74.1,-76.77245461,39.0369223
8,2018,Massachusetts,73.4,68.6,-71.79863942,42.2533024
8,2018,Michigan,70.2,67,-85.43716696,44.35068131
8,2018,Minnesota,68.6,67.6,-94.30901265,46.31633293
8,2018,Mississippi,81,80.5,-89.66521368,32.75086663
8,2018,Missouri,77.3,76.8,-92.47741016,38.36761316
8,2018,Montana,65.6,64.8,-109.6451486,47.03353642
8,2018,Nebraska,72.1,73.4,-99.81080907,41.52714896
8,2018,Nevada,75.1,71.1,-116.6552255,39.35623735
8,2018,New Hampshire,69.6,65.3,-71.57759415,43.68563175
8,2018,New Jersey,76.5,72.5,-74.66075411,40.18442736
8,2018,New Mexico,74,71.7,-106.1083886,34.42137076
8,2018,New York,70.8,67.1,-75.50311828,42.94039011
8,2018,North Carolina,77.2,76.2,-79.37237975,35.54153412
8,2018,North Dakota,68.4,67.9,-100.4693211,47.44633852
8,2018,Ohio,73.7,71.9,-82.7900612,40.29145221
8,2018,Oklahoma,81.3,81.3,-97.50829271,35.58348565
8,2018,Oregon,67.8,64.4,-120.5554134,43.93664816
8,2018,Pennsylvania,71.8,69.3,-77.79955956,40.87383785
8,2018,Rhode Island,74.4,69.4,-71.55361205,41.67608139
8,2018,South Carolina,80.1,79.3,-80.89613969,33.90797425
8,2018,South Dakota,71,71.5,-100.2305075,44.4361607
8,2018,Tennessee,77.3,76.6,-86.34338037,35.84298709
8,2018,Texas,83.8,82.1,-99.35069715,31.48446438
8,2018,Utah,74.2,70.4,-111.6782164,39.32379475
8,2018,Vermont,68.8,64.7,-72.66264936,44.07519583
8,2018,Virginia,75.1,73.9,-78.81225447,37.51502389
8,2018,Washington,66.8,63.8,-120.4468664,47.38096888
8,2018,West Virginia,72.4,71.1,-80.61371197,38.64259874
8,2018,Wisconsin,69.2,67.7,-90.01169426,44.63803019
8,2018,Wyoming,65.4,64.3,-107.5514541,42.99964203
9,2018,Alabama,79.4,76.9,-86.82837194,32.78983219
9,2018,Arizona,78.1,74.9,-111.6644183,34.29310987
9,2018,Arkansas,76.9,76.1,-92.43926766,34.89974533
9,2018,California,73.8,71.2,-119.610699,37.24607067
9,2018,Colorado,64,61.2,-105.5478247,38.99855182
9,2018,Connecticut,70.2,65,-72.72570604,41.62028634
9,2018,Delaware,76.1,70.6,-75.40040409,38.88701645
9,2018,Florida,82.3,80.1,-81.79746387,28.62843926
9,2018,Georgia,79.6,76.8,-83.44634183,32.64922907
9,2018,Idaho,60.6,59.1,-114.6593823,44.08908951
9,2018,Illinois,72.5,69.8,-89.19839676,40.06504091
9,2018,Indiana,71.9,69,-86.27563973,39.90814123
9,2018,Iowa,68.9,67.2,-93.50006496,42.07462688
9,2018,Kansas,72.9,72.9,-98.38021317,38.48470815
9,2018,Kentucky,74.4,71.7,-85.29045609,37.52666746
9,2018,Louisiana,81.1,79.4,-92.58566202,31.05840696
9,2018,Maine,63,59,-69.22664746,45.37143349
9,2018,Maryland,74.9,70.1,-76.77245461,39.0369223
9,2018,Massachusetts,69.4,64,-71.79863942,42.2533024
9,2018,Michigan,66.1,62.2,-85.43716696,44.35068131
9,2018,Minnesota,63.2,61.5,-94.30901265,46.31633293
9,2018,Mississippi,79.6,77.7,-89.66521368,32.75086663
9,2018,Missouri,73.9,72.2,-92.47741016,38.36761316
9,2018,Montana,58.8,59,-109.6451486,47.03353642
9,2018,Nebraska,68.2,67.5,-99.81080907,41.52714896
9,2018,Nevada,69.1,65.9,-116.6552255,39.35623735
9,2018,New Hampshire,65.1,60.3,-71.57759415,43.68563175
9,2018,New Jersey,73.5,68.3,-74.66075411,40.18442736
9,2018,New Mexico,69.9,67.6,-106.1083886,34.42137076
9,2018,New York,67,62.5,-75.50311828,42.94039011
9,2018,North Carolina,76.8,73,-79.37237975,35.54153412
9,2018,North Dakota,61.3,61.6,-100.4693211,47.44633852
9,2018,Ohio,71.6,67.7,-82.7900612,40.29145221
9,2018,Oklahoma,76.9,77,-97.50829271,35.58348565
9,2018,Oregon,62,60.7,-120.5554134,43.93664816
9,2018,Pennsylvania,69.4,65,-77.79955956,40.87383785
9,2018,Rhode Island,70.8,65.3,-71.55361205,41.67608139
9,2018,South Carolina,79.7,76.2,-80.89613969,33.90797425
9,2018,South Dakota,65.7,65.3,-100.2305075,44.4361607
9,2018,Tennessee,75.7,73.1,-86.34338037,35.84298709
9,2018,Texas,79.6,78.9,-99.35069715,31.48446438
9,2018,Utah,69.1,65,-111.6782164,39.32379475
9,2018,Vermont,64.5,59.7,-72.66264936,44.07519583
9,2018,Virginia,74,70.1,-78.81225447,37.51502389
9,2018,Washington,61.2,60.3,-120.4468664,47.38096888
9,2018,West Virginia,71.4,67.4,-80.61371197,38.64259874
9,2018,Wisconsin,64.8,62.2,-90.01169426,44.63803019
9,2018,Wyoming,60.4,58.5,-107.5514541,42.99964203
10,2018,Alabama,73.4,69.3,-86.82837194,32.78983219
10,2018,Arizona,67.9,66.5,-111.6644183,34.29310987
10,2018,Arkansas,68.8,67.3,-92.43926766,34.89974533
10,2018,California,66,64,-119.610699,37.24607067
10,2018,Colorado,53.4,51.9,-105.5478247,38.99855182
10,2018,Connecticut,59.2,56.2,-72.72570604,41.62028634
10,2018,Delaware,66.9,61.9,-75.40040409,38.88701645
10,2018,Florida,79.4,75.6,-81.79746387,28.62843926
10,2018,Georgia,74.1,69.4,-83.44634183,32.64922907
10,2018,Idaho,50.1,49.4,-114.6593823,44.08908951
10,2018,Illinois,62.2,60.4,-89.19839676,40.06504091
10,2018,Indiana,62.4,59.8,-86.27563973,39.90814123
10,2018,Iowa,57,57.1,-93.50006496,42.07462688
10,2018,Kansas,61.8,62.5,-98.38021317,38.48470815
10,2018,Kentucky,66,62.8,-85.29045609,37.52666746
10,2018,Louisiana,75.4,72.3,-92.58566202,31.05840696
10,2018,Maine,49.9,49.6,-69.22664746,45.37143349
10,2018,Maryland,65.8,61.4,-76.77245461,39.0369223
10,2018,Massachusetts,57.8,55.2,-71.79863942,42.2533024
10,2018,Michigan,54.2,53,-85.43716696,44.35068131
10,2018,Minnesota,49.8,50.9,-94.30901265,46.31633293
10,2018,Mississippi,73.2,69.8,-89.66521368,32.75086663
10,2018,Missouri,63.8,62.6,-92.47741016,38.36761316
10,2018,Montana,47.3,48.5,-109.6451486,47.03353642
10,2018,Nebraska,56.4,56.8,-99.81080907,41.52714896
10,2018,Nevada,57.6,56.2,-116.6552255,39.35623735
10,2018,New Hampshire,53,51.1,-71.57759415,43.68563175
10,2018,New Jersey,63.3,59.5,-74.66075411,40.18442736
10,2018,New Mexico,60.4,59.3,-106.1083886,34.42137076
10,2018,New York,55.6,53.4,-75.50311828,42.94039011
10,2018,North Carolina,69.4,65,-79.37237975,35.54153412
10,2018,North Dakota,47,50.1,-100.4693211,47.44633852
10,2018,Ohio,61.9,58.6,-82.7900612,40.29145221
10,2018,Oklahoma,67,67.4,-97.50829271,35.58348565
10,2018,Oregon,53.1,52.7,-120.5554134,43.93664816
10,2018,Pennsylvania,59.5,56.2,-77.79955956,40.87383785
10,2018,Rhode Island,59.6,56.9,-71.55361205,41.67608139
10,2018,South Carolina,73.2,68.5,-80.89613969,33.90797425
10,2018,South Dakota,52.4,54.1,-100.2305075,44.4361607
10,2018,Tennessee,67.9,64.4,-86.34338037,35.84298709
10,2018,Texas,70.8,71,-99.35069715,31.48446438
10,2018,Utah,56.6,54.7,-111.6782164,39.32379475
10,2018,Vermont,52.6,50.7,-72.66264936,44.07519583
10,2018,Virginia,65.9,61.6,-78.81225447,37.51502389
10,2018,Washington,51.8,52,-120.4468664,47.38096888
10,2018,West Virginia,62.8,58.8,-80.61371197,38.64259874
10,2018,Wisconsin,52.4,52.4,-90.01169426,44.63803019
10,2018,Wyoming,49.1,48,-107.5514541,42.99964203
11,2018,Alabama,58.9,58.7,-86.82837194,32.78983219
11,2018,Arizona,54.6,55,-111.6644183,34.29310987
11,2018,Arkansas,54.2,55.8,-92.43926766,34.89974533
11,2018,California,56.8,54.6,-119.610699,37.24607067
11,2018,Colorado,38.8,40,-105.5478247,38.99855182
11,2018,Connecticut,45.7,45.6,-72.72570604,41.62028634
11,2018,Delaware,53,51.1,-75.40040409,38.88701645
11,2018,Florida,71.6,68.3,-81.79746387,28.62843926
11,2018,Georgia,60.8,59.2,-83.44634183,32.64922907
11,2018,Idaho,38,37.9,-114.6593823,44.08908951
11,2018,Illinois,44.9,47.7,-89.19839676,40.06504091
11,2018,Indiana,45.8,47.4,-86.27563973,39.90814123
11,2018,Iowa,39.1,43.6,-93.50006496,42.07462688
11,2018,Kansas,45.9,49.3,-98.38021317,38.48470815
11,2018,Kentucky,50.4,51.1,-85.29045609,37.52666746
11,2018,Louisiana,62.8,62.5,-92.58566202,31.05840696
11,2018,Maine,35.2,38.2,-69.22664746,45.37143349
11,2018,Maryland,51.2,50.3,-76.77245461,39.0369223
11,2018,Massachusetts,44,44.6,-71.79863942,42.2533024
11,2018,Michigan,38.4,41.1,-85.43716696,44.35068131
11,2018,Minnesota,31.8,36.5,-94.30901265,46.31633293
11,2018,Mississippi,59,59.2,-89.66521368,32.75086663
11,2018,Missouri,47,50.3,-92.47741016,38.36761316
11,2018,Montana,35.9,36.4,-109.6451486,47.03353642
11,2018,Nebraska,40.4,43.4,-99.81080907,41.52714896
11,2018,Nevada,44.8,44.8,-116.6552255,39.35623735
11,2018,New Hampshire,38.1,40,-71.57759415,43.68563175
11,2018,New Jersey,49.4,48.5,-74.66075411,40.18442736
11,2018,New Mexico,47.6,48.1,-106.1083886,34.42137076
11,2018,New York,40.5,42.2,-75.50311828,42.94039011
11,2018,North Carolina,55.4,54.4,-79.37237975,35.54153412
11,2018,North Dakota,31,35.2,-100.4693211,47.44633852
11,2018,Ohio,45.8,46.8,-82.7900612,40.29145221
11,2018,Oklahoma,52.3,55,-97.50829271,35.58348565
11,2018,Oregon,44,42.8,-120.5554134,43.93664816
11,2018,Pennsylvania,44.5,45,-77.79955956,40.87383785
11,2018,Rhode Island,46.8,46.6,-71.55361205,41.67608139
11,2018,South Carolina,59.4,58.1,-80.89613969,33.90797425
11,2018,South Dakota,36.2,39.7,-100.2305075,44.4361607
11,2018,Tennessee,52.7,53.1,-86.34338037,35.84298709
11,2018,Texas,58.6,60.3,-99.35069715,31.48446438
11,2018,Utah,41.2,42.4,-111.6782164,39.32379475
11,2018,Vermont,37.2,39.1,-72.66264936,44.07519583
11,2018,Virginia,51.4,50.8,-78.81225447,37.51502389
11,2018,Washington,43,41.9,-120.4468664,47.38096888
11,2018,West Virginia,47.6,47.6,-80.61371197,38.64259874
11,2018,Wisconsin,35.4,39.1,-90.01169426,44.63803019
11,2018,Wyoming,34.8,35.8,-107.5514541,42.99964203
12,2018,Alabama,49.7,50,-86.82837194,32.78983219
12,2018,Arizona,46.1,45.3,-111.6644183,34.29310987
12,2018,Arkansas,45,45.7,-92.43926766,34.89974533
12,2018,California,48.7,46.3,-119.610699,37.24607067
12,2018,Colorado,29.6,29.4,-105.5478247,38.99855182
12,2018,Connecticut,36.4,34.7,-72.72570604,41.62028634
12,2018,Delaware,43.6,41,-75.40040409,38.88701645
12,2018,Florida,64.2,61.5,-81.79746387,28.62843926
12,2018,Georgia,51.7,50.7,-83.44634183,32.64922907
12,2018,Idaho,28.2,27.8,-114.6593823,44.08908951
12,2018,Illinois,35,35.1,-89.19839676,40.06504091
12,2018,Indiana,36.1,35.7,-86.27563973,39.90814123
12,2018,Iowa,29,29.2,-93.50006496,42.07462688
12,2018,Kansas,36.2,36.7,-98.38021317,38.48470815
12,2018,Kentucky,41.2,40.8,-85.29045609,37.52666746
12,2018,Louisiana,53.7,54.2,-92.58566202,31.05840696
12,2018,Maine,24.5,25.5,-69.22664746,45.37143349
12,2018,Maryland,41.3,40.1,-76.77245461,39.0369223
12,2018,Massachusetts,35,33.7,-71.79863942,42.2533024
12,2018,Michigan,29.8,29,-85.43716696,44.35068131
12,2018,Minnesota,21.5,20.4,-94.30901265,46.31633293
12,2018,Mississippi,49.8,50.4,-89.66521368,32.75086663
12,2018,Missouri,37.2,38.3,-92.47741016,38.36761316
12,2018,Montana,27.6,25.1,-109.6451486,47.03353642
12,2018,Nebraska,30.8,30.6,-99.81080907,41.52714896
12,2018,Nevada,35.7,35,-116.6552255,39.35623735
12,2018,New Hampshire,28,28,-71.57759415,43.68563175
12,2018,New Jersey,40.2,38.1,-74.66075411,40.18442736
12,2018,New Mexico,38.4,38.2,-106.1083886,34.42137076
12,2018,New York,30.9,30.4,-75.50311828,42.94039011
12,2018,North Carolina,46.7,45.4,-79.37237975,35.54153412
12,2018,North Dakota,21.8,19.5,-100.4693211,47.44633852
12,2018,Ohio,36.2,35.6,-82.7900612,40.29145221
12,2018,Oklahoma,42.6,43.6,-97.50829271,35.58348565
12,2018,Oregon,35.8,34.7,-120.5554134,43.93664816
12,2018,Pennsylvania,35.1,34.1,-77.79955956,40.87383785
12,2018,Rhode Island,38.2,36.3,-71.55361205,41.67608139
12,2018,South Carolina,50.2,49.3,-80.89613969,33.90797425
12,2018,South Dakota,27.3,25.7,-100.2305075,44.4361607
12,2018,Tennessee,43.6,43.4,-86.34338037,35.84298709
12,2018,Texas,50.1,50.8,-99.35069715,31.48446438
12,2018,Utah,31.2,31.5,-111.6782164,39.32379475
12,2018,Vermont,26.5,26.7,-72.66264936,44.07519583
12,2018,Virginia,41.8,41.2,-78.81225447,37.51502389
12,2018,Washington,35.8,33.6,-120.4468664,47.38096888
12,2018,West Virginia,38.4,37.6,-80.61371197,38.64259874
12,2018,Wisconsin,26.2,24.9,-90.01169426,44.63803019
12,2018,Wyoming,25,24.8,-107.5514541,42.99964203
1,2019,Alabama,47.8,45.9,-86.82837194,32.78983219
1,2019,Arizona,42.6,41.1,-111.6644183,34.29310987
1,2019,Arkansas,42.5,40.4,-92.43926766,34.89974533
1,2019,California,45.4,42.6,-119.610699,37.24607067
1,2019,Colorado,26.3,24.5,-105.5478247,38.99855182
1,2019,Connecticut,30.4,27.3,-72.72570604,41.62028634
1,2019,Delaware,38.4,34.8,-75.40040409,38.88701645
1,2019,Florida,60.1,58.3,-81.79746387,28.62843926
1,2019,Georgia,49.2,46.6,-83.44634183,32.64922907
1,2019,Idaho,25.3,23,-114.6593823,44.08908951
1,2019,Illinois,29.9,27.4,-89.19839676,40.06504091
1,2019,Indiana,31.2,28.5,-86.27563973,39.90814123
1,2019,Iowa,23.4,20.3,-93.50006496,42.07462688
1,2019,Kansas,32.8,30.1,-98.38021317,38.48470815
1,2019,Kentucky,37.8,35,-85.29045609,37.52666746
1,2019,Louisiana,51.2,50.1,-92.58566202,31.05840696
1,2019,Maine,17.2,15.9,-69.22664746,45.37143349
1,2019,Maryland,36.6,33.9,-76.77245461,39.0369223
1,2019,Massachusetts,29,26.1,-71.79863942,42.2533024
1,2019,Michigan,22.8,20.8,-85.43716696,44.35068131
1,2019,Minnesota,13.4,9.7,-94.30901265,46.31633293
1,2019,Mississippi,47.6,46,-89.66521368,32.75086663
1,2019,Missouri,33.9,31.3,-92.47741016,38.36761316
1,2019,Montana,24.8,18.7,-109.6451486,47.03353642
1,2019,Nebraska,27.2,23.7,-99.81080907,41.52714896
1,2019,Nevada,33,30.5,-116.6552255,39.35623735
1,2019,New Hampshire,21.4,19.5,-71.57759415,43.68563175
1,2019,New Jersey,34.7,31.3,-74.66075411,40.18442736
1,2019,New Mexico,35.6,34,-106.1083886,34.42137076
1,2019,New York,24,22.3,-75.50311828,42.94039011
1,2019,North Carolina,43.5,40.8,-79.37237975,35.54153412
1,2019,North Dakota,15.3,9.6,-100.4693211,47.44633852
1,2019,Ohio,31.2,28.6,-82.7900612,40.29145221
1,2019,Oklahoma,39.6,37.8,-97.50829271,35.58348565
1,2019,Oregon,33.8,31,-120.5554134,43.93664816
1,2019,Pennsylvania,29.6,27.1,-77.79955956,40.87383785
1,2019,Rhode Island,32.2,29.1,-71.55361205,41.67608139
1,2019,South Carolina,47.6,45.1,-80.89613969,33.90797425
1,2019,South Dakota,21.6,17.4,-100.2305075,44.4361607
1,2019,Tennessee,41,38.2,-86.34338037,35.84298709
1,2019,Texas,47.8,46.2,-99.35069715,31.48446438
1,2019,Utah,27.2,26.2,-111.6782164,39.32379475
1,2019,Vermont,19,17.8,-72.66264936,44.07519583
1,2019,Virginia,38,35.8,-78.81225447,37.51502389
1,2019,Washington,33.6,29.5,-120.4468664,47.38096888
1,2019,West Virginia,34.4,31.9,-80.61371197,38.64259874
1,2019,Wisconsin,19.1,15.3,-90.01169426,44.63803019
1,2019,Wyoming,21.8,19.6,-107.5514541,42.99964203
2,2019,Alabama,51.3,46.6,-86.82837194,32.78983219
2,2019,Arizona,41.6,42.6,-111.6644183,34.29310987
2,2019,Arkansas,43.4,41.2,-92.43926766,34.89974533
2,2019,California,43.4,43.9,-119.610699,37.24607067
2,2019,Colorado,25.4,25.5,-105.5478247,38.99855182
2,2019,Connecticut,28.6,25.8,-72.72570604,41.62028634
2,2019,Delaware,37,33.8,-75.40040409,38.88701645
2,2019,Florida,63,58.6,-81.79746387,28.62843926
2,2019,Georgia,52.2,47.4,-83.44634183,32.64922907
2,2019,Idaho,24.8,24.3,-114.6593823,44.08908951
2,2019,Illinois,27.4,27.3,-89.19839676,40.06504091
2,2019,Indiana,29.6,27.9,-86.27563973,39.90814123
2,2019,Iowa,17,20.2,-93.50006496,42.07462688
2,2019,Kansas,29.6,31.1,-98.38021317,38.48470815
2,2019,Kentucky,38.7,35.1,-85.29045609,37.52666746
2,2019,Louisiana,53.8,50.9,-92.58566202,31.05840696
2,2019,Maine,15.2,14.1,-69.22664746,45.37143349
2,2019,Maryland,35.8,33.1,-76.77245461,39.0369223
2,2019,Massachusetts,27.2,24.6,-71.79863942,42.2533024
2,2019,Michigan,18.4,18.7,-85.43716696,44.35068131
2,2019,Minnesota,6,9.3,-94.30901265,46.31633293
2,2019,Mississippi,50.6,46.7,-89.66521368,32.75086663
2,2019,Missouri,32,31.6,-92.47741016,38.36761316
2,2019,Montana,14.9,19,-109.6451486,47.03353642
2,2019,Nebraska,21.8,24.4,-99.81080907,41.52714896
2,2019,Nevada,32,32,-116.6552255,39.35623735
2,2019,New Hampshire,19.5,17.8,-71.57759415,43.68563175
2,2019,New Jersey,33.2,30.1,-74.66075411,40.18442736
2,2019,New Mexico,36.8,35.7,-106.1083886,34.42137076
2,2019,New York,21.8,20.3,-75.50311828,42.94039011
2,2019,North Carolina,45,40.9,-79.37237975,35.54153412
2,2019,North Dakota,3.6,9.2,-100.4693211,47.44633852
2,2019,Ohio,30.2,27.9,-82.7900612,40.29145221
2,2019,Oklahoma,39.3,38.9,-97.50829271,35.58348565
2,2019,Oregon,32,32.1,-120.5554134,43.93664816
2,2019,Pennsylvania,28,25.9,-77.79955956,40.87383785
2,2019,Rhode Island,30.3,27.5,-71.55361205,41.67608139
2,2019,South Carolina,49.8,45.7,-80.89613969,33.90797425
2,2019,South Dakota,12,17.4,-100.2305075,44.4361607
2,2019,Tennessee,43,38.6,-86.34338037,35.84298709
2,2019,Texas,49.6,47.5,-99.35069715,31.48446438
2,2019,Utah,27.1,27.8,-111.6782164,39.32379475
2,2019,Vermont,17,15.9,-72.66264936,44.07519583
2,2019,Virginia,39,35.7,-78.81225447,37.51502389
2,2019,Washington,29.8,30.8,-120.4468664,47.38096888
2,2019,West Virginia,35.2,31.6,-80.61371197,38.64259874
2,2019,Wisconsin,13.3,14.4,-90.01169426,44.63803019
2,2019,Wyoming,19.4,20.3,-107.5514541,42.99964203
3,2019,Alabama,55.6,51.6,-86.82837194,32.78983219
3,2019,Arizona,46.3,47.1,-111.6644183,34.29310987
3,2019,Arkansas,47.4,47.1,-92.43926766,34.89974533
3,2019,California,44.8,47.1,-119.610699,37.24607067
3,2019,Colorado,29.4,30.6,-105.5478247,38.99855182
3,2019,Connecticut,32.6,30.9,-72.72570604,41.62028634
3,2019,Delaware,41,38.6,-75.40040409,38.88701645
3,2019,Florida,66.6,61.7,-81.79746387,28.62843926
3,2019,Georgia,56.2,52,-83.44634183,32.64922907
3,2019,Idaho,27.8,29.5,-114.6593823,44.08908951
3,2019,Illinois,33.3,34.5,-89.19839676,40.06504091
3,2019,Indiana,34.8,34.5,-86.27563973,39.90814123
3,2019,Iowa,23.2,28.7,-93.50006496,42.07462688
3,2019,Kansas,33.6,38,-98.38021317,38.48470815
3,2019,Kentucky,42.7,40.9,-85.29045609,37.52666746
3,2019,Louisiana,57.9,55.7,-92.58566202,31.05840696
3,2019,Maine,20.5,20.4,-69.22664746,45.37143349
3,2019,Maryland,39.8,38.1,-76.77245461,39.0369223
3,2019,Massachusetts,31.1,29.6,-71.79863942,42.2533024
3,2019,Michigan,23.7,24.1,-85.43716696,44.35068131
3,2019,Minnesota,14,18.8,-94.30901265,46.31633293
3,2019,Mississippi,54.8,51.9,-89.66521368,32.75086663
3,2019,Missouri,37,38.7,-92.47741016,38.36761316
3,2019,Montana,15.2,25.4,-109.6451486,47.03353642
3,2019,Nebraska,24.4,31.2,-99.81080907,41.52714896
3,2019,Nevada,35,36.8,-116.6552255,39.35623735
3,2019,New Hampshire,24.2,23.7,-71.57759415,43.68563175
3,2019,New Jersey,37,34.9,-74.66075411,40.18442736
3,2019,New Mexico,41.8,40.6,-106.1083886,34.42137076
3,2019,New York,26.8,25.6,-75.50311828,42.94039011
3,2019,North Carolina,48.4,45.6,-79.37237975,35.54153412
3,2019,North Dakota,9,18.4,-100.4693211,47.44633852
3,2019,Ohio,34.9,33.7,-82.7900612,40.29145221
3,2019,Oklahoma,43.8,45.3,-97.50829271,35.58348565
3,2019,Oregon,33,36.2,-120.5554134,43.93664816
3,2019,Pennsylvania,32.4,31.1,-77.79955956,40.87383785
3,2019,Rhode Island,33.8,32,-71.55361205,41.67608139
3,2019,South Carolina,53.6,50.4,-80.89613969,33.90797425
3,2019,South Dakota,15.6,25.3,-100.2305075,44.4361607
3,2019,Tennessee,46.8,44.3,-86.34338037,35.84298709
3,2019,Texas,53.8,52.9,-99.35069715,31.48446438
3,2019,Utah,32.7,33.8,-111.6782164,39.32379475
3,2019,Vermont,22.4,21.8,-72.66264936,44.07519583
3,2019,Virginia,42.8,40.6,-78.81225447,37.51502389
3,2019,Washington,30.8,35.9,-120.4468664,47.38096888
3,2019,West Virginia,39.3,36.9,-80.61371197,38.64259874
3,2019,Wisconsin,19.6,22.3,-90.01169426,44.63803019
3,2019,Wyoming,21.9,25.7,-107.5514541,42.99964203
4,2019,Alabama,59.2,58.9,-86.82837194,32.78983219
4,2019,Arizona,56,53.1,-111.6644183,34.29310987
4,2019,Arkansas,54.8,55.8,-92.43926766,34.89974533
4,2019,California,53.6,51.4,-119.610699,37.24607067
4,2019,Colorado,39.6,38,-105.5478247,38.99855182
4,2019,Connecticut,42,40.7,-72.72570604,41.62028634
4,2019,Delaware,51,47.4,-75.40040409,38.88701645
4,2019,Florida,68.4,66.6,-81.79746387,28.62843926
4,2019,Georgia,60.4,59.1,-83.44634183,32.64922907
4,2019,Idaho,37.6,36.7,-114.6593823,44.08908951
4,2019,Illinois,44.9,45.7,-89.19839676,40.06504091
4,2019,Indiana,44.7,45.1,-86.27563973,39.90814123
4,2019,Iowa,40.2,41.4,-93.50006496,42.07462688
4,2019,Kansas,47.4,47.9,-98.38021317,38.48470815
4,2019,Kentucky,50.4,50.2,-85.29045609,37.52666746
4,2019,Louisiana,61.7,62.7,-92.58566202,31.05840696
4,2019,Maine,31.8,32.1,-69.22664746,45.37143349
4,2019,Maryland,50,47.4,-76.77245461,39.0369223
4,2019,Massachusetts,40.7,39.4,-71.79863942,42.2533024
4,2019,Michigan,35,35.4,-85.43716696,44.35068131
4,2019,Minnesota,32,33.3,-94.30901265,46.31633293
4,2019,Mississippi,58.9,59.6,-89.66521368,32.75086663
4,2019,Missouri,48.8,49.1,-92.47741016,38.36761316
4,2019,Montana,33.6,35.1,-109.6451486,47.03353642
4,2019,Nebraska,40.4,41.7,-99.81080907,41.52714896
4,2019,Nevada,45.1,43.1,-116.6552255,39.35623735
4,2019,New Hampshire,34.9,34.8,-71.57759415,43.68563175
4,2019,New Jersey,47.1,44.3,-74.66075411,40.18442736
4,2019,New Mexico,49.8,47.5,-106.1083886,34.42137076
4,2019,New York,37,36.7,-75.50311828,42.94039011
4,2019,North Carolina,54.9,53.5,-79.37237975,35.54153412
4,2019,North Dakota,31.2,33,-100.4693211,47.44633852
4,2019,Ohio,44.6,43.9,-82.7900612,40.29145221
4,2019,Oklahoma,53.8,54.3,-97.50829271,35.58348565
4,2019,Oregon,41.7,41.1,-120.5554134,43.93664816
4,2019,Pennsylvania,42.6,41.3,-77.79955956,40.87383785
4,2019,Rhode Island,42.6,41,-71.55361205,41.67608139
4,2019,South Carolina,59,57.8,-80.89613969,33.90797425
4,2019,South Dakota,34.6,37.7,-100.2305075,44.4361607
4,2019,Tennessee,53.1,53,-86.34338037,35.84298709
4,2019,Texas,60.4,60.6,-99.35069715,31.48446438
4,2019,Utah,43.4,41.4,-111.6782164,39.32379475
4,2019,Vermont,33.6,33.6,-72.66264936,44.07519583
4,2019,Virginia,51,49.3,-78.81225447,37.51502389
4,2019,Washington,41.2,41.8,-120.4468664,47.38096888
4,2019,West Virginia,47.5,46,-80.61371197,38.64259874
4,2019,Wisconsin,34,35.4,-90.01169426,44.63803019
4,2019,Wyoming,34,33.9,-107.5514541,42.99964203
5,2019,Alabama,68.8,66.7,-86.82837194,32.78983219
5,2019,Arizona,60.5,60.9,-111.6644183,34.29310987
5,2019,Arkansas,65.7,64.6,-92.43926766,34.89974533
5,2019,California,58.4,57.4,-119.610699,37.24607067
5,2019,Colorado,46.7,47.2,-105.5478247,38.99855182
5,2019,Connecticut,53.1,51.4,-72.72570604,41.62028634
5,2019,Delaware,62.8,57.1,-75.40040409,38.88701645
5,2019,Florida,75,72.2,-81.79746387,28.62843926
5,2019,Georgia,70.1,66.9,-83.44634183,32.64922907
5,2019,Idaho,46.4,45.2,-114.6593823,44.08908951
5,2019,Illinois,57.5,56.8,-89.19839676,40.06504091
5,2019,Indiana,57.4,56,-86.27563973,39.90814123
5,2019,Iowa,52.9,53.9,-93.50006496,42.07462688
5,2019,Kansas,58,58.5,-98.38021317,38.48470815
5,2019,Kentucky,63.1,59.8,-85.29045609,37.52666746
5,2019,Louisiana,70.6,69.9,-92.58566202,31.05840696
5,2019,Maine,43.4,44.4,-69.22664746,45.37143349
5,2019,Maryland,62.6,57.3,-76.77245461,39.0369223
5,2019,Massachusetts,51.5,50.2,-71.79863942,42.2533024
5,2019,Michigan,47.2,47.8,-85.43716696,44.35068131
5,2019,Minnesota,46,47.8,-94.30901265,46.31633293
5,2019,Mississippi,68.7,67.4,-89.66521368,32.75086663
5,2019,Missouri,60.6,59.4,-92.47741016,38.36761316
5,2019,Montana,44.8,45.5,-109.6451486,47.03353642
5,2019,Nebraska,51.4,53.1,-99.81080907,41.52714896
5,2019,Nevada,50.9,50.8,-116.6552255,39.35623735
5,2019,New Hampshire,46.8,46.6,-71.57759415,43.68563175
5,2019,New Jersey,58.8,54.6,-74.66075411,40.18442736
5,2019,New Mexico,56,55.8,-106.1083886,34.42137076
5,2019,New York,49.4,48.7,-75.50311828,42.94039011
5,2019,North Carolina,66.6,62.1,-79.37237975,35.54153412
5,2019,North Dakota,45.7,47.5,-100.4693211,47.44633852
5,2019,Ohio,57.6,54.7,-82.7900612,40.29145221
5,2019,Oklahoma,63.7,63.7,-97.50829271,35.58348565
5,2019,Oregon,49.4,47.2,-120.5554134,43.93664816
5,2019,Pennsylvania,55.6,52.2,-77.79955956,40.87383785
5,2019,Rhode Island,52.8,50.9,-71.55361205,41.67608139
5,2019,South Carolina,69.7,66.1,-80.89613969,33.90797425
5,2019,South Dakota,47.3,50.4,-100.2305075,44.4361607
5,2019,Tennessee,64.7,61.9,-86.34338037,35.84298709
5,2019,Texas,68.8,68.7,-99.35069715,31.48446438
5,2019,Utah,49.6,50.1,-111.6782164,39.32379475
5,2019,Vermont,46,46,-72.66264936,44.07519583
5,2019,Virginia,63.5,58.6,-78.81225447,37.51502389
5,2019,Washington,51,48.5,-120.4468664,47.38096888
5,2019,West Virginia,60.2,55.7,-80.61371197,38.64259874
5,2019,Wisconsin,47.1,48.6,-90.01169426,44.63803019
5,2019,Wyoming,42.8,43.7,-107.5514541,42.99964203
6,2019,Alabama,76.1,74,-86.82837194,32.78983219
6,2019,Arizona,67.9,69.7,-111.6644183,34.29310987
6,2019,Arkansas,73.1,72.6,-92.43926766,34.89974533
6,2019,California,64.8,64.4,-119.610699,37.24607067
6,2019,Colorado,54.2,56.5,-105.5478247,38.99855182
6,2019,Connecticut,61.8,61.1,-72.72570604,41.62028634
6,2019,Delaware,70.4,66.5,-75.40040409,38.88701645
6,2019,Florida,80.6,77.3,-81.79746387,28.62843926
6,2019,Georgia,76.9,74.2,-83.44634183,32.64922907
6,2019,Idaho,53.5,53,-114.6593823,44.08908951
6,2019,Illinois,66.7,66.8,-89.19839676,40.06504091
6,2019,Indiana,66.2,65.9,-86.27563973,39.90814123
6,2019,Iowa,63,64.5,-93.50006496,42.07462688
6,2019,Kansas,66.4,68.3,-98.38021317,38.48470815
6,2019,Kentucky,70.2,68.5,-85.29045609,37.52666746
6,2019,Louisiana,78.1,76.6,-92.58566202,31.05840696
6,2019,Maine,53.8,55.2,-69.22664746,45.37143349
6,2019,Maryland,69.9,66.5,-76.77245461,39.0369223
6,2019,Massachusetts,60.4,60,-71.79863942,42.2533024
6,2019,Michigan,57.2,58.5,-85.43716696,44.35068131
6,2019,Minnesota,57.4,58.9,-94.30901265,46.31633293
6,2019,Mississippi,76.3,74.8,-89.66521368,32.75086663
6,2019,Missouri,68.4,68.6,-92.47741016,38.36761316
6,2019,Montana,53.2,54.3,-109.6451486,47.03353642
6,2019,Nebraska,60.8,63.4,-99.81080907,41.52714896
6,2019,Nevada,58,59.4,-116.6552255,39.35623735
6,2019,New Hampshire,56.4,57,-71.57759415,43.68563175
6,2019,New Jersey,66.7,64.2,-74.66075411,40.18442736
6,2019,New Mexico,63.8,64.7,-106.1083886,34.42137076
6,2019,New York,58.6,59,-75.50311828,42.94039011
6,2019,North Carolina,73.2,70,-79.37237975,35.54153412
6,2019,North Dakota,56.8,58.3,-100.4693211,47.44633852
6,2019,Ohio,65.8,64.5,-82.7900612,40.29145221
6,2019,Oklahoma,71.2,72.5,-97.50829271,35.58348565
6,2019,Oregon,55.8,53.8,-120.5554134,43.93664816
6,2019,Pennsylvania,63.2,61.8,-77.79955956,40.87383785
6,2019,Rhode Island,61.4,60.3,-71.55361205,41.67608139
6,2019,South Carolina,76.3,73.7,-80.89613969,33.90797425
6,2019,South Dakota,58.4,60.9,-100.2305075,44.4361607
6,2019,Tennessee,71.8,70,-86.34338037,35.84298709
6,2019,Texas,75.8,76,-99.35069715,31.48446438
6,2019,Utah,57,59.3,-111.6782164,39.32379475
6,2019,Vermont,55.6,56.6,-72.66264936,44.07519583
6,2019,Virginia,70,67,-78.81225447,37.51502389
6,2019,Washington,57.6,54.8,-120.4468664,47.38096888
6,2019,West Virginia,66.6,64.3,-80.61371197,38.64259874
6,2019,Wisconsin,57.7,59.4,-90.01169426,44.63803019
6,2019,Wyoming,50.7,53,-107.5514541,42.99964203
7,2019,Alabama,79.4,78.8,-86.82837194,32.78983219
7,2019,Arizona,78.6,77.1,-111.6644183,34.29310987
7,2019,Arkansas,77.3,78.4,-92.43926766,34.89974533
7,2019,California,73.3,71.5,-119.610699,37.24607067
7,2019,Colorado,64.8,64.1,-105.5478247,38.99855182
7,2019,Connecticut,70.7,68,-72.72570604,41.62028634
7,2019,Delaware,76.8,73.1,-75.40040409,38.88701645
7,2019,Florida,82.6,80.3,-81.79746387,28.62843926
7,2019,Georgia,79.6,78.6,-83.44634183,32.64922907
7,2019,Idaho,61.4,60.9,-114.6593823,44.08908951
7,2019,Illinois,74.2,73.5,-89.19839676,40.06504091
7,2019,Indiana,73.1,72.5,-86.27563973,39.90814123
7,2019,Iowa,72.2,71.5,-93.50006496,42.07462688
7,2019,Kansas,75.5,76.1,-98.38021317,38.48470815
7,2019,Kentucky,74.6,74.4,-85.29045609,37.52666746
7,2019,Louisiana,81,80.8,-92.58566202,31.05840696
7,2019,Maine,63.9,62.6,-69.22664746,45.37143349
7,2019,Maryland,75.6,72.9,-76.77245461,39.0369223
7,2019,Massachusetts,69.6,67,-71.79863942,42.2533024
7,2019,Michigan,66.7,65.7,-85.43716696,44.35068131
7,2019,Minnesota,67.4,66.3,-94.30901265,46.31633293
7,2019,Mississippi,79.6,79.6,-89.66521368,32.75086663
7,2019,Missouri,75,75.3,-92.47741016,38.36761316
7,2019,Montana,61.8,62,-109.6451486,47.03353642
7,2019,Nebraska,71.2,71.4,-99.81080907,41.52714896
7,2019,Nevada,68.6,68.1,-116.6552255,39.35623735
7,2019,New Hampshire,65.8,64,-71.57759415,43.68563175
7,2019,New Jersey,74.3,71,-74.66075411,40.18442736
7,2019,New Mexico,72.4,70.9,-106.1083886,34.42137076
7,2019,New York,66.9,65.8,-75.50311828,42.94039011
7,2019,North Carolina,76.6,75.2,-79.37237975,35.54153412
7,2019,North Dakota,66.6,65.9,-100.4693211,47.44633852
7,2019,Ohio,72.4,71,-82.7900612,40.29145221
7,2019,Oklahoma,78.1,79.3,-97.50829271,35.58348565
7,2019,Oregon,62,61,-120.5554134,43.93664816
7,2019,Pennsylvania,69.5,68.2,-77.79955956,40.87383785
7,2019,Rhode Island,70.6,67.5,-71.55361205,41.67608139
7,2019,South Carolina,79.3,78.4,-80.89613969,33.90797425
7,2019,South Dakota,69.2,69.2,-100.2305075,44.4361607
7,2019,Tennessee,75.6,75.5,-86.34338037,35.84298709
7,2019,Texas,80.9,80.9,-99.35069715,31.48446438
7,2019,Utah,68.4,67.7,-111.6782164,39.32379475
7,2019,Vermont,64.7,63.5,-72.66264936,44.07519583
7,2019,Virginia,74.1,72.7,-78.81225447,37.51502389
7,2019,Washington,61.6,60.8,-120.4468664,47.38096888
7,2019,West Virginia,70.9,69.9,-80.61371197,38.64259874
7,2019,Wisconsin,67.4,66.5,-90.01169426,44.63803019
7,2019,Wyoming,61.5,61.4,-107.5514541,42.99964203
8,2019,Alabama,80.6,79.6,-86.82837194,32.78983219
8,2019,Arizona,81.9,78.8,-111.6644183,34.29310987
8,2019,Arkansas,79.6,79.8,-92.43926766,34.89974533
8,2019,California,76.2,74.3,-119.610699,37.24607067
8,2019,Colorado,68.7,66.1,-105.5478247,38.99855182
8,2019,Connecticut,72.8,69.7,-72.72570604,41.62028634
8,2019,Delaware,78.1,74.6,-75.40040409,38.88701645
8,2019,Florida,82.9,81.1,-81.79746387,28.62843926
8,2019,Georgia,80.8,79.3,-83.44634183,32.64922907
8,2019,Idaho,65.8,64.4,-114.6593823,44.08908951
8,2019,Illinois,75.1,74.5,-89.19839676,40.06504091
8,2019,Indiana,74.3,73.4,-86.27563973,39.90814123
8,2019,Iowa,72.4,72.7,-93.50006496,42.07462688
8,2019,Kansas,77.8,78,-98.38021317,38.48470815
8,2019,Kentucky,76.5,75.5,-85.29045609,37.52666746
8,2019,Louisiana,82.6,81.7,-92.58566202,31.05840696
8,2019,Maine,66.4,64.2,-69.22664746,45.37143349
8,2019,Maryland,77.1,74.2,-76.77245461,39.0369223
8,2019,Massachusetts,71.8,68.6,-71.79863942,42.2533024
8,2019,Michigan,68.6,67,-85.43716696,44.35068131
8,2019,Minnesota,67.8,67.5,-94.30901265,46.31633293
8,2019,Mississippi,81.1,80.5,-89.66521368,32.75086663
8,2019,Missouri,76.4,76.8,-92.47741016,38.36761316
8,2019,Montana,64.9,64.9,-109.6451486,47.03353642
8,2019,Nebraska,73,73.4,-99.81080907,41.52714896
8,2019,Nevada,72.9,71.1,-116.6552255,39.35623735
8,2019,New Hampshire,67.8,65.2,-71.57759415,43.68563175
8,2019,New Jersey,76.2,72.5,-74.66075411,40.18442736
8,2019,New Mexico,75.4,71.8,-106.1083886,34.42137076
8,2019,New York,68.8,67.1,-75.50311828,42.94039011
8,2019,North Carolina,78,76.3,-79.37237975,35.54153412
8,2019,North Dakota,67.4,68,-100.4693211,47.44633852
8,2019,Ohio,73.9,72,-82.7900612,40.29145221
8,2019,Oklahoma,81.6,81.3,-97.50829271,35.58348565
8,2019,Oregon,66,64.3,-120.5554134,43.93664816
8,2019,Pennsylvania,71.4,69.4,-77.79955956,40.87383785
8,2019,Rhode Island,73,69.4,-71.55361205,41.67608139
8,2019,South Carolina,80.9,79.3,-80.89613969,33.90797425
8,2019,South Dakota,70.1,71.5,-100.2305075,44.4361607
8,2019,Tennessee,77.4,76.6,-86.34338037,35.84298709
8,2019,Texas,84.4,82.1,-99.35069715,31.48446438
8,2019,Utah,73,70.4,-111.6782164,39.32379475
8,2019,Vermont,66.8,64.7,-72.66264936,44.07519583
8,2019,Virginia,75.9,73.9,-78.81225447,37.51502389
8,2019,Washington,65.1,63.8,-120.4468664,47.38096888
8,2019,West Virginia,72.9,71.1,-80.61371197,38.64259874
8,2019,Wisconsin,68.4,67.6,-90.01169426,44.63803019
8,2019,Wyoming,65.4,64.3,-107.5514541,42.99964203
9,2019,Alabama,80.4,77,-86.82837194,32.78983219
9,2019,Arizona,77.9,75,-111.6644183,34.29310987
9,2019,Arkansas,80,76.1,-92.43926766,34.89974533
9,2019,California,72.9,71.2,-119.610699,37.24607067
9,2019,Colorado,65.6,61.3,-105.5478247,38.99855182
9,2019,Connecticut,66.9,65,-72.72570604,41.62028634
9,2019,Delaware,74,70.6,-75.40040409,38.88701645
9,2019,Florida,82.4,80.1,-81.79746387,28.62843926
9,2019,Georgia,79.9,76.8,-83.44634183,32.64922907
9,2019,Idaho,60.5,59.1,-114.6593823,44.08908951
9,2019,Illinois,72.2,69.8,-89.19839676,40.06504091
9,2019,Indiana,71.6,69.1,-86.27563973,39.90814123
9,2019,Iowa,68.9,67.2,-93.50006496,42.07462688
9,2019,Kansas,76.1,72.9,-98.38021317,38.48470815
9,2019,Kentucky,75.2,71.7,-85.29045609,37.52666746
9,2019,Louisiana,82.8,79.3,-92.58566202,31.05840696
9,2019,Maine,59.9,59,-69.22664746,45.37143349
9,2019,Maryland,73.5,70.1,-76.77245461,39.0369223
9,2019,Massachusetts,65.9,63.9,-71.79863942,42.2533024
9,2019,Michigan,64.3,62.2,-85.43716696,44.35068131
9,2019,Minnesota,62.7,61.5,-94.30901265,46.31633293
9,2019,Mississippi,81.3,77.7,-89.66521368,32.75086663
9,2019,Missouri,75,72.1,-92.47741016,38.36761316
9,2019,Montana,59.9,58.9,-109.6451486,47.03353642
9,2019,Nebraska,69.9,67.6,-99.81080907,41.52714896
9,2019,Nevada,67.4,65.9,-116.6552255,39.35623735
9,2019,New Hampshire,61.6,60.3,-71.57759415,43.68563175
9,2019,New Jersey,71.8,68.3,-74.66075411,40.18442736
9,2019,New Mexico,72.2,67.7,-106.1083886,34.42137076
9,2019,New York,63.4,62.4,-75.50311828,42.94039011
9,2019,North Carolina,75.9,72.9,-79.37237975,35.54153412
9,2019,North Dakota,61.9,61.6,-100.4693211,47.44633852
9,2019,Ohio,70.8,67.7,-82.7900612,40.29145221
9,2019,Oklahoma,81,76.9,-97.50829271,35.58348565
9,2019,Oregon,61.8,60.6,-120.5554134,43.93664816
9,2019,Pennsylvania,67.4,65.1,-77.79955956,40.87383785
9,2019,Rhode Island,67.6,65.3,-71.55361205,41.67608139
9,2019,South Carolina,79.3,76.2,-80.89613969,33.90797425
9,2019,South Dakota,65.6,65.3,-100.2305075,44.4361607
9,2019,Tennessee,76.6,73,-86.34338037,35.84298709
9,2019,Texas,83.7,78.9,-99.35069715,31.48446438
9,2019,Utah,67.9,64.9,-111.6782164,39.32379475
9,2019,Vermont,60.7,59.7,-72.66264936,44.07519583
9,2019,Virginia,73.6,70.1,-78.81225447,37.51502389
9,2019,Washington,61.8,60.3,-120.4468664,47.38096888
9,2019,West Virginia,70.8,67.4,-80.61371197,38.64259874
9,2019,Wisconsin,63.8,62.2,-90.01169426,44.63803019
9,2019,Wyoming,60.8,58.5,-107.5514541,42.99964203
10,2019,Alabama,74,69.3,-86.82837194,32.78983219
10,2019,Arizona,66.9,66.5,-111.6644183,34.29310987
10,2019,Arkansas,70.2,67.3,-92.43926766,34.89974533
10,2019,California,63.8,64,-119.610699,37.24607067
10,2019,Colorado,51.9,51.9,-105.5478247,38.99855182
10,2019,Connecticut,58.4,56.2,-72.72570604,41.62028634
10,2019,Delaware,66.6,61.9,-75.40040409,38.88701645
10,2019,Florida,79.9,75.7,-81.79746387,28.62843926
10,2019,Georgia,74.4,69.4,-83.44634183,32.64922907
10,2019,Idaho,45.8,49.4,-114.6593823,44.08908951
10,2019,Illinois,62.6,60.4,-89.19839676,40.06504091
10,2019,Indiana,63.2,59.8,-86.27563973,39.90814123
10,2019,Iowa,57.6,57.1,-93.50006496,42.07462688
10,2019,Kansas,63.1,62.5,-98.38021317,38.48470815
10,2019,Kentucky,67.4,62.8,-85.29045609,37.52666746
10,2019,Louisiana,75.6,72.3,-92.58566202,31.05840696
10,2019,Maine,50.7,49.6,-69.22664746,45.37143349
10,2019,Maryland,65.8,61.4,-76.77245461,39.0369223
10,2019,Massachusetts,57.2,55.2,-71.79863942,42.2533024
10,2019,Michigan,54.9,53,-85.43716696,44.35068131
10,2019,Minnesota,51.3,50.9,-94.30901265,46.31633293
10,2019,Mississippi,73.9,69.8,-89.66521368,32.75086663
10,2019,Missouri,64.6,62.7,-92.47741016,38.36761316
10,2019,Montana,45.2,48.5,-109.6451486,47.03353642
10,2019,Nebraska,56.2,56.8,-99.81080907,41.52714896
10,2019,Nevada,53.6,56.2,-116.6552255,39.35623735
10,2019,New Hampshire,52.7,51.2,-71.57759415,43.68563175
10,2019,New Jersey,63.6,59.5,-74.66075411,40.18442736
10,2019,New Mexico,60.6,59.3,-106.1083886,34.42137076
10,2019,New York,55.2,53.4,-75.50311828,42.94039011
10,2019,North Carolina,69.8,65,-79.37237975,35.54153412
10,2019,North Dakota,48,50.2,-100.4693211,47.44633852
10,2019,Ohio,63.2,58.7,-82.7900612,40.29145221
10,2019,Oklahoma,68.6,67.4,-97.50829271,35.58348565
10,2019,Oregon,49.9,52.7,-120.5554134,43.93664816
10,2019,Pennsylvania,59.4,56.2,-77.79955956,40.87383785
10,2019,Rhode Island,59.3,56.9,-71.55361205,41.67608139
10,2019,South Carolina,73.4,68.5,-80.89613969,33.90797425
10,2019,South Dakota,51.6,54,-100.2305075,44.4361607
10,2019,Tennessee,69,64.4,-86.34338037,35.84298709
10,2019,Texas,73.4,71,-99.35069715,31.48446438
10,2019,Utah,53,54.7,-111.6782164,39.32379475
10,2019,Vermont,52,50.6,-72.66264936,44.07519583
10,2019,Virginia,66.6,61.7,-78.81225447,37.51502389
10,2019,Washington,50,52.1,-120.4468664,47.38096888
10,2019,West Virginia,63.8,58.8,-80.61371197,38.64259874
10,2019,Wisconsin,53.5,52.4,-90.01169426,44.63803019
10,2019,Wyoming,45.4,48,-107.5514541,42.99964203
11,2019,Alabama,59.2,58.7,-86.82837194,32.78983219
11,2019,Arizona,56,55,-111.6644183,34.29310987
11,2019,Arkansas,53.6,55.8,-92.43926766,34.89974533
11,2019,California,55.9,54.5,-119.610699,37.24607067
11,2019,Colorado,38,39.9,-105.5478247,38.99855182
11,2019,Connecticut,45.8,45.5,-72.72570604,41.62028634
11,2019,Delaware,52.6,51.1,-75.40040409,38.88701645
11,2019,Florida,71.4,68.3,-81.79746387,28.62843926
11,2019,Georgia,61.2,59.2,-83.44634183,32.64922907
11,2019,Idaho,35.4,37.8,-114.6593823,44.08908951
11,2019,Illinois,45,47.8,-89.19839676,40.06504091
11,2019,Indiana,46,47.5,-86.27563973,39.90814123
11,2019,Iowa,39.8,43.6,-93.50006496,42.07462688
11,2019,Kansas,45.6,49.2,-98.38021317,38.48470815
11,2019,Kentucky,50.6,51.1,-85.29045609,37.52666746
11,2019,Louisiana,61.9,62.4,-92.58566202,31.05840696
11,2019,Maine,37.8,38.2,-69.22664746,45.37143349
11,2019,Maryland,51.4,50.3,-76.77245461,39.0369223
11,2019,Massachusetts,44.9,44.6,-71.79863942,42.2533024
11,2019,Michigan,39.2,41.1,-85.43716696,44.35068131
11,2019,Minnesota,34.2,36.5,-94.30901265,46.31633293
11,2019,Mississippi,58.4,59.1,-89.66521368,32.75086663
11,2019,Missouri,47.2,50.3,-92.47741016,38.36761316
11,2019,Montana,32.4,36.4,-109.6451486,47.03353642
11,2019,Nebraska,39.7,43.3,-99.81080907,41.52714896
11,2019,Nevada,43.7,44.8,-116.6552255,39.35623735
11,2019,New Hampshire,39.7,40,-71.57759415,43.68563175
11,2019,New Jersey,49.8,48.6,-74.66075411,40.18442736
11,2019,New Mexico,47.8,48,-106.1083886,34.42137076
11,2019,New York,41.5,42.2,-75.50311828,42.94039011
11,2019,North Carolina,56,54.4,-79.37237975,35.54153412
11,2019,North Dakota,31.8,35.2,-100.4693211,47.44633852
11,2019,Ohio,47,46.9,-82.7900612,40.29145221
11,2019,Oklahoma,51.8,55,-97.50829271,35.58348565
11,2019,Oregon,41.8,42.8,-120.5554134,43.93664816
11,2019,Pennsylvania,45.1,45,-77.79955956,40.87383785
11,2019,Rhode Island,47.4,46.7,-71.55361205,41.67608139
11,2019,South Carolina,59.8,58.2,-80.89613969,33.90797425
11,2019,South Dakota,35.6,39.7,-100.2305075,44.4361607
11,2019,Tennessee,53,53.1,-86.34338037,35.84298709
11,2019,Texas,59.2,60.3,-99.35069715,31.48446438
11,2019,Utah,40.7,42.4,-111.6782164,39.32379475
11,2019,Vermont,38.3,39.2,-72.66264936,44.07519583
11,2019,Virginia,51.8,50.8,-78.81225447,37.51502389
11,2019,Washington,40.2,41.9,-120.4468664,47.38096888
11,2019,West Virginia,48.5,47.7,-80.61371197,38.64259874
11,2019,Wisconsin,36.6,39.2,-90.01169426,44.63803019
11,2019,Wyoming,32.2,35.8,-107.5514541,42.99964203
12,2019,Alabama,51,50,-86.82837194,32.78983219
12,2019,Arizona,47.2,45.4,-111.6644183,34.29310987
12,2019,Arkansas,46,45.6,-92.43926766,34.89974533
12,2019,California,48.7,46.3,-119.610699,37.24607067
12,2019,Colorado,31.6,29.3,-105.5478247,38.99855182
12,2019,Connecticut,34.9,34.7,-72.72570604,41.62028634
12,2019,Delaware,41.8,40.9,-75.40040409,38.88701645
12,2019,Florida,64.4,61.5,-81.79746387,28.62843926
12,2019,Georgia,52.6,50.7,-83.44634183,32.64922907
12,2019,Idaho,30.4,27.7,-114.6593823,44.08908951
12,2019,Illinois,35.9,35.1,-89.19839676,40.06504091
12,2019,Indiana,36.4,35.7,-86.27563973,39.90814123
12,2019,Iowa,30.8,29.2,-93.50006496,42.07462688
12,2019,Kansas,38.4,36.7,-98.38021317,38.48470815
12,2019,Kentucky,41.6,40.7,-85.29045609,37.52666746
12,2019,Louisiana,54.4,54.2,-92.58566202,31.05840696
12,2019,Maine,26.2,25.5,-69.22664746,45.37143349
12,2019,Maryland,40.8,40.1,-76.77245461,39.0369223
12,2019,Massachusetts,34,33.7,-71.79863942,42.2533024
12,2019,Michigan,29.6,28.9,-85.43716696,44.35068131
12,2019,Minnesota,21.3,20.4,-94.30901265,46.31633293
12,2019,Mississippi,50.5,50.3,-89.66521368,32.75086663
12,2019,Missouri,39.6,38.3,-92.47741016,38.36761316
12,2019,Montana,27.6,25.1,-109.6451486,47.03353642
12,2019,Nebraska,32.7,30.6,-99.81080907,41.52714896
12,2019,Nevada,37.5,35,-116.6552255,39.35623735
12,2019,New Hampshire,28.1,27.9,-71.57759415,43.68563175
12,2019,New Jersey,38.8,38,-74.66075411,40.18442736
12,2019,New Mexico,40.4,38.3,-106.1083886,34.42137076
12,2019,New York,30,30.4,-75.50311828,42.94039011
12,2019,North Carolina,47,45.4,-79.37237975,35.54153412
12,2019,North Dakota,21.1,19.6,-100.4693211,47.44633852
12,2019,Ohio,36.8,35.6,-82.7900612,40.29145221
12,2019,Oklahoma,44.7,43.7,-97.50829271,35.58348565
12,2019,Oregon,37.4,34.8,-120.5554134,43.93664816
12,2019,Pennsylvania,34.6,34.2,-77.79955956,40.87383785
12,2019,Rhode Island,37.1,36.2,-71.55361205,41.67608139
12,2019,South Carolina,50.6,49.3,-80.89613969,33.90797425
12,2019,South Dakota,27.2,25.7,-100.2305075,44.4361607
12,2019,Tennessee,44.7,43.3,-86.34338037,35.84298709
12,2019,Texas,52,50.8,-99.35069715,31.48446438
12,2019,Utah,33.6,31.5,-111.6782164,39.32379475
12,2019,Vermont,26.3,26.7,-72.66264936,44.07519583
12,2019,Virginia,42.3,41.1,-78.81225447,37.51502389
12,2019,Washington,35.6,33.7,-120.4468664,47.38096888
12,2019,West Virginia,38.9,37.6,-80.61371197,38.64259874
12,2019,Wisconsin,25.8,24.8,-90.01169426,44.63803019
12,2019,Wyoming,26.6,24.8,-107.5514541,42.99964203
1,2020,Alabama,50.4,45.8,-86.82837194,32.78983219
1,2020,Arizona,43,41.1,-111.6644183,34.29310987
1,2020,Arkansas,44.8,40.4,-92.43926766,34.89974533
1,2020,California,44.8,42.6,-119.610699,37.24607067
1,2020,Colorado,27.8,24.5,-105.5478247,38.99855182
1,2020,Connecticut,32.4,27.4,-72.72570604,41.62028634
1,2020,Delaware,40.1,34.8,-75.40040409,38.88701645
1,2020,Florida,62.8,58.2,-81.79746387,28.62843926
1,2020,Georgia,51.8,46.6,-83.44634183,32.64922907
1,2020,Idaho,27,23,-114.6593823,44.08908951
1,2020,Illinois,33.7,27.4,-89.19839676,40.06504091
1,2020,Indiana,35.2,28.4,-86.27563973,39.90814123
1,2020,Iowa,26.2,20.3,-93.50006496,42.07462688
1,2020,Kansas,35.4,30.2,-98.38021317,38.48470815
1,2020,Kentucky,41.2,35,-85.29045609,37.52666746
1,2020,Louisiana,53.9,50.2,-92.58566202,31.05840696
1,2020,Maine,21.8,15.9,-69.22664746,45.37143349
1,2020,Maryland,39,33.9,-76.77245461,39.0369223
1,2020,Massachusetts,31.2,26.1,-71.79863942,42.2533024
1,2020,Michigan,27.7,20.7,-85.43716696,44.35068131
1,2020,Minnesota,15.4,9.8,-94.30901265,46.31633293
1,2020,Mississippi,50.4,46,-89.66521368,32.75086663
1,2020,Missouri,36.8,31.3,-92.47741016,38.36761316
1,2020,Montana,24.6,18.7,-109.6451486,47.03353642
1,2020,Nebraska,28.7,23.7,-99.81080907,41.52714896
1,2020,Nevada,34.2,30.5,-116.6552255,39.35623735
1,2020,New Hampshire,25,19.5,-71.57759415,43.68563175
1,2020,New Jersey,36.8,31.3,-74.66075411,40.18442736
1,2020,New Mexico,37.2,34,-106.1083886,34.42137076
1,2020,New York,27.5,22.2,-75.50311828,42.94039011
1,2020,North Carolina,46.3,40.8,-79.37237975,35.54153412
1,2020,North Dakota,14.5,9.6,-100.4693211,47.44633852
1,2020,Ohio,35.6,28.7,-82.7900612,40.29145221
1,2020,Oklahoma,42.7,37.8,-97.50829271,35.58348565
1,2020,Oregon,34.6,31.1,-120.5554134,43.93664816
1,2020,Pennsylvania,32.4,27.1,-77.79955956,40.87383785
1,2020,Rhode Island,34.7,29.1,-71.55361205,41.67608139
1,2020,South Carolina,50.3,45.1,-80.89613969,33.90797425
1,2020,South Dakota,21.7,17.4,-100.2305075,44.4361607
1,2020,Tennessee,44.1,38.3,-86.34338037,35.84298709
1,2020,Texas,50.7,46.2,-99.35069715,31.48446438
1,2020,Utah,28.8,26.2,-111.6782164,39.32379475
1,2020,Vermont,23.4,17.8,-72.66264936,44.07519583
1,2020,Virginia,41,35.8,-78.81225447,37.51502389
1,2020,Washington,33.8,29.5,-120.4468664,47.38096888
1,2020,West Virginia,37.9,31.8,-80.61371197,38.64259874
1,2020,Wisconsin,22.5,15.3,-90.01169426,44.63803019
1,2020,Wyoming,23.4,19.5,-107.5514541,42.99964203
2,2020,Alabama,50.2,46.5,-86.82837194,32.78983219
2,2020,Arizona,44.8,42.7,-111.6644183,34.29310987
2,2020,Arkansas,44.2,41.2,-92.43926766,34.89974533
2,2020,California,47.2,43.8,-119.610699,37.24607067
2,2020,Colorado,26.9,25.6,-105.5478247,38.99855182
2,2020,Connecticut,33.4,25.8,-72.72570604,41.62028634
2,2020,Delaware,41,33.8,-75.40040409,38.88701645
2,2020,Florida,62.7,58.6,-81.79746387,28.62843926
2,2020,Georgia,51.6,47.3,-83.44634183,32.64922907
2,2020,Idaho,26.8,24.3,-114.6593823,44.08908951
2,2020,Illinois,31.8,27.2,-89.19839676,40.06504091
2,2020,Indiana,33.6,28,-86.27563973,39.90814123
2,2020,Iowa,24,20.2,-93.50006496,42.07462688
2,2020,Kansas,34.4,31.1,-98.38021317,38.48470815
2,2020,Kentucky,40,35.1,-85.29045609,37.52666746
2,2020,Louisiana,53.8,50.8,-92.58566202,31.05840696
2,2020,Maine,20.4,14,-69.22664746,45.37143349
2,2020,Maryland,40,33.1,-76.77245461,39.0369223
2,2020,Massachusetts,32.2,24.6,-71.79863942,42.2533024
2,2020,Michigan,25.4,18.7,-85.43716696,44.35068131
2,2020,Minnesota,14,9.2,-94.30901265,46.31633293
2,2020,Mississippi,50.6,46.7,-89.66521368,32.75086663
2,2020,Missouri,35,31.6,-92.47741016,38.36761316
2,2020,Montana,24.5,19,-109.6451486,47.03353642
2,2020,Nebraska,28.4,24.4,-99.81080907,41.52714896
2,2020,Nevada,35.8,32,-116.6552255,39.35623735
2,2020,New Hampshire,24.7,17.8,-71.57759415,43.68563175
2,2020,New Jersey,38.2,30.1,-74.66075411,40.18442736
2,2020,New Mexico,37.8,35.7,-106.1083886,34.42137076
2,2020,New York,27.2,20.3,-75.50311828,42.94039011
2,2020,North Carolina,46.5,41,-79.37237975,35.54153412
2,2020,North Dakota,15.4,9.2,-100.4693211,47.44633852
2,2020,Ohio,33.8,27.9,-82.7900612,40.29145221
2,2020,Oklahoma,42,38.9,-97.50829271,35.58348565
2,2020,Oregon,35.4,32.2,-120.5554134,43.93664816
2,2020,Pennsylvania,32.8,26,-77.79955956,40.87383785
2,2020,Rhode Island,35.4,27.5,-71.55361205,41.67608139
2,2020,South Carolina,50.6,45.7,-80.89613969,33.90797425
2,2020,South Dakota,21.8,17.5,-100.2305075,44.4361607
2,2020,Tennessee,43.2,38.7,-86.34338037,35.84298709
2,2020,Texas,50,47.4,-99.35069715,31.48446438
2,2020,Utah,29.9,27.8,-111.6782164,39.32379475
2,2020,Vermont,22.9,15.9,-72.66264936,44.07519583
2,2020,Virginia,41.5,35.7,-78.81225447,37.51502389
2,2020,Washington,34.9,30.7,-120.4468664,47.38096888
2,2020,West Virginia,37.6,31.6,-80.61371197,38.64259874
2,2020,Wisconsin,20.4,14.5,-90.01169426,44.63803019
2,2020,Wyoming,22,20.3,-107.5514541,42.99964203
3,2020,Alabama,57.2,51.5,-86.82837194,32.78983219
3,2020,Arizona,48.4,47,-111.6644183,34.29310987
3,2020,Arkansas,50.5,47.2,-92.43926766,34.89974533
3,2020,California,48.6,47.1,-119.610699,37.24607067
3,2020,Colorado,32.6,30.6,-105.5478247,38.99855182
3,2020,Connecticut,37.6,30.8,-72.72570604,41.62028634
3,2020,Delaware,45.7,38.5,-75.40040409,38.88701645
3,2020,Florida,67.3,61.7,-81.79746387,28.62843926
3,2020,Georgia,57.5,52,-83.44634183,32.64922907
3,2020,Idaho,30.6,29.5,-114.6593823,44.08908951
3,2020,Illinois,38.2,34.6,-89.19839676,40.06504091
3,2020,Indiana,38.7,34.5,-86.27563973,39.90814123
3,2020,Iowa,32.6,28.7,-93.50006496,42.07462688
3,2020,Kansas,41.4,38,-98.38021317,38.48470815
3,2020,Kentucky,45.6,41,-85.29045609,37.52666746
3,2020,Louisiana,60.6,55.7,-92.58566202,31.05840696
3,2020,Maine,24.8,20.4,-69.22664746,45.37143349
3,2020,Maryland,45.2,38.2,-76.77245461,39.0369223
3,2020,Massachusetts,36.3,29.6,-71.79863942,42.2533024
3,2020,Michigan,29.4,24.1,-85.43716696,44.35068131
3,2020,Minnesota,22.2,18.7,-94.30901265,46.31633293
3,2020,Mississippi,57.6,52,-89.66521368,32.75086663
3,2020,Missouri,42.1,38.7,-92.47741016,38.36761316
3,2020,Montana,28.6,25.4,-109.6451486,47.03353642
3,2020,Nebraska,35.4,31.3,-99.81080907,41.52714896
3,2020,Nevada,38.4,36.8,-116.6552255,39.35623735
3,2020,New Hampshire,29.2,23.7,-71.57759415,43.68563175
3,2020,New Jersey,42.7,34.9,-74.66075411,40.18442736
3,2020,New Mexico,43.2,40.6,-106.1083886,34.42137076
3,2020,New York,31.9,25.7,-75.50311828,42.94039011
3,2020,North Carolina,51.4,45.6,-79.37237975,35.54153412
3,2020,North Dakota,23.8,18.3,-100.4693211,47.44633852
3,2020,Ohio,38.8,33.8,-82.7900612,40.29145221
3,2020,Oklahoma,48.6,45.2,-97.50829271,35.58348565
3,2020,Oregon,37.3,36.2,-120.5554134,43.93664816
3,2020,Pennsylvania,37.9,31.2,-77.79955956,40.87383785
3,2020,Rhode Island,39,32,-71.55361205,41.67608139
3,2020,South Carolina,55.6,50.3,-80.89613969,33.90797425
3,2020,South Dakota,30,25.4,-100.2305075,44.4361607
3,2020,Tennessee,49,44.3,-86.34338037,35.84298709
3,2020,Texas,56.3,52.9,-99.35069715,31.48446438
3,2020,Utah,36,33.9,-111.6782164,39.32379475
3,2020,Vermont,27.7,21.9,-72.66264936,44.07519583
3,2020,Virginia,47,40.6,-78.81225447,37.51502389
3,2020,Washington,37,35.9,-120.4468664,47.38096888
3,2020,West Virginia,42.9,36.9,-80.61371197,38.64259874
3,2020,Wisconsin,26.8,22.4,-90.01169426,44.63803019
3,2020,Wyoming,26.6,25.6,-107.5514541,42.99964203
4,2020,Alabama,62.8,59,-86.82837194,32.78983219
4,2020,Arizona,55.2,53.2,-111.6644183,34.29310987
4,2020,Arkansas,57.6,55.8,-92.43926766,34.89974533
4,2020,California,52.3,51.4,-119.610699,37.24607067
4,2020,Colorado,41.1,38.1,-105.5478247,38.99855182
4,2020,Connecticut,42.9,40.7,-72.72570604,41.62028634
4,2020,Delaware,50.6,47.3,-75.40040409,38.88701645
4,2020,Florida,72,66.6,-81.79746387,28.62843926
4,2020,Georgia,63.1,59.2,-83.44634183,32.64922907
4,2020,Idaho,38.4,36.8,-114.6593823,44.08908951
4,2020,Illinois,47,45.6,-89.19839676,40.06504091
4,2020,Indiana,46.8,45.1,-86.27563973,39.90814123
4,2020,Iowa,43.5,41.4,-93.50006496,42.07462688
4,2020,Kansas,50.3,47.9,-98.38021317,38.48470815
4,2020,Kentucky,52.1,50.3,-85.29045609,37.52666746
4,2020,Louisiana,66.9,62.6,-92.58566202,31.05840696
4,2020,Maine,33.6,32,-69.22664746,45.37143349
4,2020,Maryland,50.4,47.3,-76.77245461,39.0369223
4,2020,Massachusetts,41.6,39.4,-71.79863942,42.2533024
4,2020,Michigan,37.6,35.4,-85.43716696,44.35068131
4,2020,Minnesota,34.9,33.3,-94.30901265,46.31633293
4,2020,Mississippi,63.5,59.6,-89.66521368,32.75086663
4,2020,Missouri,51,49.1,-92.47741016,38.36761316
4,2020,Montana,35,35.1,-109.6451486,47.03353642
4,2020,Nebraska,43.6,41.8,-99.81080907,41.52714896
4,2020,Nevada,44.6,43,-116.6552255,39.35623735
4,2020,New Hampshire,36.9,34.8,-71.57759415,43.68563175
4,2020,New Jersey,47.5,44.3,-74.66075411,40.18442736
4,2020,New Mexico,51,47.4,-106.1083886,34.42137076
4,2020,New York,39.2,36.7,-75.50311828,42.94039011
4,2020,North Carolina,56.6,53.5,-79.37237975,35.54153412
4,2020,North Dakota,33.7,33,-100.4693211,47.44633852
4,2020,Ohio,46.2,43.8,-82.7900612,40.29145221
4,2020,Oklahoma,56.7,54.4,-97.50829271,35.58348565
4,2020,Oregon,42.6,41.2,-120.5554134,43.93664816
4,2020,Pennsylvania,43.8,41.3,-77.79955956,40.87383785
4,2020,Rhode Island,43.4,41,-71.55361205,41.67608139
4,2020,South Carolina,61.2,57.8,-80.89613969,33.90797425
4,2020,South Dakota,39.2,37.8,-100.2305075,44.4361607
4,2020,Tennessee,55,53,-86.34338037,35.84298709
4,2020,Texas,64.2,60.6,-99.35069715,31.48446438
4,2020,Utah,44.1,41.4,-111.6782164,39.32379475
4,2020,Vermont,35.9,33.5,-72.66264936,44.07519583
4,2020,Virginia,52.5,49.3,-78.81225447,37.51502389
4,2020,Washington,42.2,41.9,-120.4468664,47.38096888
4,2020,West Virginia,48.4,46,-80.61371197,38.64259874
4,2020,Wisconsin,37.5,35.5,-90.01169426,44.63803019
4,2020,Wyoming,35.4,34,-107.5514541,42.99964203
5,2020,Alabama,65.4,66.7,-86.82837194,32.78983219
5,2020,Arizona,64.9,60.9,-111.6644183,34.29310987
5,2020,Arkansas,62.8,64.6,-92.43926766,34.89974533
5,2020,California,60.6,57.4,-119.610699,37.24607067
5,2020,Colorado,49.5,47.2,-105.5478247,38.99855182
5,2020,Connecticut,50.4,51.4,-72.72570604,41.62028634
5,2020,Delaware,56.2,57.1,-75.40040409,38.88701645
5,2020,Florida,74.4,72.1,-81.79746387,28.62843926
5,2020,Georgia,66.2,66.9,-83.44634183,32.64922907
5,2020,Idaho,46.1,45.1,-114.6593823,44.08908951
5,2020,Illinois,55.1,56.8,-89.19839676,40.06504091
5,2020,Indiana,54.3,56,-86.27563973,39.90814123
5,2020,Iowa,52.2,54,-93.50006496,42.07462688
5,2020,Kansas,57.2,58.4,-98.38021317,38.48470815
5,2020,Kentucky,57.5,59.8,-85.29045609,37.52666746
5,2020,Louisiana,69.8,69.9,-92.58566202,31.05840696
5,2020,Maine,44.4,44.4,-69.22664746,45.37143349
5,2020,Maryland,56,57.2,-76.77245461,39.0369223
5,2020,Massachusetts,49.6,50.2,-71.79863942,42.2533024
5,2020,Michigan,46.7,47.7,-85.43716696,44.35068131
5,2020,Minnesota,46.4,47.7,-94.30901265,46.31633293
5,2020,Mississippi,66.6,67.4,-89.66521368,32.75086663
5,2020,Missouri,57.6,59.4,-92.47741016,38.36761316
5,2020,Montana,44.4,45.4,-109.6451486,47.03353642
5,2020,Nebraska,51.4,53,-99.81080907,41.52714896
5,2020,Nevada,53.8,50.8,-116.6552255,39.35623735
5,2020,New Hampshire,46.5,46.7,-71.57759415,43.68563175
5,2020,New Jersey,53.9,54.6,-74.66075411,40.18442736
5,2020,New Mexico,59.6,55.8,-106.1083886,34.42137076
5,2020,New York,47.6,48.6,-75.50311828,42.94039011
5,2020,North Carolina,60.5,62.1,-79.37237975,35.54153412
5,2020,North Dakota,45,47.4,-100.4693211,47.44633852
5,2020,Ohio,53.1,54.6,-82.7900612,40.29145221
5,2020,Oklahoma,62.6,63.8,-97.50829271,35.58348565
5,2020,Oregon,49.4,47.2,-120.5554134,43.93664816
5,2020,Pennsylvania,50.6,52.3,-77.79955956,40.87383785
5,2020,Rhode Island,50.4,50.9,-71.55361205,41.67608139
5,2020,South Carolina,65,66.1,-80.89613969,33.90797425
5,2020,South Dakota,48.1,50.4,-100.2305075,44.4361607
5,2020,Tennessee,59.7,61.9,-86.34338037,35.84298709
5,2020,Texas,69.8,68.6,-99.35069715,31.48446438
5,2020,Utah,53.2,50.1,-111.6782164,39.32379475
5,2020,Vermont,45.7,46,-72.66264936,44.07519583
5,2020,Virginia,56.9,58.6,-78.81225447,37.51502389
5,2020,Washington,49.6,48.4,-120.4468664,47.38096888
5,2020,West Virginia,53.4,55.7,-80.61371197,38.64259874
5,2020,Wisconsin,47.4,48.6,-90.01169426,44.63803019
5,2020,Wyoming,44,43.7,-107.5514541,42.99964203
6,2020,Alabama,72.9,74.1,-86.82837194,32.78983219
6,2020,Arizona,73.6,69.7,-111.6644183,34.29310987
6,2020,Arkansas,71.6,72.6,-92.43926766,34.89974533
6,2020,California,67.5,64.5,-119.610699,37.24607067
6,2020,Colorado,60.3,56.5,-105.5478247,38.99855182
6,2020,Connecticut,62.4,61.1,-72.72570604,41.62028634
6,2020,Delaware,67.1,66.4,-75.40040409,38.88701645
6,2020,Florida,78.4,77.3,-81.79746387,28.62843926
6,2020,Georgia,73.2,74.2,-83.44634183,32.64922907
6,2020,Idaho,53.4,53,-114.6593823,44.08908951
6,2020,Illinois,67.1,66.8,-89.19839676,40.06504091
6,2020,Indiana,65.9,65.9,-86.27563973,39.90814123
6,2020,Iowa,65.2,64.4,-93.50006496,42.07462688
6,2020,Kansas,69.7,68.4,-98.38021317,38.48470815
6,2020,Kentucky,67.4,68.5,-85.29045609,37.52666746
6,2020,Louisiana,76.4,76.6,-92.58566202,31.05840696
6,2020,Maine,56.8,55.1,-69.22664746,45.37143349
6,2020,Maryland,66.6,66.5,-76.77245461,39.0369223
6,2020,Massachusetts,61.9,60,-71.79863942,42.2533024
6,2020,Michigan,59.6,58.4,-85.43716696,44.35068131
6,2020,Minnesota,60.6,59,-94.30901265,46.31633293
6,2020,Mississippi,74.2,74.8,-89.66521368,32.75086663
6,2020,Missouri,68.6,68.7,-92.47741016,38.36761316
6,2020,Montana,54.9,54.2,-109.6451486,47.03353642
6,2020,Nebraska,65.2,63.4,-99.81080907,41.52714896
6,2020,Nevada,61.9,59.4,-116.6552255,39.35623735
6,2020,New Hampshire,58.7,57.1,-71.57759415,43.68563175
6,2020,New Jersey,65.3,64.2,-74.66075411,40.18442736
6,2020,New Mexico,68.8,64.7,-106.1083886,34.42137076
6,2020,New York,59.7,59,-75.50311828,42.94039011
6,2020,North Carolina,68.4,70,-79.37237975,35.54153412
6,2020,North Dakota,59.7,58.3,-100.4693211,47.44633852
6,2020,Ohio,64.4,64.5,-82.7900612,40.29145221
6,2020,Oklahoma,73,72.5,-97.50829271,35.58348565
6,2020,Oregon,55.2,53.8,-120.5554134,43.93664816
6,2020,Pennsylvania,61.6,61.8,-77.79955956,40.87383785
6,2020,Rhode Island,62.4,60.4,-71.55361205,41.67608139
6,2020,South Carolina,72,73.6,-80.89613969,33.90797425
6,2020,South Dakota,62.2,60.8,-100.2305075,44.4361607
6,2020,Tennessee,68.8,70,-86.34338037,35.84298709
6,2020,Texas,77.6,76,-99.35069715,31.48446438
6,2020,Utah,62.2,59.3,-111.6782164,39.32379475
6,2020,Vermont,57.7,56.6,-72.66264936,44.07519583
6,2020,Virginia,65.9,67,-78.81225447,37.51502389
6,2020,Washington,55.6,54.8,-120.4468664,47.38096888
6,2020,West Virginia,62.9,64.2,-80.61371197,38.64259874
6,2020,Wisconsin,60.3,59.4,-90.01169426,44.63803019
6,2020,Wyoming,55,53,-107.5514541,42.99964203
7,2020,Alabama,78.9,78.7,-86.82837194,32.78983219
7,2020,Arizona,79.8,77.1,-111.6644183,34.29310987
7,2020,Arkansas,78.9,78.5,-92.43926766,34.89974533
7,2020,California,73.5,71.5,-119.610699,37.24607067
7,2020,Colorado,67.2,64.2,-105.5478247,38.99855182
7,2020,Connecticut,72,68,-72.72570604,41.62028634
7,2020,Delaware,77.2,73.1,-75.40040409,38.88701645
7,2020,Florida,82,80.3,-81.79746387,28.62843926
7,2020,Georgia,79.2,78.6,-83.44634183,32.64922907
7,2020,Idaho,60.6,60.9,-114.6593823,44.08908951
7,2020,Illinois,75.4,73.4,-89.19839676,40.06504091
7,2020,Indiana,74.3,72.5,-86.27563973,39.90814123
7,2020,Iowa,74.1,71.5,-93.50006496,42.07462688
7,2020,Kansas,78.4,76.1,-98.38021317,38.48470815
7,2020,Kentucky,75.6,74.4,-85.29045609,37.52666746
7,2020,Louisiana,81.2,80.8,-92.58566202,31.05840696
7,2020,Maine,65.7,62.6,-69.22664746,45.37143349
7,2020,Maryland,76.4,72.9,-76.77245461,39.0369223
7,2020,Massachusetts,71.1,67,-71.79863942,42.2533024
7,2020,Michigan,69.2,65.6,-85.43716696,44.35068131
7,2020,Minnesota,69.5,66.3,-94.30901265,46.31633293
7,2020,Mississippi,80.1,79.6,-89.66521368,32.75086663
7,2020,Missouri,77.1,75.3,-92.47741016,38.36761316
7,2020,Montana,62.4,61.9,-109.6451486,47.03353642
7,2020,Nebraska,74.4,71.4,-99.81080907,41.52714896
7,2020,Nevada,69.6,68,-116.6552255,39.35623735
7,2020,New Hampshire,67.6,64.1,-71.57759415,43.68563175
7,2020,New Jersey,75.2,71.1,-74.66075411,40.18442736
7,2020,New Mexico,74.6,71,-106.1083886,34.42137076
7,2020,New York,69,65.8,-75.50311828,42.94039011
7,2020,North Carolina,76.4,75.2,-79.37237975,35.54153412
7,2020,North Dakota,68.6,66,-100.4693211,47.44633852
7,2020,Ohio,73.6,70.9,-82.7900612,40.29145221
7,2020,Oklahoma,80.7,79.3,-97.50829271,35.58348565
7,2020,Oregon,62,61,-120.5554134,43.93664816
7,2020,Pennsylvania,71,68.1,-77.79955956,40.87383785
7,2020,Rhode Island,71.8,67.6,-71.55361205,41.67608139
7,2020,South Carolina,79,78.4,-80.89613969,33.90797425
7,2020,South Dakota,71.9,69.2,-100.2305075,44.4361607
7,2020,Tennessee,76.4,75.5,-86.34338037,35.84298709
7,2020,Texas,82.9,80.9,-99.35069715,31.48446438
7,2020,Utah,69.6,67.8,-111.6782164,39.32379475
7,2020,Vermont,66.8,63.4,-72.66264936,44.07519583
7,2020,Virginia,75,72.8,-78.81225447,37.51502389
7,2020,Washington,61.4,60.9,-120.4468664,47.38096888
7,2020,West Virginia,71.8,69.9,-80.61371197,38.64259874
7,2020,Wisconsin,69.2,66.5,-90.01169426,44.63803019
7,2020,Wyoming,63.2,61.5,-107.5514541,42.99964203
8,2020,Alabama,80.6,79.7,-86.82837194,32.78983219
8,2020,Arizona,83.4,78.7,-111.6644183,34.29310987
8,2020,Arkansas,79.6,79.9,-92.43926766,34.89974533
8,2020,California,77.8,74.3,-119.610699,37.24607067
8,2020,Colorado,69.7,66.1,-105.5478247,38.99855182
8,2020,Connecticut,74.1,69.6,-72.72570604,41.62028634
8,2020,Delaware,78.9,74.6,-75.40040409,38.88701645
8,2020,Florida,83.1,81,-81.79746387,28.62843926
8,2020,Georgia,80.9,79.3,-83.44634183,32.64922907
8,2020,Idaho,66,64.3,-114.6593823,44.08908951
8,2020,Illinois,75,74.4,-89.19839676,40.06504091
8,2020,Indiana,74.2,73.4,-86.27563973,39.90814123
8,2020,Iowa,73.6,72.6,-93.50006496,42.07462688
8,2020,Kansas,77.8,78.1,-98.38021317,38.48470815
8,2020,Kentucky,76.8,75.6,-85.29045609,37.52666746
8,2020,Louisiana,82.5,81.7,-92.58566202,31.05840696
8,2020,Maine,67.2,64.1,-69.22664746,45.37143349
8,2020,Maryland,78.4,74.2,-76.77245461,39.0369223
8,2020,Massachusetts,73.1,68.6,-71.79863942,42.2533024
8,2020,Michigan,70.6,67,-85.43716696,44.35068131
8,2020,Minnesota,69.8,67.6,-94.30901265,46.31633293
8,2020,Mississippi,81.1,80.5,-89.66521368,32.75086663
8,2020,Missouri,76.7,76.8,-92.47741016,38.36761316
8,2020,Montana,66.5,64.9,-109.6451486,47.03353642
8,2020,Nebraska,74.6,73.4,-99.81080907,41.52714896
8,2020,Nevada,74.9,71.1,-116.6552255,39.35623735
8,2020,New Hampshire,68.8,65.3,-71.57759415,43.68563175
8,2020,New Jersey,77.2,72.6,-74.66075411,40.18442736
8,2020,New Mexico,76.4,71.8,-106.1083886,34.42137076
8,2020,New York,70.8,67.2,-75.50311828,42.94039011
8,2020,North Carolina,78.6,76.3,-79.37237975,35.54153412
8,2020,North Dakota,69.8,68,-100.4693211,47.44633852
8,2020,Ohio,74.6,72,-82.7900612,40.29145221
8,2020,Oklahoma,81,81.3,-97.50829271,35.58348565
8,2020,Oregon,66.6,64.3,-120.5554134,43.93664816
8,2020,Pennsylvania,73.2,69.3,-77.79955956,40.87383785
8,2020,Rhode Island,74.6,69.5,-71.55361205,41.67608139
8,2020,South Carolina,81,79.3,-80.89613969,33.90797425
8,2020,South Dakota,73,71.5,-100.2305075,44.4361607
8,2020,Tennessee,77.8,76.6,-86.34338037,35.84298709
8,2020,Texas,84.8,82.1,-99.35069715,31.48446438
8,2020,Utah,74.8,70.5,-111.6782164,39.32379475
8,2020,Vermont,68,64.6,-72.66264936,44.07519583
8,2020,Virginia,77.1,73.9,-78.81225447,37.51502389
8,2020,Washington,65.2,63.7,-120.4468664,47.38096888
8,2020,West Virginia,74,71.1,-80.61371197,38.64259874
8,2020,Wisconsin,70.1,67.7,-90.01169426,44.63803019
8,2020,Wyoming,67.1,64.3,-107.5514541,42.99964203
9,2020,Alabama,77.2,76.9,-86.82837194,32.78983219
9,2020,Arizona,79.8,74.9,-111.6644183,34.29310987
9,2020,Arkansas,74.8,76.1,-92.43926766,34.89974533
9,2020,California,76.4,71.1,-119.610699,37.24607067
9,2020,Colorado,64.4,61.2,-105.5478247,38.99855182
9,2020,Connecticut,68,65,-72.72570604,41.62028634
9,2020,Delaware,72.9,70.5,-75.40040409,38.88701645
9,2020,Florida,81.9,80.1,-81.79746387,28.62843926
9,2020,Georgia,77.4,76.8,-83.44634183,32.64922907
9,2020,Idaho,62.9,59.1,-114.6593823,44.08908951
9,2020,Illinois,69.2,69.8,-89.19839676,40.06504091
9,2020,Indiana,68.6,69,-86.27563973,39.90814123
9,2020,Iowa,66.9,67.2,-93.50006496,42.07462688
9,2020,Kansas,71.4,73,-98.38021317,38.48470815
9,2020,Kentucky,71.6,71.8,-85.29045609,37.52666746
9,2020,Louisiana,79.9,79.4,-92.58566202,31.05840696
9,2020,Maine,61.2,59,-69.22664746,45.37143349
9,2020,Maryland,71.9,70.1,-76.77245461,39.0369223
9,2020,Massachusetts,67.2,63.9,-71.79863942,42.2533024
9,2020,Michigan,63.4,62.2,-85.43716696,44.35068131
9,2020,Minnesota,62.4,61.6,-94.30901265,46.31633293
9,2020,Mississippi,77.8,77.7,-89.66521368,32.75086663
9,2020,Missouri,70.8,72.2,-92.47741016,38.36761316
9,2020,Montana,62.2,58.9,-109.6451486,47.03353642
9,2020,Nebraska,68.4,67.6,-99.81080907,41.52714896
9,2020,Nevada,71.1,65.9,-116.6552255,39.35623735
9,2020,New Hampshire,62.5,60.3,-71.57759415,43.68563175
9,2020,New Jersey,71.2,68.3,-74.66075411,40.18442736
9,2020,New Mexico,70.6,67.7,-106.1083886,34.42137076
9,2020,New York,64.1,62.5,-75.50311828,42.94039011
9,2020,North Carolina,73.6,72.9,-79.37237975,35.54153412
9,2020,North Dakota,63.1,61.5,-100.4693211,47.44633852
9,2020,Ohio,68.4,67.7,-82.7900612,40.29145221
9,2020,Oklahoma,74.9,77,-97.50829271,35.58348565
9,2020,Oregon,64.9,60.6,-120.5554134,43.93664816
9,2020,Pennsylvania,66.8,65,-77.79955956,40.87383785
9,2020,Rhode Island,69.2,65.3,-71.55361205,41.67608139
9,2020,South Carolina,76.7,76.2,-80.89613969,33.90797425
9,2020,South Dakota,66.5,65.3,-100.2305075,44.4361607
9,2020,Tennessee,73.2,73.1,-86.34338037,35.84298709
9,2020,Texas,79.2,78.8,-99.35069715,31.48446438
9,2020,Utah,69.9,65,-111.6782164,39.32379475
9,2020,Vermont,61.2,59.7,-72.66264936,44.07519583
9,2020,Virginia,70.9,70.1,-78.81225447,37.51502389
9,2020,Washington,63.4,60.2,-120.4468664,47.38096888
9,2020,West Virginia,68.4,67.4,-80.61371197,38.64259874
9,2020,Wisconsin,62.8,62.2,-90.01169426,44.63803019
9,2020,Wyoming,61.6,58.5,-107.5514541,42.99964203
10,2020,Alabama,70.6,69.3,-86.82837194,32.78983219
10,2020,Arizona,70.9,66.5,-111.6644183,34.29310987
10,2020,Arkansas,65.6,67.3,-92.43926766,34.89974533
10,2020,California,70.1,64,-119.610699,37.24607067
10,2020,Colorado,52.9,51.9,-105.5478247,38.99855182
10,2020,Connecticut,58.4,56.3,-72.72570604,41.62028634
10,2020,Delaware,64.4,61.9,-75.40040409,38.88701645
10,2020,Florida,78.9,75.7,-81.79746387,28.62843926
10,2020,Georgia,71.4,69.4,-83.44634183,32.64922907
10,2020,Idaho,52,49.4,-114.6593823,44.08908951
10,2020,Illinois,58.8,60.4,-89.19839676,40.06504091
10,2020,Indiana,59.1,59.7,-86.27563973,39.90814123
10,2020,Iowa,54,57.2,-93.50006496,42.07462688
10,2020,Kansas,59.4,62.5,-98.38021317,38.48470815
10,2020,Kentucky,63,62.8,-85.29045609,37.52666746
10,2020,Louisiana,72.9,72.3,-92.58566202,31.05840696
10,2020,Maine,50.8,49.6,-69.22664746,45.37143349
10,2020,Maryland,63.2,61.5,-76.77245461,39.0369223
10,2020,Massachusetts,57.6,55.2,-71.79863942,42.2533024
10,2020,Michigan,51.3,53,-85.43716696,44.35068131
10,2020,Minnesota,47.7,50.9,-94.30901265,46.31633293
10,2020,Mississippi,70.6,69.8,-89.66521368,32.75086663
10,2020,Missouri,60.4,62.6,-92.47741016,38.36761316
10,2020,Montana,48.2,48.6,-109.6451486,47.03353642
10,2020,Nebraska,54.6,56.9,-99.81080907,41.52714896
10,2020,Nevada,60.9,56.2,-116.6552255,39.35623735
10,2020,New Hampshire,52.8,51.2,-71.57759415,43.68563175
10,2020,New Jersey,61.9,59.5,-74.66075411,40.18442736
10,2020,New Mexico,60.8,59.3,-106.1083886,34.42137076
10,2020,New York,54.3,53.5,-75.50311828,42.94039011
10,2020,North Carolina,66.4,65,-79.37237975,35.54153412
10,2020,North Dakota,47.4,50.1,-100.4693211,47.44633852
10,2020,Ohio,59.1,58.7,-82.7900612,40.29145221
10,2020,Oklahoma,64.3,67.4,-97.50829271,35.58348565
10,2020,Oregon,56.9,52.6,-120.5554134,43.93664816
10,2020,Pennsylvania,57.2,56.2,-77.79955956,40.87383785
10,2020,Rhode Island,59.6,57,-71.55361205,41.67608139
10,2020,South Carolina,70.4,68.5,-80.89613969,33.90797425
10,2020,South Dakota,50.8,54,-100.2305075,44.4361607
10,2020,Tennessee,65.2,64.5,-86.34338037,35.84298709
10,2020,Texas,70,71,-99.35069715,31.48446438
10,2020,Utah,58.4,54.8,-111.6782164,39.32379475
10,2020,Vermont,51.8,50.6,-72.66264936,44.07519583
10,2020,Virginia,62.7,61.6,-78.81225447,37.51502389
10,2020,Washington,54.8,52.1,-120.4468664,47.38096888
10,2020,West Virginia,59.8,58.9,-80.61371197,38.64259874
10,2020,Wisconsin,49.3,52.4,-90.01169426,44.63803019
10,2020,Wyoming,48.4,48.1,-107.5514541,42.99964203
11,2020,Alabama,62.6,58.6,-86.82837194,32.78983219
11,2020,Arizona,59.8,55,-111.6644183,34.29310987
11,2020,Arkansas,56.7,55.8,-92.43926766,34.89974533
11,2020,California,58.6,54.6,-119.610699,37.24607067
11,2020,Colorado,42.8,40,-105.5478247,38.99855182
11,2020,Connecticut,49.3,45.6,-72.72570604,41.62028634
11,2020,Delaware,55.9,51,-75.40040409,38.88701645
11,2020,Florida,74,68.3,-81.79746387,28.62843926
11,2020,Georgia,64.4,59.2,-83.44634183,32.64922907
11,2020,Idaho,39,37.8,-114.6593823,44.08908951
11,2020,Illinois,49.6,47.8,-89.19839676,40.06504091
11,2020,Indiana,49.9,47.5,-86.27563973,39.90814123
11,2020,Iowa,44,43.6,-93.50006496,42.07462688
11,2020,Kansas,50.4,49.3,-98.38021317,38.48470815
11,2020,Kentucky,53.8,51.1,-85.29045609,37.52666746
11,2020,Louisiana,65,62.4,-92.58566202,31.05840696
11,2020,Maine,40.8,38.2,-69.22664746,45.37143349
11,2020,Maryland,55,50.4,-76.77245461,39.0369223
11,2020,Massachusetts,48.6,44.7,-71.79863942,42.2533024
11,2020,Michigan,42.8,41.1,-85.43716696,44.35068131
11,2020,Minnesota,36.4,36.5,-94.30901265,46.31633293
11,2020,Mississippi,62.1,59.1,-89.66521368,32.75086663
11,2020,Missouri,51.6,50.3,-92.47741016,38.36761316
11,2020,Montana,36,36.3,-109.6451486,47.03353642
11,2020,Nebraska,44.5,43.3,-99.81080907,41.52714896
11,2020,Nevada,47.9,44.8,-116.6552255,39.35623735
11,2020,New Hampshire,42.8,40,-71.57759415,43.68563175
11,2020,New Jersey,53.1,48.6,-74.66075411,40.18442736
11,2020,New Mexico,52,48,-106.1083886,34.42137076
11,2020,New York,45.4,42.1,-75.50311828,42.94039011
11,2020,North Carolina,58.9,54.5,-79.37237975,35.54153412
11,2020,North Dakota,34.8,35.2,-100.4693211,47.44633852
11,2020,Ohio,50,46.9,-82.7900612,40.29145221
11,2020,Oklahoma,55.9,55,-97.50829271,35.58348565
11,2020,Oregon,44.8,42.9,-120.5554134,43.93664816
11,2020,Pennsylvania,48.5,45,-77.79955956,40.87383785
11,2020,Rhode Island,51,46.6,-71.55361205,41.67608139
11,2020,South Carolina,63.4,58.2,-80.89613969,33.90797425
11,2020,South Dakota,39.9,39.8,-100.2305075,44.4361607
11,2020,Tennessee,56.2,53.1,-86.34338037,35.84298709
11,2020,Texas,63.2,60.3,-99.35069715,31.48446438
11,2020,Utah,45.8,42.4,-111.6782164,39.32379475
11,2020,Vermont,42.2,39.2,-72.66264936,44.07519583
11,2020,Virginia,55.2,50.9,-78.81225447,37.51502389
11,2020,Washington,43,41.9,-120.4468664,47.38096888
11,2020,West Virginia,51.4,47.6,-80.61371197,38.64259874
11,2020,Wisconsin,40,39.2,-90.01169426,44.63803019
11,2020,Wyoming,37.2,35.8,-107.5514541,42.99964203
12,2020,Alabama,52.2,50,-86.82837194,32.78983219
12,2020,Arizona,47.8,45.4,-111.6644183,34.29310987
12,2020,Arkansas,48.3,45.7,-92.43926766,34.89974533
12,2020,California,48.2,46.3,-119.610699,37.24607067
12,2020,Colorado,32.6,29.4,-105.5478247,38.99855182
12,2020,Connecticut,39.5,34.7,-72.72570604,41.62028634
12,2020,Delaware,45.8,41,-75.40040409,38.88701645
12,2020,Florida,64.2,61.5,-81.79746387,28.62843926
12,2020,Georgia,53.4,50.7,-83.44634183,32.64922907
12,2020,Idaho,29.4,27.7,-114.6593823,44.08908951
12,2020,Illinois,40,35.1,-89.19839676,40.06504091
12,2020,Indiana,40.2,35.7,-86.27563973,39.90814123
12,2020,Iowa,34.6,29.2,-93.50006496,42.07462688
12,2020,Kansas,42,36.8,-98.38021317,38.48470815
12,2020,Kentucky,43.6,40.8,-85.29045609,37.52666746
12,2020,Louisiana,56.4,54.2,-92.58566202,31.05840696
12,2020,Maine,32.1,25.5,-69.22664746,45.37143349
12,2020,Maryland,44.6,40.1,-76.77245461,39.0369223
12,2020,Massachusetts,38.9,33.7,-71.79863942,42.2533024
12,2020,Michigan,34.8,28.9,-85.43716696,44.35068131
12,2020,Minnesota,27.4,20.4,-94.30901265,46.31633293
12,2020,Mississippi,52.7,50.3,-89.66521368,32.75086663
12,2020,Missouri,43,38.3,-92.47741016,38.36761316
12,2020,Montana,30.6,25,-109.6451486,47.03353642
12,2020,Nebraska,37,30.6,-99.81080907,41.52714896
12,2020,Nevada,36.4,35,-116.6552255,39.35623735
12,2020,New Hampshire,33.2,27.9,-71.57759415,43.68563175
12,2020,New Jersey,43.1,38.1,-74.66075411,40.18442736
12,2020,New Mexico,41.2,38.2,-106.1083886,34.42137076
12,2020,New York,35.8,30.4,-75.50311828,42.94039011
12,2020,North Carolina,48.5,45.4,-79.37237975,35.54153412
12,2020,North Dakota,27.6,19.6,-100.4693211,47.44633852
12,2020,Ohio,40,35.6,-82.7900612,40.29145221
12,2020,Oklahoma,47.2,43.6,-97.50829271,35.58348565
12,2020,Oregon,36.2,34.7,-120.5554134,43.93664816
12,2020,Pennsylvania,38.4,34.1,-77.79955956,40.87383785
12,2020,Rhode Island,41.6,36.2,-71.55361205,41.67608139
12,2020,South Carolina,52.4,49.3,-80.89613969,33.90797425
12,2020,South Dakota,33.4,25.6,-100.2305075,44.4361607
12,2020,Tennessee,45.7,43.3,-86.34338037,35.84298709
12,2020,Texas,54.6,50.8,-99.35069715,31.48446438
12,2020,Utah,33,31.5,-111.6782164,39.32379475
12,2020,Vermont,32.6,26.7,-72.66264936,44.07519583
12,2020,Virginia,44.8,41.1,-78.81225447,37.51502389
12,2020,Washington,35.6,33.6,-120.4468664,47.38096888
12,2020,West Virginia,40.9,37.6,-80.61371197,38.64259874
12,2020,Wisconsin,31.4,24.9,-90.01169426,44.63803019
12,2020,Wyoming,28.8,24.8,-107.5514541,42.99964203
1,2021,Alabama,46.2,45.8,-86.82837194,32.78983219
1,2021,Arizona,42.3,41.1,-111.6644183,34.29310987
1,2021,Arkansas,42,40.5,-92.43926766,34.89974533
1,2021,California,45.5,42.7,-119.610699,37.24607067
1,2021,Colorado,26.7,24.5,-105.5478247,38.99855182
1,2021,Connecticut,31.4,27.3,-72.72570604,41.62028634
1,2021,Delaware,38,34.8,-75.40040409,38.88701645
1,2021,Florida,58.2,58.3,-81.79746387,28.62843926
1,2021,Georgia,47,46.6,-83.44634183,32.64922907
1,2021,Idaho,26.4,23,-114.6593823,44.08908951
1,2021,Illinois,31.2,27.4,-89.19839676,40.06504091
1,2021,Indiana,32,28.4,-86.27563973,39.90814123
1,2021,Iowa,25.6,20.3,-93.50006496,42.07462688
1,2021,Kansas,35,30.1,-98.38021317,38.48470815
1,2021,Kentucky,36.5,35,-85.29045609,37.52666746
1,2021,Louisiana,50.8,50.2,-92.58566202,31.05840696
1,2021,Maine,24.4,16,-69.22664746,45.37143349
1,2021,Maryland,36.8,33.9,-76.77245461,39.0369223
1,2021,Massachusetts,31,26.2,-71.79863942,42.2533024
1,2021,Michigan,26.8,20.7,-85.43716696,44.35068131
1,2021,Minnesota,19.6,9.7,-94.30901265,46.31633293
1,2021,Mississippi,46.9,46,-89.66521368,32.75086663
1,2021,Missouri,35,31.3,-92.47741016,38.36761316
1,2021,Montana,27.6,18.7,-109.6451486,47.03353642
1,2021,Nebraska,30.2,23.7,-99.81080907,41.52714896
1,2021,Nevada,33,30.5,-116.6552255,39.35623735
1,2021,New Hampshire,25.5,19.4,-71.57759415,43.68563175
1,2021,New Jersey,35.4,31.4,-74.66075411,40.18442736
1,2021,New Mexico,35,34,-106.1083886,34.42137076
1,2021,New York,26.9,22.2,-75.50311828,42.94039011
1,2021,North Carolina,41.4,40.7,-79.37237975,35.54153412
1,2021,North Dakota,22.2,9.6,-100.4693211,47.44633852
1,2021,Ohio,32.2,28.6,-82.7900612,40.29145221
1,2021,Oklahoma,40.4,37.8,-97.50829271,35.58348565
1,2021,Oregon,34.5,31,-120.5554134,43.93664816
1,2021,Pennsylvania,30.7,27.1,-77.79955956,40.87383785
1,2021,Rhode Island,33.6,29.1,-71.55361205,41.67608139
1,2021,South Carolina,45.8,45.2,-80.89613969,33.90797425
1,2021,South Dakota,27.4,17.4,-100.2305075,44.4361607
1,2021,Tennessee,39.6,38.3,-86.34338037,35.84298709
1,2021,Texas,47.9,46.2,-99.35069715,31.48446438
1,2021,Utah,27.6,26.1,-111.6782164,39.32379475
1,2021,Vermont,23.8,17.7,-72.66264936,44.07519583
1,2021,Virginia,37.5,35.8,-78.81225447,37.51502389
1,2021,Washington,34.2,29.6,-120.4468664,47.38096888
1,2021,West Virginia,33.4,31.8,-80.61371197,38.64259874
1,2021,Wisconsin,22.2,15.3,-90.01169426,44.63803019
1,2021,Wyoming,24,19.6,-107.5514541,42.99964203
2,2021,Alabama,46.6,46.5,-86.82837194,32.78983219
2,2021,Arizona,44.6,42.7,-111.6644183,34.29310987
2,2021,Arkansas,38,41.1,-92.43926766,34.89974533
2,2021,California,46.4,43.8,-119.610699,37.24607067
2,2021,Colorado,25.7,25.6,-105.5478247,38.99855182
2,2021,Connecticut,28.8,25.8,-72.72570604,41.62028634
2,2021,Delaware,35.8,33.8,-75.40040409,38.88701645
2,2021,Florida,61.2,58.6,-81.79746387,28.62843926
2,2021,Georgia,48.6,47.4,-83.44634183,32.64922907
2,2021,Idaho,26,24.3,-114.6593823,44.08908951
2,2021,Illinois,25,27.2,-89.19839676,40.06504091
2,2021,Indiana,27.1,28,-86.27563973,39.90814123
2,2021,Iowa,18.2,20.2,-93.50006496,42.07462688
2,2021,Kansas,29,31.1,-98.38021317,38.48470815
2,2021,Kentucky,34,35.1,-85.29045609,37.52666746
2,2021,Louisiana,49.2,50.9,-92.58566202,31.05840696
2,2021,Maine,20,14,-69.22664746,45.37143349
2,2021,Maryland,34.8,33.1,-76.77245461,39.0369223
2,2021,Massachusetts,28.2,24.6,-71.79863942,42.2533024
2,2021,Michigan,21.2,18.6,-85.43716696,44.35068131
2,2021,Minnesota,12.4,9.2,-94.30901265,46.31633293
2,2021,Mississippi,45.6,46.8,-89.66521368,32.75086663
2,2021,Missouri,29,31.6,-92.47741016,38.36761316
2,2021,Montana,20.2,19,-109.6451486,47.03353642
2,2021,Nebraska,22.8,24.4,-99.81080907,41.52714896
2,2021,Nevada,34.6,32,-116.6552255,39.35623735
2,2021,New Hampshire,21.8,17.9,-71.57759415,43.68563175
2,2021,New Jersey,32.9,30.1,-74.66075411,40.18442736
2,2021,New Mexico,36.1,35.7,-106.1083886,34.42137076
2,2021,New York,22.8,20.2,-75.50311828,42.94039011
2,2021,North Carolina,41.4,41,-79.37237975,35.54153412
2,2021,North Dakota,13.4,9.1,-100.4693211,47.44633852
2,2021,Ohio,28,27.9,-82.7900612,40.29145221
2,2021,Oklahoma,35.6,38.9,-97.50829271,35.58348565
2,2021,Oregon,34.2,32.2,-120.5554134,43.93664816
2,2021,Pennsylvania,27.9,25.9,-77.79955956,40.87383785
2,2021,Rhode Island,31.2,27.5,-71.55361205,41.67608139
2,2021,South Carolina,46.5,45.7,-80.89613969,33.90797425
2,2021,South Dakota,19.6,17.4,-100.2305075,44.4361607
2,2021,Tennessee,38.6,38.7,-86.34338037,35.84298709
2,2021,Texas,45.6,47.4,-99.35069715,31.48446438
2,2021,Utah,30.2,27.9,-111.6782164,39.32379475
2,2021,Vermont,19.6,15.9,-72.66264936,44.07519583
2,2021,Virginia,36.6,35.7,-78.81225447,37.51502389
2,2021,Washington,33,30.8,-120.4468664,47.38096888
2,2021,West Virginia,32,31.6,-80.61371197,38.64259874
2,2021,Wisconsin,15.4,14.4,-90.01169426,44.63803019
2,2021,Wyoming,20.4,20.3,-107.5514541,42.99964203
3,2021,Alabama,53.2,51.6,-86.82837194,32.78983219
3,2021,Arizona,48,47.1,-111.6644183,34.29310987
3,2021,Arkansas,45,47.2,-92.43926766,34.89974533
3,2021,California,47.8,47.1,-119.610699,37.24607067
3,2021,Colorado,30.2,30.5,-105.5478247,38.99855182
3,2021,Connecticut,33.9,30.9,-72.72570604,41.62028634
3,2021,Delaware,41.5,38.5,-75.40040409,38.88701645
3,2021,Florida,65.8,61.8,-81.79746387,28.62843926
3,2021,Georgia,54.7,52,-83.44634183,32.64922907
3,2021,Idaho,30,29.5,-114.6593823,44.08908951
3,2021,Illinois,33.4,34.5,-89.19839676,40.06504091
3,2021,Indiana,34.8,34.5,-86.27563973,39.90814123
3,2021,Iowa,27.4,28.7,-93.50006496,42.07462688
3,2021,Kansas,36,38,-98.38021317,38.48470815
3,2021,Kentucky,41.4,40.9,-85.29045609,37.52666746
3,2021,Louisiana,55,55.7,-92.58566202,31.05840696
3,2021,Maine,24,20.4,-69.22664746,45.37143349
3,2021,Maryland,40.7,38.1,-76.77245461,39.0369223
3,2021,Massachusetts,33,29.7,-71.79863942,42.2533024
3,2021,Michigan,27.1,24.1,-85.43716696,44.35068131
3,2021,Minnesota,21.1,18.7,-94.30901265,46.31633293
3,2021,Mississippi,52.2,52,-89.66521368,32.75086663
3,2021,Missouri,37.2,38.7,-92.47741016,38.36761316
3,2021,Montana,24.9,25.4,-109.6451486,47.03353642
3,2021,Nebraska,29.6,31.3,-99.81080907,41.52714896
3,2021,Nevada,37.4,36.8,-116.6552255,39.35623735
3,2021,New Hampshire,26.4,23.6,-71.57759415,43.68563175
3,2021,New Jersey,38.1,34.9,-74.66075411,40.18442736
3,2021,New Mexico,41,40.6,-106.1083886,34.42137076
3,2021,New York,28.4,25.7,-75.50311828,42.94039011
3,2021,North Carolina,47.4,45.6,-79.37237975,35.54153412
3,2021,North Dakota,20.8,18.3,-100.4693211,47.44633852
3,2021,Ohio,35,33.7,-82.7900612,40.29145221
3,2021,Oklahoma,42.6,45.3,-97.50829271,35.58348565
3,2021,Oregon,36.2,36.2,-120.5554134,43.93664816
3,2021,Pennsylvania,33.6,31.2,-77.79955956,40.87383785
3,2021,Rhode Island,35.6,31.9,-71.55361205,41.67608139
3,2021,South Carolina,52.4,50.4,-80.89613969,33.90797425
3,2021,South Dakota,26.1,25.3,-100.2305075,44.4361607
3,2021,Tennessee,45.5,44.3,-86.34338037,35.84298709
3,2021,Texas,51.6,52.8,-99.35069715,31.48446438
3,2021,Utah,35.3,33.8,-111.6782164,39.32379475
3,2021,Vermont,24.8,21.8,-72.66264936,44.07519583
3,2021,Virginia,42.6,40.6,-78.81225447,37.51502389
3,2021,Washington,35.5,35.8,-120.4468664,47.38096888
3,2021,West Virginia,38.6,36.9,-80.61371197,38.64259874
3,2021,Wisconsin,23.8,22.3,-90.01169426,44.63803019
3,2021,Wyoming,24.8,25.7,-107.5514541,42.99964203
4,2021,Alabama,60.6,59,-86.82837194,32.78983219
4,2021,Arizona,55.4,53.2,-111.6644183,34.29310987
4,2021,Arkansas,56.7,55.9,-92.43926766,34.89974533
4,2021,California,53.2,51.3,-119.610699,37.24607067
4,2021,Colorado,39.4,38,-105.5478247,38.99855182
4,2021,Connecticut,44,40.7,-72.72570604,41.62028634
4,2021,Delaware,51.4,47.4,-75.40040409,38.88701645
4,2021,Florida,68.8,66.6,-81.79746387,28.62843926
4,2021,Georgia,61,59.2,-83.44634183,32.64922907
4,2021,Idaho,38.4,36.8,-114.6593823,44.08908951
4,2021,Illinois,49.4,45.7,-89.19839676,40.06504091
4,2021,Indiana,48.9,45.1,-86.27563973,39.90814123
4,2021,Iowa,45.8,41.3,-93.50006496,42.07462688
4,2021,Kansas,50.2,47.9,-98.38021317,38.48470815
4,2021,Kentucky,52.5,50.3,-85.29045609,37.52666746
4,2021,Louisiana,63.6,62.6,-92.58566202,31.05840696
4,2021,Maine,36.4,32.1,-69.22664746,45.37143349
4,2021,Maryland,51,47.3,-76.77245461,39.0369223
4,2021,Massachusetts,43,39.4,-71.79863942,42.2533024
4,2021,Michigan,41,35.5,-85.43716696,44.35068131
4,2021,Minnesota,38.9,33.3,-94.30901265,46.31633293
4,2021,Mississippi,61,59.5,-89.66521368,32.75086663
4,2021,Missouri,52.1,49.1,-92.47741016,38.36761316
4,2021,Montana,38.2,35,-109.6451486,47.03353642
4,2021,Nebraska,44.8,41.8,-99.81080907,41.52714896
4,2021,Nevada,44.2,43,-116.6552255,39.35623735
4,2021,New Hampshire,38.2,34.8,-71.57759415,43.68563175
4,2021,New Jersey,48.4,44.4,-74.66075411,40.18442736
4,2021,New Mexico,49,47.4,-106.1083886,34.42137076
4,2021,New York,40.4,36.7,-75.50311828,42.94039011
4,2021,North Carolina,55.6,53.5,-79.37237975,35.54153412
4,2021,North Dakota,38.2,33,-100.4693211,47.44633852
4,2021,Ohio,48.1,43.8,-82.7900612,40.29145221
4,2021,Oklahoma,55.7,54.4,-97.50829271,35.58348565
4,2021,Oregon,42.7,41.1,-120.5554134,43.93664816
4,2021,Pennsylvania,45,41.3,-77.79955956,40.87383785
4,2021,Rhode Island,44.6,40.9,-71.55361205,41.67608139
4,2021,South Carolina,59.8,57.9,-80.89613969,33.90797425
4,2021,South Dakota,41.5,37.8,-100.2305075,44.4361607
4,2021,Tennessee,54.9,53,-86.34338037,35.84298709
4,2021,Texas,61.6,60.6,-99.35069715,31.48446438
4,2021,Utah,42.9,41.4,-111.6782164,39.32379475
4,2021,Vermont,37,33.5,-72.66264936,44.07519583
4,2021,Virginia,51.9,49.3,-78.81225447,37.51502389
4,2021,Washington,43.2,41.8,-120.4468664,47.38096888
4,2021,West Virginia,48.4,46,-80.61371197,38.64259874
4,2021,Wisconsin,40.9,35.5,-90.01169426,44.63803019
4,2021,Wyoming,35,33.9,-107.5514541,42.99964203
5,2021,Alabama,65.5,66.7,-86.82837194,32.78983219
5,2021,Arizona,64.6,60.9,-111.6644183,34.29310987
5,2021,Arkansas,62.5,64.6,-92.43926766,34.89974533
5,2021,California,61.4,57.4,-119.610699,37.24607067
5,2021,Colorado,48,47.2,-105.5478247,38.99855182
5,2021,Connecticut,53.3,51.4,-72.72570604,41.62028634
5,2021,Delaware,59.3,57.1,-75.40040409,38.88701645
5,2021,Florida,72.9,72.1,-81.79746387,28.62843926
5,2021,Georgia,65.7,67,-83.44634183,32.64922907
5,2021,Idaho,45.9,45.1,-114.6593823,44.08908951
5,2021,Illinois,56.8,56.8,-89.19839676,40.06504091
5,2021,Indiana,55.8,56,-86.27563973,39.90814123
5,2021,Iowa,54.2,53.9,-93.50006496,42.07462688
5,2021,Kansas,57.2,58.5,-98.38021317,38.48470815
5,2021,Kentucky,58.4,59.8,-85.29045609,37.52666746
5,2021,Louisiana,68.6,69.8,-92.58566202,31.05840696
5,2021,Maine,48,44.5,-69.22664746,45.37143349
5,2021,Maryland,58.6,57.3,-76.77245461,39.0369223
5,2021,Massachusetts,52.7,50.2,-71.79863942,42.2533024
5,2021,Michigan,49.6,47.8,-85.43716696,44.35068131
5,2021,Minnesota,48.6,47.7,-94.30901265,46.31633293
5,2021,Mississippi,66,67.4,-89.66521368,32.75086663
5,2021,Missouri,58.3,59.4,-92.47741016,38.36761316
5,2021,Montana,44.5,45.5,-109.6451486,47.03353642
5,2021,Nebraska,52.4,53,-99.81080907,41.52714896
5,2021,Nevada,53.2,50.7,-116.6552255,39.35623735
5,2021,New Hampshire,49.2,46.6,-71.57759415,43.68563175
5,2021,New Jersey,56.8,54.6,-74.66075411,40.18442736
5,2021,New Mexico,58,55.8,-106.1083886,34.42137076
5,2021,New York,50.2,48.6,-75.50311828,42.94039011
5,2021,North Carolina,61.9,62.1,-79.37237975,35.54153412
5,2021,North Dakota,46.6,47.4,-100.4693211,47.44633852
5,2021,Ohio,55.1,54.6,-82.7900612,40.29145221
5,2021,Oklahoma,61.7,63.7,-97.50829271,35.58348565
5,2021,Oregon,49.2,47.2,-120.5554134,43.93664816
5,2021,Pennsylvania,53.2,52.3,-77.79955956,40.87383785
5,2021,Rhode Island,53.6,50.9,-71.55361205,41.67608139
5,2021,South Carolina,65.4,66.1,-80.89613969,33.90797425
5,2021,South Dakota,49.2,50.3,-100.2305075,44.4361607
5,2021,Tennessee,60.2,61.9,-86.34338037,35.84298709
5,2021,Texas,67.8,68.7,-99.35069715,31.48446438
5,2021,Utah,52.3,50.1,-111.6782164,39.32379475
5,2021,Vermont,48.2,46,-72.66264936,44.07519583
5,2021,Virginia,58.8,58.6,-78.81225447,37.51502389
5,2021,Washington,49.7,48.5,-120.4468664,47.38096888
5,2021,West Virginia,54.8,55.6,-80.61371197,38.64259874
5,2021,Wisconsin,49.8,48.6,-90.01169426,44.63803019
5,2021,Wyoming,43.4,43.7,-107.5514541,42.99964203
6,2021,Alabama,73.2,74.1,-86.82837194,32.78983219
6,2021,Arizona,74.4,69.8,-111.6644183,34.29310987
6,2021,Arkansas,71.8,72.6,-92.43926766,34.89974533
6,2021,California,69.7,64.5,-119.610699,37.24607067
6,2021,Colorado,59.3,56.5,-105.5478247,38.99855182
6,2021,Connecticut,63.6,61.2,-72.72570604,41.62028634
6,2021,Delaware,68.6,66.5,-75.40040409,38.88701645
6,2021,Florida,78.4,77.3,-81.79746387,28.62843926
6,2021,Georgia,73.2,74.2,-83.44634183,32.64922907
6,2021,Idaho,57.4,52.9,-114.6593823,44.08908951
6,2021,Illinois,67.6,66.8,-89.19839676,40.06504091
6,2021,Indiana,66.1,65.9,-86.27563973,39.90814123
6,2021,Iowa,66.2,64.4,-93.50006496,42.07462688
6,2021,Kansas,68.9,68.4,-98.38021317,38.48470815
6,2021,Kentucky,67.9,68.5,-85.29045609,37.52666746
6,2021,Louisiana,76.4,76.6,-92.58566202,31.05840696
6,2021,Maine,58.8,55.2,-69.22664746,45.37143349
6,2021,Maryland,67.6,66.4,-76.77245461,39.0369223
6,2021,Massachusetts,63.4,60,-71.79863942,42.2533024
6,2021,Michigan,60.8,58.4,-85.43716696,44.35068131
6,2021,Minnesota,62.5,59,-94.30901265,46.31633293
6,2021,Mississippi,74.1,74.8,-89.66521368,32.75086663
6,2021,Missouri,68.6,68.7,-92.47741016,38.36761316
6,2021,Montana,57,54.3,-109.6451486,47.03353642
6,2021,Nebraska,65.4,63.4,-99.81080907,41.52714896
6,2021,Nevada,64.9,59.4,-116.6552255,39.35623735
6,2021,New Hampshire,60.3,57.1,-71.57759415,43.68563175
6,2021,New Jersey,66.4,64.2,-74.66075411,40.18442736
6,2021,New Mexico,67.9,64.7,-106.1083886,34.42137076
6,2021,New York,60.9,59,-75.50311828,42.94039011
6,2021,North Carolina,69.6,70,-79.37237975,35.54153412
6,2021,North Dakota,61,58.3,-100.4693211,47.44633852
6,2021,Ohio,65.2,64.5,-82.7900612,40.29145221
6,2021,Oklahoma,71.6,72.4,-97.50829271,35.58348565
6,2021,Oregon,58.6,53.8,-120.5554134,43.93664816
6,2021,Pennsylvania,62.8,61.9,-77.79955956,40.87383785
6,2021,Rhode Island,64,60.4,-71.55361205,41.67608139
6,2021,South Carolina,72.8,73.6,-80.89613969,33.90797425
6,2021,South Dakota,63.6,60.9,-100.2305075,44.4361607
6,2021,Tennessee,69,69.9,-86.34338037,35.84298709
6,2021,Texas,76,76,-99.35069715,31.48446438
6,2021,Utah,64.6,59.4,-111.6782164,39.32379475
6,2021,Vermont,59.6,56.7,-72.66264936,44.07519583
6,2021,Virginia,67.2,67.1,-78.81225447,37.51502389
6,2021,Washington,58.6,54.7,-120.4468664,47.38096888
6,2021,West Virginia,63.9,64.3,-80.61371197,38.64259874
6,2021,Wisconsin,62,59.3,-90.01169426,44.63803019
6,2021,Wyoming,56.8,53.1,-107.5514541,42.99964203
7,2021,Alabama,78.2,78.7,-86.82837194,32.78983219
7,2021,Arizona,81,77,-111.6644183,34.29310987
7,2021,Arkansas,78,78.4,-92.43926766,34.89974533
7,2021,California,77.4,71.5,-119.610699,37.24607067
7,2021,Colorado,67.8,64.1,-105.5478247,38.99855182
7,2021,Connecticut,70.2,68,-72.72570604,41.62028634
7,2021,Delaware,75.7,73.1,-75.40040409,38.88701645
7,2021,Florida,81.3,80.3,-81.79746387,28.62843926
7,2021,Georgia,78.2,78.6,-83.44634183,32.64922907
7,2021,Idaho,68.4,60.8,-114.6593823,44.08908951
7,2021,Illinois,74.4,73.5,-89.19839676,40.06504091
7,2021,Indiana,73.1,72.4,-86.27563973,39.90814123
7,2021,Iowa,73.4,71.4,-93.50006496,42.07462688
7,2021,Kansas,76.8,76.2,-98.38021317,38.48470815
7,2021,Kentucky,74.6,74.4,-85.29045609,37.52666746
7,2021,Louisiana,81.1,80.8,-92.58566202,31.05840696
7,2021,Maine,64.4,62.6,-69.22664746,45.37143349
7,2021,Maryland,75.1,72.8,-76.77245461,39.0369223
7,2021,Massachusetts,69.5,67,-71.79863942,42.2533024
7,2021,Michigan,68.2,65.7,-85.43716696,44.35068131
7,2021,Minnesota,70.5,66.3,-94.30901265,46.31633293
7,2021,Mississippi,79.4,79.6,-89.66521368,32.75086663
7,2021,Missouri,75.7,75.3,-92.47741016,38.36761316
7,2021,Montana,68.9,62,-109.6451486,47.03353642
7,2021,Nebraska,73.9,71.4,-99.81080907,41.52714896
7,2021,Nevada,75.2,68,-116.6552255,39.35623735
7,2021,New Hampshire,65.8,64,-71.57759415,43.68563175
7,2021,New Jersey,73.8,71.1,-74.66075411,40.18442736
7,2021,New Mexico,73.2,70.9,-106.1083886,34.42137076
7,2021,New York,67.4,65.8,-75.50311828,42.94039011
7,2021,North Carolina,75.4,75.2,-79.37237975,35.54153412
7,2021,North Dakota,71.6,66,-100.4693211,47.44633852
7,2021,Ohio,72.2,70.9,-82.7900612,40.29145221
7,2021,Oklahoma,78.6,79.3,-97.50829271,35.58348565
7,2021,Oregon,68.3,61,-120.5554134,43.93664816
7,2021,Pennsylvania,69.9,68.2,-77.79955956,40.87383785
7,2021,Rhode Island,70.6,67.6,-71.55361205,41.67608139
7,2021,South Carolina,78,78.4,-80.89613969,33.90797425
7,2021,South Dakota,73.8,69.2,-100.2305075,44.4361607
7,2021,Tennessee,75.5,75.5,-86.34338037,35.84298709
7,2021,Texas,80.5,81,-99.35069715,31.48446438
7,2021,Utah,74,67.7,-111.6782164,39.32379475
7,2021,Vermont,65.2,63.4,-72.66264936,44.07519583
7,2021,Virginia,73.9,72.7,-78.81225447,37.51502389
7,2021,Washington,67.1,60.8,-120.4468664,47.38096888
7,2021,West Virginia,70.6,69.9,-80.61371197,38.64259874
7,2021,Wisconsin,69.4,66.6,-90.01169426,44.63803019
7,2021,Wyoming,67.4,61.4,-107.5514541,42.99964203
8,2021,Alabama,79.7,79.6,-86.82837194,32.78983219
8,2021,Arizona,80.4,78.7,-111.6644183,34.29310987
8,2021,Arkansas,79.9,79.8,-92.43926766,34.89974533
8,2021,California,78.4,74.2,-119.610699,37.24607067
8,2021,Colorado,68.7,66.1,-105.5478247,38.99855182
8,2021,Connecticut,71.9,69.6,-72.72570604,41.62028634
8,2021,Delaware,77.2,74.6,-75.40040409,38.88701645
8,2021,Florida,82.2,81,-81.79746387,28.62843926
8,2021,Georgia,79.6,79.3,-83.44634183,32.64922907
8,2021,Idaho,67.9,64.4,-114.6593823,44.08908951
8,2021,Illinois,75,74.4,-89.19839676,40.06504091
8,2021,Indiana,74.4,73.4,-86.27563973,39.90814123
8,2021,Iowa,73.2,72.7,-93.50006496,42.07462688
8,2021,Kansas,78.4,78.1,-98.38021317,38.48470815
8,2021,Kentucky,76.2,75.5,-85.29045609,37.52666746
8,2021,Louisiana,82.2,81.7,-92.58566202,31.05840696
8,2021,Maine,66,64.2,-69.22664746,45.37143349
8,2021,Maryland,77.1,74.1,-76.77245461,39.0369223
8,2021,Massachusetts,71.1,68.6,-71.79863942,42.2533024
8,2021,Michigan,69.8,66.9,-85.43716696,44.35068131
8,2021,Minnesota,70.2,67.5,-94.30901265,46.31633293
8,2021,Mississippi,80.8,80.6,-89.66521368,32.75086663
8,2021,Missouri,77,76.8,-92.47741016,38.36761316
8,2021,Montana,68.6,64.9,-109.6451486,47.03353642
8,2021,Nebraska,74.6,73.4,-99.81080907,41.52714896
8,2021,Nevada,75.2,71.2,-116.6552255,39.35623735
8,2021,New Hampshire,67.4,65.3,-71.57759415,43.68563175
8,2021,New Jersey,75.8,72.6,-74.66075411,40.18442736
8,2021,New Mexico,72.7,71.8,-106.1083886,34.42137076
8,2021,New York,69,67.1,-75.50311828,42.94039011
8,2021,North Carolina,77.4,76.3,-79.37237975,35.54153412
8,2021,North Dakota,71.4,68,-100.4693211,47.44633852
8,2021,Ohio,73.8,71.9,-82.7900612,40.29145221
8,2021,Oklahoma,80.6,81.3,-97.50829271,35.58348565
8,2021,Oregon,68.9,64.3,-120.5554134,43.93664816
8,2021,Pennsylvania,71.8,69.3,-77.79955956,40.87383785
8,2021,Rhode Island,72.5,69.5,-71.55361205,41.67608139
8,2021,South Carolina,79.6,79.2,-80.89613969,33.90797425
8,2021,South Dakota,73.9,71.5,-100.2305075,44.4361607
8,2021,Tennessee,77.1,76.6,-86.34338037,35.84298709
8,2021,Texas,81.4,82.1,-99.35069715,31.48446438
8,2021,Utah,73.6,70.5,-111.6782164,39.32379475
8,2021,Vermont,66.8,64.7,-72.66264936,44.07519583
8,2021,Virginia,76.2,74,-78.81225447,37.51502389
8,2021,Washington,67.8,63.8,-120.4468664,47.38096888
8,2021,West Virginia,73,71.1,-80.61371197,38.64259874
8,2021,Wisconsin,69.3,67.7,-90.01169426,44.63803019
8,2021,Wyoming,67.1,64.3,-107.5514541,42.99964203
9,2021,Alabama,76.9,76.9,-86.82837194,32.78983219
9,2021,Arizona,77.2,75,-111.6644183,34.29310987
9,2021,Arkansas,77.4,76,-92.43926766,34.89974533
9,2021,California,74.6,71.2,-119.610699,37.24607067
9,2021,Colorado,64.9,61.3,-105.5478247,38.99855182
9,2021,Connecticut,69,65,-72.72570604,41.62028634
9,2021,Delaware,73.4,70.6,-75.40040409,38.88701645
9,2021,Florida,81.1,80,-81.79746387,28.62843926
9,2021,Georgia,76.8,76.7,-83.44634183,32.64922907
9,2021,Idaho,60.5,59.1,-114.6593823,44.08908951
9,2021,Illinois,72.6,69.9,-89.19839676,40.06504091
9,2021,Indiana,71.8,69.1,-86.27563973,39.90814123
9,2021,Iowa,69.8,67.2,-93.50006496,42.07462688
9,2021,Kansas,76.2,73,-98.38021317,38.48470815
9,2021,Kentucky,72.8,71.7,-85.29045609,37.52666746
9,2021,Louisiana,79.8,79.4,-92.58566202,31.05840696
9,2021,Maine,63.7,59,-69.22664746,45.37143349
9,2021,Maryland,73.4,70.2,-76.77245461,39.0369223
9,2021,Massachusetts,68.7,63.9,-71.79863942,42.2533024
9,2021,Michigan,66.2,62.2,-85.43716696,44.35068131
9,2021,Minnesota,65.5,61.5,-94.30901265,46.31633293
9,2021,Mississippi,77.9,77.7,-89.66521368,32.75086663
9,2021,Missouri,74.4,72.1,-92.47741016,38.36761316
9,2021,Montana,61.5,58.9,-109.6451486,47.03353642
9,2021,Nebraska,70.9,67.5,-99.81080907,41.52714896
9,2021,Nevada,69,65.9,-116.6552255,39.35623735
9,2021,New Hampshire,64.8,60.3,-71.57759415,43.68563175
9,2021,New Jersey,72.2,68.2,-74.66075411,40.18442736
9,2021,New Mexico,70.2,67.7,-106.1083886,34.42137076
9,2021,New York,66.1,62.5,-75.50311828,42.94039011
9,2021,North Carolina,74.1,72.9,-79.37237975,35.54153412
9,2021,North Dakota,65.6,61.6,-100.4693211,47.44633852
9,2021,Ohio,70.8,67.7,-82.7900612,40.29145221
9,2021,Oklahoma,79,77,-97.50829271,35.58348565
9,2021,Oregon,62.9,60.6,-120.5554134,43.93664816
9,2021,Pennsylvania,68.4,65,-77.79955956,40.87383785
9,2021,Rhode Island,70.1,65.2,-71.55361205,41.67608139
9,2021,South Carolina,76.7,76.2,-80.89613969,33.90797425
9,2021,South Dakota,68.8,65.4,-100.2305075,44.4361607
9,2021,Tennessee,73.4,73.1,-86.34338037,35.84298709
9,2021,Texas,80,78.8,-99.35069715,31.48446438
9,2021,Utah,67.8,65,-111.6782164,39.32379475
9,2021,Vermont,64,59.7,-72.66264936,44.07519583
9,2021,Virginia,72.4,70.1,-78.81225447,37.51502389
9,2021,Washington,62,60.3,-120.4468664,47.38096888
9,2021,West Virginia,69.7,67.4,-80.61371197,38.64259874
9,2021,Wisconsin,65.2,62.2,-90.01169426,44.63803019
9,2021,Wyoming,61.1,58.4,-107.5514541,42.99964203
10,2021,Alabama,70.6,69.2,-86.82837194,32.78983219
10,2021,Arizona,67.4,66.5,-111.6644183,34.29310987
10,2021,Arkansas,69.9,67.4,-92.43926766,34.89974533
10,2021,California,65.2,64.1,-119.610699,37.24607067
10,2021,Colorado,55.1,51.9,-105.5478247,38.99855182
10,2021,Connecticut,61,56.2,-72.72570604,41.62028634
10,2021,Delaware,66.4,61.8,-75.40040409,38.88701645
10,2021,Florida,77.6,75.7,-81.79746387,28.62843926
10,2021,Georgia,70.4,69.4,-83.44634183,32.64922907
10,2021,Idaho,51.2,49.5,-114.6593823,44.08908951
10,2021,Illinois,64.9,60.4,-89.19839676,40.06504091
10,2021,Indiana,64.3,59.8,-86.27563973,39.90814123
10,2021,Iowa,61,57.1,-93.50006496,42.07462688
10,2021,Kansas,66.2,62.6,-98.38021317,38.48470815
10,2021,Kentucky,65.6,62.8,-85.29045609,37.52666746
10,2021,Louisiana,74.2,72.3,-92.58566202,31.05840696
10,2021,Maine,54.6,49.5,-69.22664746,45.37143349
10,2021,Maryland,66.2,61.4,-76.77245461,39.0369223
10,2021,Massachusetts,60.6,55.2,-71.79863942,42.2533024
10,2021,Michigan,58.3,53,-85.43716696,44.35068131
10,2021,Minnesota,56.6,51,-94.30901265,46.31633293
10,2021,Mississippi,71.7,69.8,-89.66521368,32.75086663
10,2021,Missouri,66,62.6,-92.47741016,38.36761316
10,2021,Montana,51.9,48.5,-109.6451486,47.03353642
10,2021,Nebraska,60.4,56.8,-99.81080907,41.52714896
10,2021,Nevada,57.6,56.2,-116.6552255,39.35623735
10,2021,New Hampshire,56.2,51.1,-71.57759415,43.68563175
10,2021,New Jersey,64.9,59.5,-74.66075411,40.18442736
10,2021,New Mexico,61.9,59.3,-106.1083886,34.42137076
10,2021,New York,58.3,53.5,-75.50311828,42.94039011
10,2021,North Carolina,67.4,64.9,-79.37237975,35.54153412
10,2021,North Dakota,55.4,50.1,-100.4693211,47.44633852
10,2021,Ohio,63.6,58.7,-82.7900612,40.29145221
10,2021,Oklahoma,70.6,67.4,-97.50829271,35.58348565
10,2021,Oregon,53.5,52.7,-120.5554134,43.93664816
10,2021,Pennsylvania,61,56.2,-77.79955956,40.87383785
10,2021,Rhode Island,62.6,56.9,-71.55361205,41.67608139
10,2021,South Carolina,70,68.4,-80.89613969,33.90797425
10,2021,South Dakota,58,54,-100.2305075,44.4361607
10,2021,Tennessee,66.5,64.5,-86.34338037,35.84298709
10,2021,Texas,74,71,-99.35069715,31.48446438
10,2021,Utah,56.2,54.7,-111.6782164,39.32379475
10,2021,Vermont,55.4,50.6,-72.66264936,44.07519583
10,2021,Virginia,65.4,61.6,-78.81225447,37.51502389
10,2021,Washington,52.3,52.1,-120.4468664,47.38096888
10,2021,West Virginia,62.4,58.8,-80.61371197,38.64259874
10,2021,Wisconsin,57.4,52.5,-90.01169426,44.63803019
10,2021,Wyoming,51,48.1,-107.5514541,42.99964203
11,2021,Alabama,59.8,58.7,-86.82837194,32.78983219
11,2021,Arizona,57.9,55.1,-111.6644183,34.29310987
11,2021,Arkansas,57.4,55.8,-92.43926766,34.89974533
11,2021,California,56.5,54.5,-119.610699,37.24607067
11,2021,Colorado,44.2,39.9,-105.5478247,38.99855182
11,2021,Connecticut,48.9,45.6,-72.72570604,41.62028634
11,2021,Delaware,54.1,51,-75.40040409,38.88701645
11,2021,Florida,69.4,68.3,-81.79746387,28.62843926
11,2021,Georgia,59.8,59.2,-83.44634183,32.64922907
11,2021,Idaho,40.9,37.9,-114.6593823,44.08908951
11,2021,Illinois,50.6,47.8,-89.19839676,40.06504091
11,2021,Indiana,50.1,47.5,-86.27563973,39.90814123
11,2021,Iowa,47.4,43.6,-93.50006496,42.07462688
11,2021,Kansas,52.8,49.2,-98.38021317,38.48470815
11,2021,Kentucky,52.9,51.1,-85.29045609,37.52666746
11,2021,Louisiana,64,62.4,-92.58566202,31.05840696
11,2021,Maine,42.8,38.3,-69.22664746,45.37143349
11,2021,Maryland,53.6,50.3,-76.77245461,39.0369223
11,2021,Massachusetts,48.6,44.7,-71.79863942,42.2533024
11,2021,Michigan,45.8,41.1,-85.43716696,44.35068131
11,2021,Minnesota,41.8,36.5,-94.30901265,46.31633293
11,2021,Mississippi,60.8,59.2,-89.66521368,32.75086663
11,2021,Missouri,53.1,50.3,-92.47741016,38.36761316
11,2021,Montana,41,36.4,-109.6451486,47.03353642
11,2021,Nebraska,47.9,43.3,-99.81080907,41.52714896
11,2021,Nevada,47.4,44.8,-116.6552255,39.35623735
11,2021,New Hampshire,44,40,-71.57759415,43.68563175
11,2021,New Jersey,52.4,48.6,-74.66075411,40.18442736
11,2021,New Mexico,51.6,48.1,-106.1083886,34.42137076
11,2021,New York,45.9,42.2,-75.50311828,42.94039011
11,2021,North Carolina,56.1,54.5,-79.37237975,35.54153412
11,2021,North Dakota,40.6,35.2,-100.4693211,47.44633852
11,2021,Ohio,50.4,46.8,-82.7900612,40.29145221
11,2021,Oklahoma,57.8,55,-97.50829271,35.58348565
11,2021,Oregon,44.8,42.9,-120.5554134,43.93664816
11,2021,Pennsylvania,48.4,45,-77.79955956,40.87383785
11,2021,Rhode Island,50.8,46.7,-71.55361205,41.67608139
11,2021,South Carolina,59.1,58.1,-80.89613969,33.90797425
11,2021,South Dakota,44.7,39.8,-100.2305075,44.4361607
11,2021,Tennessee,54.5,53.1,-86.34338037,35.84298709
11,2021,Texas,63.6,60.4,-99.35069715,31.48446438
11,2021,Utah,45.2,42.4,-111.6782164,39.32379475
11,2021,Vermont,42.9,39.2,-72.66264936,44.07519583
11,2021,Virginia,53.5,50.8,-78.81225447,37.51502389
11,2021,Washington,43.2,41.8,-120.4468664,47.38096888
11,2021,West Virginia,50.2,47.7,-80.61371197,38.64259874
11,2021,Wisconsin,43.6,39.1,-90.01169426,44.63803019
11,2021,Wyoming,40.2,35.8,-107.5514541,42.99964203
12,2021,Alabama,54.6,50,-86.82837194,32.78983219
12,2021,Arizona,50.7,45.3,-111.6644183,34.29310987
12,2021,Arkansas,51.4,45.7,-92.43926766,34.89974533
12,2021,California,49.2,46.4,-119.610699,37.24607067
12,2021,Colorado,36.5,29.4,-105.5478247,38.99855182
12,2021,Connecticut,39,34.7,-72.72570604,41.62028634
12,2021,Delaware,44.6,40.9,-75.40040409,38.88701645
12,2021,Florida,64.9,61.5,-81.79746387,28.62843926
12,2021,Georgia,54.6,50.7,-83.44634183,32.64922907
12,2021,Idaho,31.6,27.8,-114.6593823,44.08908951
12,2021,Illinois,40.5,35.1,-89.19839676,40.06504091
12,2021,Indiana,40.2,35.6,-86.27563973,39.90814123
12,2021,Iowa,35.6,29.3,-93.50006496,42.07462688
12,2021,Kansas,43.9,36.8,-98.38021317,38.48470815
12,2021,Kentucky,45.5,40.8,-85.29045609,37.52666746
12,2021,Louisiana,59.6,54.2,-92.58566202,31.05840696
12,2021,Maine,29.8,25.4,-69.22664746,45.37143349
12,2021,Maryland,44,40,-76.77245461,39.0369223
12,2021,Massachusetts,38.4,33.7,-71.79863942,42.2533024
12,2021,Michigan,33.2,28.9,-85.43716696,44.35068131
12,2021,Minnesota,25.2,20.5,-94.30901265,46.31633293
12,2021,Mississippi,55.9,50.3,-89.66521368,32.75086663
12,2021,Missouri,45.2,38.3,-92.47741016,38.36761316
12,2021,Montana,27.8,25.1,-109.6451486,47.03353642
12,2021,Nebraska,38.2,30.6,-99.81080907,41.52714896
12,2021,Nevada,38.8,35,-116.6552255,39.35623735
12,2021,New Hampshire,32.4,27.9,-71.57759415,43.68563175
12,2021,New Jersey,42.5,38.1,-74.66075411,40.18442736
12,2021,New Mexico,44.8,38.2,-106.1083886,34.42137076
12,2021,New York,34.8,30.4,-75.50311828,42.94039011
12,2021,North Carolina,49.4,45.4,-79.37237975,35.54153412
12,2021,North Dakota,23.4,19.6,-100.4693211,47.44633852
12,2021,Ohio,40.4,35.6,-82.7900612,40.29145221
12,2021,Oklahoma,50.8,43.7,-97.50829271,35.58348565
12,2021,Oregon,37.2,34.8,-120.5554134,43.93664816
12,2021,Pennsylvania,38.4,34.2,-77.79955956,40.87383785
12,2021,Rhode Island,40.8,36.2,-71.55361205,41.67608139
12,2021,South Carolina,53.1,49.4,-80.89613969,33.90797425
12,2021,South Dakota,31.4,25.7,-100.2305075,44.4361607
12,2021,Tennessee,48,43.3,-86.34338037,35.84298709
12,2021,Texas,58.2,50.8,-99.35069715,31.48446438
12,2021,Utah,36.8,31.5,-111.6782164,39.32379475
12,2021,Vermont,31.2,26.8,-72.66264936,44.07519583
12,2021,Virginia,45.2,41.1,-78.81225447,37.51502389
12,2021,Washington,34.7,33.6,-120.4468664,47.38096888
12,2021,West Virginia,41.8,37.6,-80.61371197,38.64259874
12,2021,Wisconsin,29.3,24.9,-90.01169426,44.63803019
12,2021,Wyoming,31.3,24.8,-107.5514541,42.99964203
1,2022,Alabama,50.4,45.8,-86.82837194,32.78983219
1,2022,Arizona,44.6,41,-111.6644183,34.29310987
1,2022,Arkansas,46,40.5,-92.43926766,34.89974533
1,2022,California,45,42.6,-119.610699,37.24607067
1,2022,Colorado,29.4,24.4,-105.5478247,38.99855182
1,2022,Connecticut,30.6,27.3,-72.72570604,41.62028634
1,2022,Delaware,37.8,34.8,-75.40040409,38.88701645
1,2022,Florida,62,58.2,-81.79746387,28.62843926
1,2022,Georgia,51.2,46.7,-83.44634183,32.64922907
1,2022,Idaho,25.2,23,-114.6593823,44.08908951
1,2022,Illinois,31.2,27.5,-89.19839676,40.06504091
1,2022,Indiana,32.4,28.4,-86.27563973,39.90814123
1,2022,Iowa,23.4,20.3,-93.50006496,42.07462688
1,2022,Kansas,35.4,30.1,-98.38021317,38.48470815
1,2022,Kentucky,39.4,34.9,-85.29045609,37.52666746
1,2022,Louisiana,55.4,50.1,-92.58566202,31.05840696
1,2022,Maine,17.6,16,-69.22664746,45.37143349
1,2022,Maryland,37.3,33.9,-76.77245461,39.0369223
1,2022,Massachusetts,29.7,26.1,-71.79863942,42.2533024
1,2022,Michigan,22.8,20.8,-85.43716696,44.35068131
1,2022,Minnesota,10.9,9.7,-94.30901265,46.31633293
1,2022,Mississippi,51.7,46,-89.66521368,32.75086663
1,2022,Missouri,36.6,31.3,-92.47741016,38.36761316
1,2022,Montana,21.1,18.7,-109.6451486,47.03353642
1,2022,Nebraska,29.7,23.7,-99.81080907,41.52714896
1,2022,Nevada,33.3,30.5,-116.6552255,39.35623735
1,2022,New Hampshire,21.9,19.4,-71.57759415,43.68563175
1,2022,New Jersey,35,31.4,-74.66075411,40.18442736
1,2022,New Mexico,38.8,34,-106.1083886,34.42137076
1,2022,New York,24.2,22.2,-75.50311828,42.94039011
1,2022,North Carolina,44.6,40.7,-79.37237975,35.54153412
1,2022,North Dakota,11.4,9.6,-100.4693211,47.44633852
1,2022,Ohio,32.1,28.7,-82.7900612,40.29145221
1,2022,Oklahoma,43.7,37.8,-97.50829271,35.58348565
1,2022,Oregon,33.6,31,-120.5554134,43.93664816
1,2022,Pennsylvania,30,27.1,-77.79955956,40.87383785
1,2022,Rhode Island,32.9,29.1,-71.55361205,41.67608139
1,2022,South Carolina,49.2,45.2,-80.89613969,33.90797425
1,2022,South Dakota,21.8,17.4,-100.2305075,44.4361607
1,2022,Tennessee,43,38.3,-86.34338037,35.84298709
1,2022,Texas,52.4,46.2,-99.35069715,31.48446438
1,2022,Utah,30.2,26.2,-111.6782164,39.32379475
1,2022,Vermont,19.9,17.7,-72.66264936,44.07519583
1,2022,Virginia,39.4,35.8,-78.81225447,37.51502389
1,2022,Washington,30.4,29.6,-120.4468664,47.38096888
1,2022,West Virginia,35,31.9,-80.61371197,38.64259874
1,2022,Wisconsin,17,15.3,-90.01169426,44.63803019
1,2022,Wyoming,24.5,19.5,-107.5514541,42.99964203
2,2022,Alabama,47.1,46.6,-86.82837194,32.78983219
2,2022,Arizona,44,42.7,-111.6644183,34.29310987
2,2022,Arkansas,40.4,41.2,-92.43926766,34.89974533
2,2022,California,47.4,43.8,-119.610699,37.24607067
2,2022,Colorado,25.8,25.6,-105.5478247,38.99855182
2,2022,Connecticut,27.4,25.9,-72.72570604,41.62028634
2,2022,Delaware,35.2,33.8,-75.40040409,38.88701645
2,2022,Florida,60.3,58.6,-81.79746387,28.62843926
2,2022,Georgia,49.2,47.3,-83.44634183,32.64922907
2,2022,Idaho,24.2,24.3,-114.6593823,44.08908951
2,2022,Illinois,25,27.2,-89.19839676,40.06504091
2,2022,Indiana,27.1,28,-86.27563973,39.90814123
2,2022,Iowa,18,20.2,-93.50006496,42.07462688
2,2022,Kansas,30.8,31.1,-98.38021317,38.48470815
2,2022,Kentucky,34.8,35,-85.29045609,37.52666746
2,2022,Louisiana,49.8,50.8,-92.58566202,31.05840696
2,2022,Maine,15,14.1,-69.22664746,45.37143349
2,2022,Maryland,34.6,33.1,-76.77245461,39.0369223
2,2022,Massachusetts,26.7,24.6,-71.79863942,42.2533024
2,2022,Michigan,17.4,18.6,-85.43716696,44.35068131
2,2022,Minnesota,5,9.2,-94.30901265,46.31633293
2,2022,Mississippi,46.8,46.7,-89.66521368,32.75086663
2,2022,Missouri,30.4,31.5,-92.47741016,38.36761316
2,2022,Montana,22.6,19,-109.6451486,47.03353642
2,2022,Nebraska,26.2,24.4,-99.81080907,41.52714896
2,2022,Nevada,34.4,32,-116.6552255,39.35623735
2,2022,New Hampshire,19.2,17.9,-71.57759415,43.68563175
2,2022,New Jersey,32.2,30.1,-74.66075411,40.18442736
2,2022,New Mexico,35.4,35.8,-106.1083886,34.42137076
2,2022,New York,19.8,20.3,-75.50311828,42.94039011
2,2022,North Carolina,42.3,41,-79.37237975,35.54153412
2,2022,North Dakota,9,9.1,-100.4693211,47.44633852
2,2022,Ohio,27.4,28,-82.7900612,40.29145221
2,2022,Oklahoma,37.8,38.9,-97.50829271,35.58348565
2,2022,Oregon,35.3,32.2,-120.5554134,43.93664816
2,2022,Pennsylvania,26.2,26,-77.79955956,40.87383785
2,2022,Rhode Island,29.8,27.5,-71.55361205,41.67608139
2,2022,South Carolina,47.8,45.8,-80.89613969,33.90797425
2,2022,South Dakota,19.5,17.5,-100.2305075,44.4361607
2,2022,Tennessee,38.6,38.6,-86.34338037,35.84298709
2,2022,Texas,45.7,47.4,-99.35069715,31.48446438
2,2022,Utah,29.4,27.9,-111.6782164,39.32379475
2,2022,Vermont,16.2,15.8,-72.66264936,44.07519583
2,2022,Virginia,36.8,35.7,-78.81225447,37.51502389
2,2022,Washington,32.4,30.7,-120.4468664,47.38096888
2,2022,West Virginia,31.4,31.7,-80.61371197,38.64259874
2,2022,Wisconsin,12,14.4,-90.01169426,44.63803019
2,2022,Wyoming,21.8,20.3,-107.5514541,42.99964203
3,2022,Alabama,53.9,51.6,-86.82837194,32.78983219
3,2022,Arizona,48,47.1,-111.6644183,34.29310987
3,2022,Arkansas,47,47.1,-92.43926766,34.89974533
3,2022,California,50.7,47.1,-119.610699,37.24607067
3,2022,Colorado,30,30.6,-105.5478247,38.99855182
3,2022,Connecticut,34.7,30.9,-72.72570604,41.62028634
3,2022,Delaware,42.8,38.5,-75.40040409,38.88701645
3,2022,Florida,65.8,61.8,-81.79746387,28.62843926
3,2022,Georgia,55.8,52,-83.44634183,32.64922907
3,2022,Idaho,30.4,29.6,-114.6593823,44.08908951
3,2022,Illinois,35.4,34.5,-89.19839676,40.06504091
3,2022,Indiana,36.8,34.5,-86.27563973,39.90814123
3,2022,Iowa,29.2,28.7,-93.50006496,42.07462688
3,2022,Kansas,37.9,38,-98.38021317,38.48470815
3,2022,Kentucky,43.8,41,-85.29045609,37.52666746
3,2022,Louisiana,55.2,55.7,-92.58566202,31.05840696
3,2022,Maine,24.1,20.4,-69.22664746,45.37143349
3,2022,Maryland,42.4,38.1,-76.77245461,39.0369223
3,2022,Massachusetts,34,29.7,-71.79863942,42.2533024
3,2022,Michigan,25.2,24,-85.43716696,44.35068131
3,2022,Minnesota,16.3,18.7,-94.30901265,46.31633293
3,2022,Mississippi,53.3,52,-89.66521368,32.75086663
3,2022,Missouri,39.3,38.7,-92.47741016,38.36761316
3,2022,Montana,28,25.4,-109.6451486,47.03353642
3,2022,Nebraska,32.4,31.3,-99.81080907,41.52714896
3,2022,Nevada,39,36.8,-116.6552255,39.35623735
3,2022,New Hampshire,27.8,23.7,-71.57759415,43.68563175
3,2022,New Jersey,39.8,34.9,-74.66075411,40.18442736
3,2022,New Mexico,39.8,40.7,-106.1083886,34.42137076
3,2022,New York,28.8,25.7,-75.50311828,42.94039011
3,2022,North Carolina,49.7,45.6,-79.37237975,35.54153412
3,2022,North Dakota,18.2,18.4,-100.4693211,47.44633852
3,2022,Ohio,37,33.8,-82.7900612,40.29145221
3,2022,Oklahoma,44.4,45.2,-97.50829271,35.58348565
3,2022,Oregon,38.8,36.2,-120.5554134,43.93664816
3,2022,Pennsylvania,34.6,31.2,-77.79955956,40.87383785
3,2022,Rhode Island,36.6,32,-71.55361205,41.67608139
3,2022,South Carolina,54.8,50.4,-80.89613969,33.90797425
3,2022,South Dakota,26.6,25.3,-100.2305075,44.4361607
3,2022,Tennessee,46.7,44.3,-86.34338037,35.84298709
3,2022,Texas,51.4,52.9,-99.35069715,31.48446438
3,2022,Utah,34.8,33.8,-111.6782164,39.32379475
3,2022,Vermont,25.7,21.9,-72.66264936,44.07519583
3,2022,Virginia,44.8,40.6,-78.81225447,37.51502389
3,2022,Washington,37.5,35.8,-120.4468664,47.38096888
3,2022,West Virginia,40,36.9,-80.61371197,38.64259874
3,2022,Wisconsin,22.1,22.3,-90.01169426,44.63803019
3,2022,Wyoming,26.3,25.7,-107.5514541,42.99964203
4,2022,Alabama,60.1,59,-86.82837194,32.78983219
4,2022,Arizona,56.3,53.1,-111.6644183,34.29310987
4,2022,Arkansas,56,55.9,-92.43926766,34.89974533
4,2022,California,54.6,51.4,-119.610699,37.24607067
4,2022,Colorado,39.4,38.1,-105.5478247,38.99855182
4,2022,Connecticut,43.2,40.7,-72.72570604,41.62028634
4,2022,Delaware,49.8,47.3,-75.40040409,38.88701645
4,2022,Florida,70.2,66.7,-81.79746387,28.62843926
4,2022,Georgia,61,59.2,-83.44634183,32.64922907
4,2022,Idaho,36.6,36.8,-114.6593823,44.08908951
4,2022,Illinois,46.3,45.7,-89.19839676,40.06504091
4,2022,Indiana,46.6,45.1,-86.27563973,39.90814123
4,2022,Iowa,40.4,41.4,-93.50006496,42.07462688
4,2022,Kansas,49,47.9,-98.38021317,38.48470815
4,2022,Kentucky,51.8,50.3,-85.29045609,37.52666746
4,2022,Louisiana,63.4,62.7,-92.58566202,31.05840696
4,2022,Maine,34.8,32.1,-69.22664746,45.37143349
4,2022,Maryland,49.8,47.4,-76.77245461,39.0369223
4,2022,Massachusetts,42.5,39.4,-71.79863942,42.2533024
4,2022,Michigan,35.6,35.4,-85.43716696,44.35068131
4,2022,Minnesota,30.9,33.3,-94.30901265,46.31633293
4,2022,Mississippi,60.8,59.5,-89.66521368,32.75086663
4,2022,Missouri,49.6,49.1,-92.47741016,38.36761316
4,2022,Montana,34.3,35,-109.6451486,47.03353642
4,2022,Nebraska,42.2,41.7,-99.81080907,41.52714896
4,2022,Nevada,45.3,43.1,-116.6552255,39.35623735
4,2022,New Hampshire,37.3,34.8,-71.57759415,43.68563175
4,2022,New Jersey,47.5,44.3,-74.66075411,40.18442736
4,2022,New Mexico,49.9,47.4,-106.1083886,34.42137076
4,2022,New York,38.8,36.7,-75.50311828,42.94039011
4,2022,North Carolina,56.1,53.6,-79.37237975,35.54153412
4,2022,North Dakota,30.2,33,-100.4693211,47.44633852
4,2022,Ohio,46,43.9,-82.7900612,40.29145221
4,2022,Oklahoma,55.7,54.4,-97.50829271,35.58348565
4,2022,Oregon,41,41.1,-120.5554134,43.93664816
4,2022,Pennsylvania,43.2,41.4,-77.79955956,40.87383785
4,2022,Rhode Island,44.6,40.9,-71.55361205,41.67608139
4,2022,South Carolina,60,57.8,-80.89613969,33.90797425
4,2022,South Dakota,36.4,37.7,-100.2305075,44.4361607
4,2022,Tennessee,54.2,53.1,-86.34338037,35.84298709
4,2022,Texas,62.8,60.5,-99.35069715,31.48446438
4,2022,Utah,43.2,41.4,-111.6782164,39.32379475
4,2022,Vermont,35.9,33.5,-72.66264936,44.07519583
4,2022,Virginia,52.1,49.3,-78.81225447,37.51502389
4,2022,Washington,41,41.8,-120.4468664,47.38096888
4,2022,West Virginia,47.7,46,-80.61371197,38.64259874
4,2022,Wisconsin,34.2,35.5,-90.01169426,44.63803019
4,2022,Wyoming,34,34,-107.5514541,42.99964203
5,2022,Alabama,68,66.7,-86.82837194,32.78983219
5,2022,Arizona,64.8,60.9,-111.6644183,34.29310987
5,2022,Arkansas,65.4,64.6,-92.43926766,34.89974533
5,2022,California,59.1,57.4,-119.610699,37.24607067
5,2022,Colorado,48.5,47.2,-105.5478247,38.99855182
5,2022,Connecticut,54.1,51.4,-72.72570604,41.62028634
5,2022,Delaware,58.7,57.1,-75.40040409,38.88701645
5,2022,Florida,74.7,72.2,-81.79746387,28.62843926
5,2022,Georgia,68.1,67,-83.44634183,32.64922907
5,2022,Idaho,41.6,45.2,-114.6593823,44.08908951
5,2022,Illinois,57.4,56.8,-89.19839676,40.06504091
5,2022,Indiana,57.1,56,-86.27563973,39.90814123
5,2022,Iowa,52.6,54,-93.50006496,42.07462688
5,2022,Kansas,59.4,58.5,-98.38021317,38.48470815
5,2022,Kentucky,61,59.8,-85.29045609,37.52666746
5,2022,Louisiana,72.4,69.9,-92.58566202,31.05840696
5,2022,Maine,47.6,44.5,-69.22664746,45.37143349
5,2022,Maryland,58.7,57.2,-76.77245461,39.0369223
5,2022,Massachusetts,53.4,50.2,-71.79863942,42.2533024
5,2022,Michigan,48.9,47.7,-85.43716696,44.35068131
5,2022,Minnesota,45.6,47.8,-94.30901265,46.31633293
5,2022,Mississippi,69.7,67.4,-89.66521368,32.75086663
5,2022,Missouri,59.4,59.3,-92.47741016,38.36761316
5,2022,Montana,41.8,45.5,-109.6451486,47.03353642
5,2022,Nebraska,52.6,53,-99.81080907,41.52714896
5,2022,Nevada,50.8,50.7,-116.6552255,39.35623735
5,2022,New Hampshire,49.9,46.7,-71.57759415,43.68563175
5,2022,New Jersey,57.2,54.6,-74.66075411,40.18442736
5,2022,New Mexico,60.1,55.8,-106.1083886,34.42137076
5,2022,New York,51.2,48.7,-75.50311828,42.94039011
5,2022,North Carolina,63.8,62.1,-79.37237975,35.54153412
5,2022,North Dakota,43.2,47.4,-100.4693211,47.44633852
5,2022,Ohio,56.2,54.6,-82.7900612,40.29145221
5,2022,Oklahoma,65.8,63.7,-97.50829271,35.58348565
5,2022,Oregon,44,47.3,-120.5554134,43.93664816
5,2022,Pennsylvania,53.8,52.3,-77.79955956,40.87383785
5,2022,Rhode Island,54.4,50.9,-71.55361205,41.67608139
5,2022,South Carolina,67.6,66.1,-80.89613969,33.90797425
5,2022,South Dakota,47.4,50.3,-100.2305075,44.4361607
5,2022,Tennessee,62.8,61.8,-86.34338037,35.84298709
5,2022,Texas,73.4,68.7,-99.35069715,31.48446438
5,2022,Utah,50.5,50.1,-111.6782164,39.32379475
5,2022,Vermont,49,46,-72.66264936,44.07519583
5,2022,Virginia,60.2,58.6,-78.81225447,37.51502389
5,2022,Washington,44.6,48.5,-120.4468664,47.38096888
5,2022,West Virginia,56.9,55.7,-80.61371197,38.64259874
5,2022,Wisconsin,48,48.6,-90.01169426,44.63803019
5,2022,Wyoming,41.4,43.6,-107.5514541,42.99964203
6,2022,Alabama,76.8,74.1,-86.82837194,32.78983219
6,2022,Arizona,73.6,69.7,-111.6644183,34.29310987
6,2022,Arkansas,74.5,72.6,-92.43926766,34.89974533
6,2022,California,67.2,64.5,-119.610699,37.24607067
6,2022,Colorado,58.8,56.5,-105.5478247,38.99855182
6,2022,Connecticut,63.4,61.1,-72.72570604,41.62028634
6,2022,Delaware,68.3,66.4,-75.40040409,38.88701645
6,2022,Florida,79.8,77.3,-81.79746387,28.62843926
6,2022,Georgia,76.6,74.2,-83.44634183,32.64922907
6,2022,Idaho,51.6,53,-114.6593823,44.08908951
6,2022,Illinois,69.4,66.8,-89.19839676,40.06504091
6,2022,Indiana,68.5,65.9,-86.27563973,39.90814123
6,2022,Iowa,66.4,64.4,-93.50006496,42.07462688
6,2022,Kansas,70.2,68.4,-98.38021317,38.48470815
6,2022,Kentucky,70.8,68.4,-85.29045609,37.52666746
6,2022,Louisiana,79.9,76.5,-92.58566202,31.05840696
6,2022,Maine,57.4,55.2,-69.22664746,45.37143349
6,2022,Maryland,68.2,66.4,-76.77245461,39.0369223
6,2022,Massachusetts,62.6,60,-71.79863942,42.2533024
6,2022,Michigan,61.3,58.4,-85.43716696,44.35068131
6,2022,Minnesota,60.8,59,-94.30901265,46.31633293
6,2022,Mississippi,78.3,74.8,-89.66521368,32.75086663
6,2022,Missouri,70.6,68.7,-92.47741016,38.36761316
6,2022,Montana,53.5,54.3,-109.6451486,47.03353642
6,2022,Nebraska,65,63.3,-99.81080907,41.52714896
6,2022,Nevada,60.6,59.4,-116.6552255,39.35623735
6,2022,New Hampshire,59.6,57.1,-71.57759415,43.68563175
6,2022,New Jersey,66.6,64.1,-74.66075411,40.18442736
6,2022,New Mexico,68.6,64.6,-106.1083886,34.42137076
6,2022,New York,61.1,59,-75.50311828,42.94039011
6,2022,North Carolina,71.9,69.9,-79.37237975,35.54153412
6,2022,North Dakota,58.8,58.4,-100.4693211,47.44633852
6,2022,Ohio,67.2,64.5,-82.7900612,40.29145221
6,2022,Oklahoma,75,72.5,-97.50829271,35.58348565
6,2022,Oregon,52.9,53.8,-120.5554134,43.93664816
6,2022,Pennsylvania,63.8,61.8,-77.79955956,40.87383785
6,2022,Rhode Island,63.2,60.4,-71.55361205,41.67608139
6,2022,South Carolina,75.8,73.7,-80.89613969,33.90797425
6,2022,South Dakota,61.5,60.9,-100.2305075,44.4361607
6,2022,Tennessee,72.4,70,-86.34338037,35.84298709
6,2022,Texas,80.8,76,-99.35069715,31.48446438
6,2022,Utah,61.2,59.3,-111.6782164,39.32379475
6,2022,Vermont,59,56.6,-72.66264936,44.07519583
6,2022,Virginia,68.6,67,-78.81225447,37.51502389
6,2022,Washington,53.2,54.8,-120.4468664,47.38096888
6,2022,West Virginia,65.8,64.2,-80.61371197,38.64259874
6,2022,Wisconsin,61.3,59.4,-90.01169426,44.63803019
6,2022,Wyoming,52.8,53,-107.5514541,42.99964203
7,2022,Alabama,80.8,78.7,-86.82837194,32.78983219
7,2022,Arizona,80.3,77.1,-111.6644183,34.29310987
7,2022,Arkansas,81,78.4,-92.43926766,34.89974533
7,2022,California,74.8,71.4,-119.610699,37.24607067
7,2022,Colorado,67.3,64.2,-105.5478247,38.99855182
7,2022,Connecticut,70.2,68,-72.72570604,41.62028634
7,2022,Delaware,75.3,73.1,-75.40040409,38.88701645
7,2022,Florida,82.4,80.2,-81.79746387,28.62843926
7,2022,Georgia,80.6,78.6,-83.44634183,32.64922907
7,2022,Idaho,63.2,60.8,-114.6593823,44.08908951
7,2022,Illinois,74.6,73.4,-89.19839676,40.06504091
7,2022,Indiana,73.8,72.5,-86.27563973,39.90814123
7,2022,Iowa,72.9,71.5,-93.50006496,42.07462688
7,2022,Kansas,78.4,76.1,-98.38021317,38.48470815
7,2022,Kentucky,76.2,74.4,-85.29045609,37.52666746
7,2022,Louisiana,83.4,80.8,-92.58566202,31.05840696
7,2022,Maine,64,62.6,-69.22664746,45.37143349
7,2022,Maryland,74.8,72.8,-76.77245461,39.0369223
7,2022,Massachusetts,69.4,67,-71.79863942,42.2533024
7,2022,Michigan,67.1,65.7,-85.43716696,44.35068131
7,2022,Minnesota,68,66.3,-94.30901265,46.31633293
7,2022,Mississippi,82.2,79.6,-89.66521368,32.75086663
7,2022,Missouri,77.4,75.3,-92.47741016,38.36761316
7,2022,Montana,63.8,62,-109.6451486,47.03353642
7,2022,Nebraska,73.9,71.4,-99.81080907,41.52714896
7,2022,Nevada,71.6,68.1,-116.6552255,39.35623735
7,2022,New Hampshire,65.4,64.1,-71.57759415,43.68563175
7,2022,New Jersey,73.9,71,-74.66075411,40.18442736
7,2022,New Mexico,74.4,71,-106.1083886,34.42137076
7,2022,New York,66.7,65.8,-75.50311828,42.94039011
7,2022,North Carolina,77,75.2,-79.37237975,35.54153412
7,2022,North Dakota,67.6,66,-100.4693211,47.44633852
7,2022,Ohio,72.3,70.9,-82.7900612,40.29145221
7,2022,Oklahoma,82.9,79.3,-97.50829271,35.58348565
7,2022,Oregon,63.8,60.9,-120.5554134,43.93664816
7,2022,Pennsylvania,69.7,68.2,-77.79955956,40.87383785
7,2022,Rhode Island,70.2,67.5,-71.55361205,41.67608139
7,2022,South Carolina,80,78.4,-80.89613969,33.90797425
7,2022,South Dakota,71.1,69.1,-100.2305075,44.4361607
7,2022,Tennessee,77.9,75.4,-86.34338037,35.84298709
7,2022,Texas,85.4,80.9,-99.35069715,31.48446438
7,2022,Utah,71.6,67.8,-111.6782164,39.32379475
7,2022,Vermont,64.4,63.5,-72.66264936,44.07519583
7,2022,Virginia,74.5,72.8,-78.81225447,37.51502389
7,2022,Washington,63,60.9,-120.4468664,47.38096888
7,2022,West Virginia,70.8,69.9,-80.61371197,38.64259874
7,2022,Wisconsin,67.4,66.5,-90.01169426,44.63803019
7,2022,Wyoming,63.9,61.4,-107.5514541,42.99964203
8,2022,Alabama,80.3,79.6,-86.82837194,32.78983219
8,2022,Arizona,80.4,78.8,-111.6644183,34.29310987
8,2022,Arkansas,81.6,79.8,-92.43926766,34.89974533
8,2022,California,77.9,74.2,-119.610699,37.24607067
8,2022,Colorado,68.9,66.1,-105.5478247,38.99855182
8,2022,Connecticut,74.4,69.6,-72.72570604,41.62028634
8,2022,Delaware,78.4,74.6,-75.40040409,38.88701645
8,2022,Florida,82.9,81,-81.79746387,28.62843926
8,2022,Georgia,80.2,79.3,-83.44634183,32.64922907
8,2022,Idaho,69.4,64.4,-114.6593823,44.08908951
8,2022,Illinois,74.8,74.5,-89.19839676,40.06504091
8,2022,Indiana,74.2,73.5,-86.27563973,39.90814123
8,2022,Iowa,73.1,72.6,-93.50006496,42.07462688
8,2022,Kansas,80,78,-98.38021317,38.48470815
8,2022,Kentucky,76.9,75.6,-85.29045609,37.52666746
8,2022,Louisiana,82.9,81.7,-92.58566202,31.05840696
8,2022,Maine,67.6,64.2,-69.22664746,45.37143349
8,2022,Maryland,77.2,74.1,-76.77245461,39.0369223
8,2022,Massachusetts,73.8,68.7,-71.79863942,42.2533024
8,2022,Michigan,68.8,67,-85.43716696,44.35068131
8,2022,Minnesota,68.6,67.5,-94.30901265,46.31633293
8,2022,Mississippi,81.6,80.5,-89.66521368,32.75086663
8,2022,Missouri,78,76.8,-92.47741016,38.36761316
8,2022,Montana,69.4,64.8,-109.6451486,47.03353642
8,2022,Nebraska,75.6,73.4,-99.81080907,41.52714896
8,2022,Nevada,75,71.1,-116.6552255,39.35623735
8,2022,New Hampshire,69.4,65.3,-71.57759415,43.68563175
8,2022,New Jersey,77.6,72.5,-74.66075411,40.18442736
8,2022,New Mexico,74,71.8,-106.1083886,34.42137076
8,2022,New York,69.9,67.1,-75.50311828,42.94039011
8,2022,North Carolina,77.8,76.3,-79.37237975,35.54153412
8,2022,North Dakota,70,67.9,-100.4693211,47.44633852
8,2022,Ohio,73.2,72,-82.7900612,40.29145221
8,2022,Oklahoma,84.4,81.3,-97.50829271,35.58348565
8,2022,Oregon,70,64.3,-120.5554134,43.93664816
8,2022,Pennsylvania,71.9,69.4,-77.79955956,40.87383785
8,2022,Rhode Island,74.8,69.5,-71.55361205,41.67608139
8,2022,South Carolina,80.2,79.2,-80.89613969,33.90797425
8,2022,South Dakota,73.9,71.5,-100.2305075,44.4361607
8,2022,Tennessee,78.2,76.5,-86.34338037,35.84298709
8,2022,Texas,85.3,82.1,-99.35069715,31.48446438
8,2022,Utah,73.8,70.5,-111.6782164,39.32379475
8,2022,Vermont,68,64.7,-72.66264936,44.07519583
8,2022,Virginia,75.9,74,-78.81225447,37.51502389
8,2022,Washington,68.9,63.8,-120.4468664,47.38096888
8,2022,West Virginia,72.4,71.1,-80.61371197,38.64259874
8,2022,Wisconsin,68.3,67.7,-90.01169426,44.63803019
8,2022,Wyoming,68.1,64.3,-107.5514541,42.99964203
